{"fixture_version":1,"H":21,"r":5,"cases":[{"kind":"trend","closes":[100.0,99.875872,99.344646,98.568777,97.728097,96.974584,96.341767,95.426501,95.5919,95.70178,95.981803,96.735234,97.419559,98.105095,98.903812,99.093291,99.991305,100.09577,99.977676,99.941773,101.001991,101.585821,102.265242,103.463371,103.739531,104.252088,104.855323,105.388299,105.635934,105.480111,104.599105,104.614696,104.191705,104.183318,103.863534,103.340772,103.273901,103.503628,103.26477,104.100225,104.891893,105.655921,106.071534,106.508699,106.642493,107.704217,109.205482,110.489677,111.969781,112.946312,113.72991,114.154158,114.045703,113.939864,113.466703,113.895871,113.904028,113.657404,114.371518,115.020922,115.629509,115.652758,115.95682,116.055757,116.743607,118.500295,120.048232,121.675059,122.05152,121.979118,121.551215,120.840637,120.404004,120.194728,119.84181,119.297362,119.316153,119.200577,119.401305,119.866442,119.67465,119.176259,119.009181,118.978444,119.110762,119.395251,119.712685,120.10879,118.881721,118.530989,118.035428,117.078021,117.135721,116.725655,116.642746,116.330909,116.923718,116.939775,116.635892,116.6177,116.055762,115.568756,114.865902,114.285413,113.616415,113.325744,112.926423,112.859412,112.843556,113.749059,114.75197,115.562881,116.053478,116.81565,117.320241,117.67094,117.505494,116.738889,115.579175,113.896579,113.306551,113.307295,113.434292,113.824819,115.366748,115.896661,115.737112,114.846033,114.479615,113.841726,114.133534,114.597662,115.148785,115.395052,115.162429,115.292636,115.244543,115.80471,114.770945,113.448841,112.186767,111.70334,111.411631,110.893638,110.956991,110.580088,110.67918,111.007968,110.877825,111.064636,111.621357,112.218336,112.883343,114.042579,115.170967,115.049319,114.501393,114.574523,115.025026,114.54609,113.904315,113.320022,113.455634,113.694965,113.401049,112.971158,112.195958,112.35702,112.511322,112.472443,112.07576,111.542994,112.263879,112.072285,111.066249,110.277185,109.629227,108.900606,108.849789,109.284686,109.716297],"vols":[1436882.83,2275425.13,4345259.09,5359271.08,3443504.05,3820909.38,5516110.4,1563763.21,991265.45,1627256.46,3723636.45,2940840.58,4041648.11,5343333.75,1605620.44,6775672.6,1513245.48,1511153.27,841853.69,5344958.37,2965344.53,3407338.74,9660426.0,2232388.11,2743775.52,2724797.75,2517278.77,1652490.09,1333742.47,4397505.5,978390.89,1713418.04,838962.44,1968527.33,1577513.77,1321475.76,1605676.61,1830638.76,3377611.34,3285259.72,3606677.87,1894385.65,1887733.05,1258912.4,6354581.9,11149071.56,10135878.79,11564078.18,4542482.29,3884507.42,2025605.36,1706290.83,1298992.41,3052924.87,1860286.45,1222746.52,1258803.35,2894184.14,2584100.31,2287794.75,1020585.52,1385152.63,1462124.09,3789637.99,18606637.56,13359052.88,13251385.99,1996657.06,1197269.85,1535192.98,2280926.16,1983098.46,1055266.28,2368628.73,1999853.41,1013608.37,1357620.65,1263902.67,2302123.78,1801094.94,2419341.22,932003.72,1044395.67,1015566.2,1878419.13,2204530.99,2090369.06,6222764.92,2058776.12,1683758.26,4407059.59,942672.19,2743895.66,1077304.28,1222959.62,3768786.33,1075318.57,2119450.37,1183854.31,2607750.06,2130728.45,3659972.41,2422515.89,2281279.26,1894638.88,1918913.66,1018120.56,845059.71,4255331.1,6488892.4,3695660.94,1290965.77,3273636.85,2556110.21,2311760.36,874782.39,3212232.63,5191646.5,17018470.44,2419247.18,1067856.61,1424213.72,1715452.66,12630817.25,2795134.99,1773910.37,2545359.54,1891842.95,2613556.57,1732160.63,2071541.17,3554868.92,2025274.83,1835188.34,1232518.51,1328186.21,2290863.35,4864646.09,9341633.98,6213069.84,1585987.6,1926904.23,2028765.82,724262.06,1232149.02,1218962.17,1310600.24,1240665.69,1513248.31,2751880.66,2616099.85,2602314.86,6584426.27,9033226.59,1241163.92,2516286.96,1107214.91,1844949.93,2057838.65,2368387.55,2124953.69,1221467.14,1027247.52,1564618.39,2023536.52,3973941.97,1459811.14,1276258.24,902283.51,1628502.16,2494876.57,3532479.37,1308642.62,4213077.88,3527941.96,2905697.87,3079870.71,913781.3,2601920.73,2103708.83,2103708.83],"proj":{"sigmaH":0.046662,"driftH":-0.023331,"dir":-1,"pathPct":69.1,"pathDir":"down","vr":3.652,"z":7.0,"halfLife":54.2,"peakPrice":104.3207,"peakPct":-4.92,"peakLogExc":0.050428,"timeToPeakD":21.0,"topVolume":2486640,"topVolMult":1.2,"volElastOK":true,"smart":true,"note":"Peak/top shown because persistence is significant (VR z=7.0)."},"vrMulti":{"mv":9.68,"pJoint":0.0,"m":4,"qStar":5,"vrStar":2.892,"zStar":9.68,"per":[{"q":2,"vr":1.681,"z":6.94},{"q":5,"vr":2.892,"z":9.68},{"q":10,"vr":3.246,"z":8.26},{"q":21,"vr":3.652,"z":7.0}]}},{"kind":"mr","closes":[100.0,99.628078,98.486181,97.798657,97.079545,96.752487,96.396725,94.995567,98.002482,96.218775,97.938804,98.682729,98.93304,99.610882,100.371452,99.033738,102.220301,98.990349,100.370269,99.64434,103.365007,100.944177,103.379833,104.276845,102.400997,104.561565,104.134738,104.895519,104.220839,103.723695,101.706821,104.524403,101.555152,104.057578,101.622137,102.091256,102.539112,103.074192,101.635764,105.44188,103.993184,105.716588,104.544635,105.802582,104.664635,108.278848,108.639629,109.529764,111.07188,110.375376,111.360476,110.627247,110.010566,110.261623,108.92672,111.809859,109.349001,110.086473,112.159834,111.546496,112.547061,110.954229,112.751359,111.427829,114.052046,116.379598,116.37139,118.374069,115.428435,116.329814,114.696301,114.378032,114.533837,114.588833,113.905829,113.362629,114.67804,113.524154,114.99348,115.099272,113.686068,113.433413,113.960738,113.843138,114.347319,114.634081,114.882948,115.32374,110.907112,114.633865,111.571159,111.499436,113.357118,110.965721,112.865323,110.969882,114.375645,111.342743,112.245111,112.174713,110.633612,111.119171,109.644588,110.061658,108.882521,109.904858,108.638844,109.898115,109.211439,112.31154,111.768588,112.692484,112.141011,113.830782,112.943476,113.610817,112.129041,111.09924,109.704417,107.699654,110.082238,109.669089,110.28549,110.830685,114.345586,111.054447,111.626854,109.002392,111.04885,108.613869,112.038163,110.806136,112.337158,111.168219,110.766166,111.789487,110.809683,113.113745,107.815061,108.916835,106.887712,108.879689,107.672398,107.394565,108.653243,106.690752,108.818629,108.323286,107.662268,108.835061,109.431957,109.839825,110.48894,112.324904,112.466388,110.057865,110.12055,111.245835,111.750188,109.286278,109.727799,108.882387,110.803034,110.104681,109.253038,109.026457,107.664085,110.306003,108.880175,109.34927,107.98477,107.941475,111.022496,107.35345,106.944859,106.638316,106.30578,105.508957,107.116073,107.516588,107.775834],