{
 "standardize_z": [
  -1.2649110640673518,
  -0.6324555320336759,
  0.0,
  0.6324555320336759,
  1.2649110640673518
 ],
 "standardize_rank": [
  -1.0,
  0.5,
  -0.5,
  0.0,
  1.0
 ],
 "nwMeanT": {
  "mean": 0.10833333333333334,
  "se": 0.029928326590544424,
  "t": 3.6197591270458886,
  "p": 0.00029487738362021787,
  "n": 12,
  "maxlags": 2
 },
 "hacSlope": {
  "slope": 1.0151515151515151,
  "se": 0.010620396180733571,
  "t": 95.58508909423722,
  "p": 0.0,
  "n": 10,
  "n_eff": 2.5,
  "r": 0.9977606300095275,
  "maxlags": 3
 },
 "backtestNet": {
  "grossSharpe": 41.154275824082376,
  "netSharpe": 40.37686449416997,
  "turnover": 1.625,
  "grossMean": 0.01275,
  "netMean": 0.011937499999999998,
  "breakevenCost_bps": 78.46153846153847,
  "n": 8
 },
 "meanCi": {
  "mean": 0.41428571428571426,
  "se": 0.05424183690425961,
  "lo": 0.3079736674123601,
  "hi": 0.5205977611590684,
  "n": 7
 },
 "diffMeanCi": {
  "diff": 1.0,
  "se": 0.09128709291752768,
  "lo": 0.8210805854840378,
  "hi": 1.178919414515962,
  "na": 4,
  "nb": 4
 },
 "icSummary": {
  "meanIC": 1.0,
  "icT": 0.0,
  "icP": 1.0,
  "hitRate": 1.0,
  "IR_periodic": 0.0,
  "breadth": 5.0,
  "IR_law": 2.23606797749979,
  "nDates": 3
 },
 "quantileLs": {
  "bucketMeans": [
   0.01,
   0.02,
   0.03,
   0.04,
   0.05000000000000001
  ],
  "monotonicity": 1.0,
  "lsMean": 0.04,
  "lsT": 0.0,
  "lsP": 1.0,
  "lsSharpe": 0.0,
  "nDates": 3,
  "q": 5
 },
 "regimeEdge": {
  "byRegime": {
   "0": {
    "ic": 1.0,
    "meanFwdLong": 0.0175,
    "n": 10
   },
   "1": {
    "ic": 1.0,
    "meanFwdLong": 0.023000000000000003,
    "n": 10
   }
  },
  "icSpread": 0.0
 },
 "lw_delta": 0.013875265633658788,
 "lw_AB": 0.9792199326199927,
 "ewma_AB": 0.9959180272964944,
 "corrPvalue": 0.0,
 "fm_l1": 1.5000000000000007,
 "fm_l2": -0.7999999999999998,
 "fm_int": 0.49999999999999845
}