{"asof":"2026-06-29","horizons":[5,10,21],"byHorizon":{"5":{"alpha":0.001697,"beta":-0.0913,"r2":0.0005,"skill":-0.066,"theilU2":1.0325,"bias":0.00102,"mae":0.027698,"n":62620,"applied":true,"wAlpha":0.001697,"wBeta":-0.0911,"shrink":1.0},"10":{"alpha":0.0025,"beta":-0.0626,"r2":0.0004,"skill":-0.1272,"theilU2":1.0617,"bias":0.001181,"mae":0.04087,"n":62620,"applied":true,"wAlpha":0.0025,"wBeta":-0.0624,"shrink":1.0},"21":{"alpha":0.005193,"beta":-0.0912,"r2":0.002,"skill":-0.2849,"theilU2":1.1335,"bias":0.002348,"mae":0.063581,"n":62620,"applied":true,"wAlpha":0.005192,"wBeta":-0.091,"shrink":1.0}},"names":155,"samples":187860,"schema":"projlearn/1"}