{"normalized": [100.0, 110.0, 120.0], "logReturns": [0.01980262729617973, -0.009852296443011594, 0.03883983331626396], "relRS": [0.0, 0.04761904761904767, 0.0975056689342404], "maxDD": -0.25, "avgDD": -0.25, "recDays": 3, "rvol": 0.29949958263743875, "dvol": 0.15874507866387544, "beta": 1.3202742286689926, "t_beta": 66.88410461414283, "AR_event": 0.02025534929029867, "CAR_-1_1": 0.02062552329901561, "carSig_t": 11.744404390294068, "ewma": [1, 1.0952380952380953, 1.2766439909297054, 1.5360112298887811, 1.865914922280326], "fund": 0.10000000000000009, "dist": 0.02, "_inputs": {"mr": [-0.0026203537290810865, 0.00044229225295951857, -0.0013004483345192075, 0.0010392003859619448, 0.0012572030410805402, -0.004344711407601869, -0.004868320084451259, 0.0033746908209645998, -0.0024064598567199234, -0.002656690389533036, 0.004956448355104628, -0.0002973649247755206, 0.0033646145127438874, -0.0002364679130066505, 0.0013906814054416195, -0.003493835759764761, 0.0013486065828518846, 0.0036804530714329674, 0.00023181210383301344, 0.0024125185620149027, 0.0017141147536959256, -0.004359685617730027, 0.0025823024628681733, 0.0009109958293131759, -0.0019873234048428767, -0.0046898824853025, 0.003655272369789456, -0.0002725091133453317, 0.002188239240658031, 0.003788128002554817, 0.0021412948361120253, 0.004210986675838745, -0.0010503659599925609, 0.003009087709852283, -0.0005537894394923937, 0.004355867217045211, 0.0037886666033804164, -0.004025456902691228, -0.0036403113979933113, -0.0028301305876686266, 0.00465480138898203, -0.0006383813337257072, 0.0012664829086680397, -0.001989738015744946, 7.242983829059525e-05, -0.0011413374115509746, -0.0014908951122981995, 0.0008507410740536348, 0.0008425179297019891, 0.004042017708477751, 0.0018198213663496666, 0.0042894560120001705, 0.0035640056639675566, 0.004909896448688151, 0.0017127354216251822, -0.0033690037802893025, 0.0036063753311626826, 0.004646329473090614, 0.004046959845122366, 0.0006910750347432349, 0.0021381702017419925, -0.002888750163244017, 0.003316079302733542, 0.0007353235235128475, -0.002150425380137948, -0.004365394228547707, 0.003539424884226802, 0.0048980601492158125, -0.0041148190689027165, 0.003005953212575019, -0.0008953817265409114, -0.0034923462554719044, -0.002061087531809378, 0.002687918872773446, 0.003727670246282013, -0.004558099388704566, 0.0011453252853180862, -0.004550597565039638, 0.0021844047744851627, -0.0016904585398099248, 0.0038090530724735807, 0.004806357568433396, 5.420373648044041e-05, 0.004985089453757765, -0.0019032994652366099, -0.004230292952945881, 0.000997628087966007, -0.004686222378246823, -0.003026151435715806, -0.0009206386438300918, 0.0011046712296734153, -0.003438010089864353, -0.004575641752787958, 0.0036777903392772237, -0.0018616948008390833, 0.0045865942640845505, 0.003966596414276016, -0.0012221076058781732, -0.00039590367154095253, 0.00020072984592563902, 0.001438887183877269, 0.0009565023840197052, 0.000592610620153905, 0.0012012613544526197, 0.004406212554239632, 7.026815945659792e-05, -0.0006880844656906726, 0.0022031125214413837, -0.0026236438053521592, -0.001989131388258506, 0.004777973164486353, 0.00021127293281205994, 0.0004843046768686221, -0.004885425136357809, -0.0008478965619611801, 0.0007996521379706556, -0.004799471096954007, 0.0011579794130625676, 0.001321805352961154, -0.00439919489372277], "sr": [-0.0031517776297835002, 0.0005074807882407897, -0.0013320200387987526, 0.001056114467832623, 0.0020482644521365003, -0.005172056251378361, -0.007284451171805017, 0.0035082516745455748, -0.002776357194761147, -0.0025270863456204324, 0.005945627418002956, -0.00047395014293541833, 0.0045593426179000324, -0.0006673575154126326, 0.001535796005754019, -0.004916645165300368, 0.001491496508261358, 0.004975832004577931, -9.783631828590389e-05, 0.002890594813277207, 0.002772896004692945, -0.006613748893030375, 0.00349550920586979, 0.001654640941464148, -0.002963487035475554, -0.006651771545306868, 0.00535946942151612, -0.0008768714935532473, 0.002219499694691324, 0.004795035044386904, 0.0031798161002953326, 0.0046779660638541125, -0.0017215437787478, 0.0035793213237053185, -5.28484882254943e-05, 0.005539488847281548, 0.0056363369723643145, -0.005894525508385727, -0.005058984347301543, -0.003378705011384225, 0.006821038349519216, -0.0009276913652729742, 0.0010964834667142212, -0.0033448207710478576, 0.00015341404639456036, -0.002102131023313275, -0.0013246091707367447, 0.0017829161543261765, 0.00046244593522309745, 0.004811807305054101, 0.002980220612588474, 0.005860167328593529, 0.005245723045427934, 0.006073430993069794, 0.0014859343237049508, -0.004795819132634987, 0.005276011779479817, 0.005582577302846303, 0.004953756359992784, 0.0007322089369131845, 0.002619163629847094, -0.003936330979319102, 0.005152127859528867, 0.00026791629844342003, -0.0037862294050130417, -0.004788476825273801, 0.005361208852746939, 0.007341305504038148, -0.005480560164222229, 0.0048080615091135705, -0.000309241815680508, -0.0050958686595688335, -0.0021883677730993533, 0.004167691893162771, 0.005171945721223599, -0.00588749925202443, 0.0010670065431965213, -0.006233639406480864, 0.0022946588795329514, -0.0030614608535391775, 0.005129124432253827, 0.005822287193446964, 0.000690848615441009, 0.005570769910055813, -0.0016670707412069089, -0.005111969624235136, 0.0021446261134702932, -0.005298954761752773, -0.0031346471943829515, -0.0010429234289402163, 0.0004623615919496657, -0.003978816582201735, -0.006604691097550871, 0.0043809035785173775, -0.0020944110324811523, 0.006012500814141565, 0.004984076234017976, -0.0007106549611394456, -0.0002903469537514134, -5.634588546067897e-05, 0.0013755030275345117, 0.0019667825321449508, 0.000724788799558203, 0.002126289984361973, 0.005431759580904712, -0.0005139840485800042, -0.0008252357242923202, 0.0034976679723076444, -0.004068132425452919, -0.002002526966971812, 0.007054898136379523, 0.0008867568909815052, 0.0012765936050363703, -0.007336043236969734, -0.0008450511099493686, 0.0017646569154705718, -0.0071394487216495505, 0.0010481673043680043, 0.0012555191812565, -0.005664421004986235],