{"t": "AAPL", "n": "Apple", "sec": "Technology", "idx": ["NDX", "SPX"], "mcap": 4322488745984, "wr": [0.03754, 0.01598, -0.00464, 0.01899, -0.02382, 0.02009, 0.0954, -0.03137, 0.01982, 0.04031, -0.04066, 0.03413, 0.07983, 0.00101, -0.01202, -0.02594, 0.04902, 0.04554, -0.00601, 0.01277, -0.02455, 0.04732, -0.00025, -0.00179, -0.01657, 0.00033, -0.04164, -0.00499, -0.05133, 0.03549, 0.07819, -0.00265, -0.05416, 0.04747, -0.04638, -0.0174, -0.02659, 0.01579, 0.01198, 0.01782, 0.03743, 0.00307, 0.0335, 0.04705, 0.0245, 0.02861, -0.00813, -0.01557, -0.01698, -0.00715], "insider": null, "inst": null, "short": {"fails": 388949, "prevFails": 194134, "trend": "rising", "level": "moderate"}, "ret": {"1w": -0.71, "1m": -4.7, "3m": 18.32, "6m": 5.95, "12m": 47.51}, "vol": 24.6, "beta": 0.9, "ff": {"MKT": 0.0, "SMB": 0.0, "HML": 0.0, "MOM": 0.0}, "flow": {"net1m": -0.143, "net3m": 0.13, "in": 137832598839, "out": 183879779633, "din": 0, "dout": 15284823026}, "fcf": 101090746368, "fcfY": 2.34, "opt": {"pw": 225.0, "cw": 225.0, "pcr": null, "gex": 225.0}, "mfi": 34.0, "atr": 2.7, "brk": 0, "hl": 42.0, "vr": 1.17, "jump": 0.0, "pvol": 24.0, "regime": "trending", "mb": {"MKT": 0.22, "RATE": 0.12, "VIX": -0.31}, "drv": "VIX", "ema21d": -1.22, "ema21sig": -0.19, "ema21sl": -0.25, "touch": {"up": {"d": 2.63, "p": 0.29}, "dn": {"d": 6.03, "p": 0.01}}, "odds": {"ema": 0.85, "emaDir": "reclaim", "hi": 0.29, "lo": 0.01, "mean": 0.54, "meanDir": "down", "beat": null, "drift": {"hi": -0.07, "lo": 0.01}, "tmed": {"hi": 51.2, "lo": 252}, "condHi": 0.37, "flip": 0.3}, "ev": 1.9, "z": {"val": -0.98, "mom": -0.13, "risk": 0.41, "size": 1.02, "fcf": -0.02, "flow": -0.51, "disloc": -1.57, "mfi": -0.85, "ema": -0.14, "contra": -2.03}, "disloc": -1.57, "contra": {"s": 0.0, "dir": "down", "conf": []}, "evPct": 90, "alerts": [], "val": {"pe": 35.586452, "fpe": 30.654366, "peg": 2.3999, "evb": 27.121, "epsg": 0.218, "revg": 0.166, "peSec": 30.7, "evSec": 28.1, "peV": "supported", "pegV": "rejected", "overall": "mixed", "reason": "PEG 2.3999 > 2.0 \u2014 price NOT justified by earnings growth (stretched). P/E 35.586452 broadly in line with sector 30.7 \u2014 supported. Projected multiple: forward P/E 30.654366 vs trailing 35.586452 (-14%) \u2014 market prices multiple COMPRESSION, i.e. earnings expected to grow into the price. Price-to-(adjusted) EBITDA: EV/EBITDA 27.121 vs sector 28.1 (-3%). Earnings growth 22% corroborated by revenue growth 17%."}, "deps": [{"f": "S&P 500", "corr": 0.44, "pcorr": 0.44, "sens": 1.49, "sig": true, "stab": "stable", "dir": "with", "lag": 0, "unexp": false}, {"f": "VIX", "corr": -0.5, "pcorr": -0.33, "sens": -1.69, "sig": true, "stab": "stable", "dir": "against", "lag": 0, "unexp": false}, {"f": "copper", "corr": 0.29, "pcorr": 0.16, "sens": 0.97, "sig": true, "stab": "stable", "dir": "with", "lag": 1, "unexp": false}], "macroR2": 35, "secRel": -18.59, "opp": -0.12, "oppPct": 44}