{"t": "ABBV", "n": "AbbVie", "sec": "Health Care", "idx": ["SPX"], "mcap": 414772264960, "wr": [0.00332, 0.00843, -0.00016, -0.00651, 0.03692, 0.02634, 0.03812, -0.00521, 0.02374, 0.0339, 0.00804, -0.01554, 0.08246, -0.02481, -0.00947, 0.00608, -0.00022, -0.04014, 0.06049, -0.01223, -0.00763, -0.00711, -0.01221, 0.01567, 0.01772, -0.02993, -0.0142, -0.01296, 0.01166, -0.00713, 0.01741, 0.01566, 0.00152, 0.03409, -0.03004, -0.08493, 0.02371, -0.0108, -0.00431, 0.01043, -0.04641, 0.03971, -0.02444, 0.04386, 0.02524, -0.01284, 0.04762, -0.00663, 0.05943], "insider": null, "inst": null, "short": {"fails": 1100, "prevFails": 312, "trend": "rising", "level": "low"}, "ret": {"1w": 5.94, "1m": 8.84, "3m": 14.78, "6m": 6.85, "12m": 27.59}, "vol": 21.6, "beta": -0.01, "ff": {"MKT": 0.0, "SMB": 0.0, "HML": 0.0, "MOM": 0.0}, "flow": {"net1m": 0.135, "net3m": 0.055, "in": 14752049926, "out": 11251233372, "din": 1686256391, "dout": 0}, "fcf": 20811624448, "fcfY": 5.02, "opt": {"pw": 220.0, "cw": 230.0, "pcr": 0.49, "gex": 225.0}, "mfi": 63.3, "atr": 2.64, "brk": 0, "hl": 19.3, "vr": 0.7, "jump": 0.07, "pvol": 23.7, "regime": "mean-revert", "mb": {"MKT": -0.05, "RATE": -0.09, "VIX": -0.12}, "drv": "VIX", "ema21d": 5.97, "ema21sig": 0.82, "ema21sl": 1.15, "touch": {"up": {"d": 0.0, "p": 1.0}, "dn": {"d": 6.03, "p": 0.02}}, "odds": {"ema": 0.43, "emaDir": "lose-support", "hi": 1.0, "lo": 0.02, "mean": 0.16, "meanDir": "down", "beat": null, "drift": {"hi": 0.0, "lo": -0.02}, "tmed": {"hi": 0.0, "lo": 252}, "condHi": 0.95, "flip": 0.48}, "ev": -0.32, "z": {"val": -0.47, "mom": -0.08, "risk": -0.87, "size": 0.87, "fcf": 0.66, "flow": 0.74, "disloc": 1.01, "mfi": 1.03, "ema": 2.0, "contra": 1.04}, "disloc": 1.01, "contra": {"s": 0.41, "dir": "up", "conf": ["momentum", "value"]}, "evPct": 25, "alerts": ["breakout odds 100%", "mean-revert setup (rich vs EMA21)"], "val": {"pe": 114.517075, "fpe": 14.4826145, "peg": 0.634, "evb": 15.709, "epsg": -0.462, "revg": 0.124, "peSec": 29.2, "evSec": 16.7, "peV": "supported", "pegV": "supported", "overall": "supported", "reason": "PEG 0.634 \u2264 1.0 \u2014 earnings growth more than covers the multiple (cheap for growth). P/E 114.517075 broadly in line with sector 29.2 \u2014 supported. Projected multiple: forward P/E 14.4826145 vs trailing 114.517075 (-87%) \u2014 market prices multiple COMPRESSION, i.e. earnings expected to grow into the price. Price-to-(adjusted) EBITDA: EV/EBITDA 15.709 vs sector 16.7 (-6%). Earnings growth -46% NOT corroborated by revenue growth 12%."}, "deps": [{"f": "Health Care sector", "corr": 0.5, "pcorr": 0.52, "sens": 1.5, "sig": true, "stab": "stable", "dir": "with", "lag": 0, "unexp": false}], "macroR2": 14, "secRel": 9.4, "opp": 0.63, "oppPct": 83}