{"t": "ADBE", "n": "Adobe", "sec": "Technology", "idx": ["NDX", "SPX"], "mcap": 78478426112, "wr": [0.02553, -0.04774, -0.03109, 0.02955, -0.02271, -0.05049, 0.01577, 0.00672, 0.00826, -0.03379, 0.01812, 0.04824, -0.03619, -0.00757, -0.01141, -0.05249, 0.0756, -0.04202, -0.03505, 0.01909, -0.06355, 0.02474, 0.08162, 0.02937, -0.0016, -0.00759, -0.04862, -0.07756, -0.05066, 0.01818, -0.06633, -0.08062, 0.00797, -0.00066, 0.08763, -0.04245, -0.08818, -0.02077, 0.00847, -0.07233, 0.08476, 0.00405, 0.02147, 0.00929, -0.0215, -0.01147, 0.11959, -0.10597, -0.15768, -0.04327], "insider": null, "inst": null, "short": {"fails": 3193, "prevFails": 4423, "trend": "falling", "level": "low"}, "ret": {"1w": -4.33, "1m": -19.34, "3m": -19.74, "6m": -44.61, "12m": -48.36}, "vol": 38.1, "beta": 1.1, "ff": {"MKT": 0.0, "SMB": 0.0, "HML": 0.0, "MOM": 0.0}, "flow": {"net1m": -0.353, "net3m": -0.123, "in": 12133742715, "out": 25375979323, "din": 1348808739, "dout": 0}, "fcf": 9218374656, "fcfY": 11.75, "opt": null, "mfi": 22.2, "atr": 5.2, "brk": 0, "hl": null, "vr": 1.09, "jump": 0.0, "pvol": 38.9, "regime": "random-walk", "mb": {"MKT": 0.07, "DXY": -0.13, "VIX": -0.21}, "drv": "VIX", "ema21d": -11.53, "ema21sig": -1.14, "ema21sl": -6.48, "touch": {"up": {"d": 7.47, "p": 0.0}, "dn": {"d": 0.25, "p": 0.9}}, "odds": {"ema": 0.23, "emaDir": "reclaim", "hi": 0.0, "lo": 0.9, "mean": 0.05, "meanDir": "up", "beat": null, "drift": {"hi": -0.0, "lo": -0.1}, "tmed": {"hi": 252, "lo": 0.7}, "condHi": 0.0, "flip": 0.25}, "ev": -1.15, "z": {"val": 1.68, "mom": -2.35, "risk": 0.69, "size": 0.74, "fcf": 2.38, "flow": -1.45, "disloc": -1.44, "mfi": -1.61, "ema": -1.93, "contra": -0.68}, "disloc": -1.44, "contra": {"s": 0.18, "dir": "down", "conf": ["value"]}, "evPct": 10, "alerts": ["breakdown odds 90%"], "val": {"pe": 11.301087, "fpe": 7.169077, "peg": 0.533, "evb": 8.216, "epsg": 0.079, "revg": 0.127, "peSec": 30.7, "evSec": 28.1, "peV": "supported", "pegV": "supported", "overall": "supported", "reason": "PEG 0.533 \u2264 1.0 \u2014 earnings growth more than covers the multiple (cheap for growth). P/E 11.301087 (63% discount to sector 30.7) is SUPPORTED by 8% earnings growth. Projected multiple: forward P/E 7.169077 vs trailing 11.301087 (-37%) \u2014 market prices multiple COMPRESSION, i.e. earnings expected to grow into the price. Price-to-(adjusted) EBITDA: EV/EBITDA 8.216 vs sector 28.1 (-71%). Earnings growth 8% corroborated by revenue growth 13%."}, "deps": [{"f": "Technology sector", "corr": 0.62, "pcorr": 0.59, "sens": 3.26, "sig": true, "stab": "stable", "dir": "with", "lag": 0, "unexp": false}, {"f": "S&P 500", "corr": 0.34, "pcorr": 0.34, "sens": 1.82, "sig": true, "stab": "stable", "dir": "with", "lag": 0, "unexp": false}, {"f": "VIX", "corr": -0.39, "pcorr": -0.25, "sens": -2.04, "sig": true, "stab": "stable", "dir": "against", "lag": 0, "unexp": false}, {"f": "US dollar", "corr": -0.34, "pcorr": -0.19, "sens": -1.78, "sig": true, "stab": "stable", "dir": "against", "lag": 0, "unexp": false}], "macroR2": 20, "secRel": -56.65, "opp": -2.11, "oppPct": 1}