{"t": "AEP", "n": "American Elec.", "sec": "Utilities", "idx": ["NDX", "SPX"], "mcap": 72768610304, "wr": [0.00335, 0.00716, 0.03223, 0.04004, 0.00212, 0.00487, 0.00389, -0.00581, -0.03765, 0.00092, -0.02115, 0.01334, 0.05192, 0.03041, 0.0053, -0.01149, 0.04915, -0.01936, 0.02433, -0.00477, 0.02374, -0.05034, -0.02901, 0.00315, 0.01118, -0.00631, 0.01373, 0.02024, 0.00118, 0.00722, 0.02698, 0.05047, 0.02866, -0.00045, 0.00136, -0.02647, 0.00101, 0.02972, 0.02728, -0.01937, 0.00801, 0.01618, -0.0424, -0.03849, 0.05146, -0.05927, 0.02407, 0.02004, 0.03426], "insider": null, "inst": null, "short": {"fails": 39181, "prevFails": 1263, "trend": "rising", "level": "low"}, "ret": {"1w": 3.43, "1m": 1.63, "3m": 4.65, "6m": 18.97, "12m": 32.17}, "vol": 19.1, "beta": -0.01, "ff": {"MKT": 0.0, "SMB": 0.0, "HML": 0.0, "MOM": 0.0}, "flow": {"net1m": 0.025, "net3m": 0.001, "in": 7232256809, "out": 6884472936, "din": 1390382496, "dout": 0}, "fcf": -6953449984, "fcfY": -9.56, "opt": null, "mfi": 56.5, "atr": 1.88, "brk": 0, "hl": 57.3, "vr": 0.85, "jump": 0.0, "pvol": 18.2, "regime": "mean-revert", "mb": {"DXY": 0.07}, "drv": "DXY", "ema21d": 3.48, "ema21sig": 0.65, "ema21sl": 0.43, "touch": {"up": {"d": 0.96, "p": 0.74}, "dn": {"d": 3.96, "p": 0.15}}, "odds": {"ema": 0.52, "emaDir": "lose-support", "hi": 0.74, "lo": 0.15, "mean": 0.66, "meanDir": "down", "beat": null, "drift": {"hi": 0.33, "lo": -0.18}, "tmed": {"hi": 5.2, "lo": 96.6}, "condHi": 0.76, "flip": 0.33}, "ev": 0.22, "z": {"val": -0.85, "mom": 0.55, "risk": -0.87, "size": 0.74, "fcf": -3.05, "flow": 0.25, "disloc": -0.35, "mfi": 0.59, "ema": 1.64, "contra": -0.65}, "disloc": -0.35, "contra": {"s": 0.18, "dir": "up", "conf": ["value"]}, "evPct": 51, "alerts": ["breakout odds 74%", "aligned uptrend"], "val": {"pe": 19.270893, "fpe": 19.502678, "peg": 2.3887, "evb": 13.495, "epsg": 0.067, "revg": 0.102, "peSec": 19.7, "evSec": 13.4, "peV": "supported", "pegV": "rejected", "overall": "mixed", "reason": "PEG 2.3887 > 2.0 \u2014 price NOT justified by earnings growth (stretched). P/E 19.270893 broadly in line with sector 19.7 \u2014 supported. Projected multiple: forward P/E 19.502678 vs trailing 19.270893 (+1%) \u2014 market prices multiple EXPANSION, i.e. earnings expected to fall or a re-rate higher. Price-to-(adjusted) EBITDA: EV/EBITDA 13.495 vs sector 13.4 (+1%). Earnings growth 7% corroborated by revenue growth 10%."}, "deps": [{"f": "Utilities sector", "corr": 0.85, "pcorr": 0.85, "sens": 2.25, "sig": true, "stab": "stable", "dir": "with", "lag": 0, "unexp": false}], "macroR2": 6, "secRel": 3.5, "opp": 0.67, "oppPct": 86}