{"t": "AMD", "n": "AMD", "sec": "Technology", "idx": ["NDX", "SPX"], "mcap": 847667658752, "wr": [-0.01676, 0.0169, 0.15656, -0.00893, 0.13148, -0.0913, 0.13058, -0.10422, 0.01168, -0.03195, -0.03783, 0.01445, 0.02121, 0.05246, 0.37212, 0.00717, 0.00183, 0.08447, -0.06726, 0.04316, -0.16914, 0.05587, 0.00202, -0.03299, 0.01257, 0.01021, -0.00584, 0.03088, 0.13047, 0.01177, -0.20792, 0.06689, -0.0478, 0.00152, -0.02077, -0.00857, 0.03808, -0.00731, 0.06738, 0.12662, 0.1361, 0.24936, 0.0366, 0.26252, -0.0683, 0.10236, 0.09116, -0.03881, 0.11611, -0.05009], "insider": null, "inst": null, "short": {"fails": 184910, "prevFails": 1310608, "trend": "falling", "level": "moderate"}, "ret": {"1w": -5.01, "1m": 11.2, "3m": 153.25, "6m": 146.63, "12m": 275.52}, "vol": 73.0, "beta": 2.82, "ff": {"MKT": 0.0, "SMB": 0.0, "HML": 0.0, "MOM": 0.0}, "flow": {"net1m": 0.109, "net3m": 0.295, "in": 177735138094, "out": 142684336332, "din": 0, "dout": 14065676442}, "fcf": 7173374976, "fcfY": 0.85, "opt": {"pw": 315.0, "cw": 550.0, "pcr": 1.38, "gex": 432.5}, "mfi": 50.8, "atr": 7.37, "brk": 0, "hl": null, "vr": 0.97, "jump": 0.0, "pvol": 59.1, "regime": "random-walk", "mb": {"MKT": 0.47, "DXY": 0.1, "RATE": 0.11}, "drv": "MKT", "ema21d": 4.6, "ema21sig": 0.24, "ema21sl": 3.81, "touch": {"up": {"d": 0.83, "p": 0.76}, "dn": {"d": 8.45, "p": 0.0}}, "odds": {"ema": 0.81, "emaDir": "lose-support", "hi": 0.76, "lo": 0.0, "mean": 0.1, "meanDir": "down", "beat": null, "drift": {"hi": -0.24, "lo": -0.0}, "tmed": {"hi": 4.5, "lo": 252}, "condHi": 0.93, "flip": 0.17}, "ev": 4.65, "z": {"val": -2.55, "mom": 3.15, "risk": 2.48, "size": 0.89, "fcf": -0.4, "flow": 0.6, "disloc": 0.43, "mfi": 0.18, "ema": 0.73, "contra": -0.71}, "disloc": 0.43, "contra": {"s": 0.18, "dir": "up", "conf": ["value"]}, "evPct": 99, "alerts": ["breakout odds 76%", "positive edge +4.65%", "aligned uptrend"], "val": {"pe": 174.4463, "fpe": 39.67194, "peg": 1.327, "evb": 119.921, "epsg": 0.912, "revg": 0.378, "peSec": 30.6, "evSec": 28.2, "peV": "supported", "pegV": "supported", "overall": "supported", "reason": "PEG 1.327 between 1.0 and 2.0 \u2014 multiple roughly fair for the growth rate. P/E 174.4463 (469% premium to sector 30.6) is SUPPORTED by 91% earnings growth. Projected multiple: forward P/E 39.67194 vs trailing 174.4463 (-77%) \u2014 market prices multiple COMPRESSION, i.e. earnings expected to grow into the price. Price-to-(adjusted) EBITDA: EV/EBITDA 119.921 vs sector 28.2 (+325%). Earnings growth 91% corroborated by revenue growth 38%."}, "deps": [{"f": "S&P 500", "corr": 0.46, "pcorr": 0.46, "sens": 4.67, "sig": true, "stab": "stable", "dir": "with", "lag": 0, "unexp": false}, {"f": "Technology sector", "corr": 0.61, "pcorr": 0.45, "sens": 6.17, "sig": true, "stab": "stable", "dir": "with", "lag": 0, "unexp": false}, {"f": "copper", "corr": 0.33, "pcorr": 0.24, "sens": 3.34, "sig": true, "stab": "fading", "dir": "with", "lag": 0, "unexp": false}], "macroR2": 33, "secRel": 116.34, "opp": 2.3, "oppPct": 99}