{"t": "AMGN", "n": "Amgen", "sec": "Health Care", "idx": ["NDX", "SPX"], "mcap": 187284176896, "wr": [0.04696, 0.02065, 0.00843, 0.03411, -0.02539, -0.05541, 0.01637, 0.02461, -0.02072, -0.02733, 0.00939, -0.02441, -0.01686, 0.09669, -0.00662, 0.00129, -0.00987, -0.00304, 0.08079, 0.06467, 0.00021, 0.03527, -0.04507, -0.03683, 0.03034, 0.00687, 0.00164, -0.01778, 0.05951, -0.00402, 0.07007, 0.00104, 0.03143, 0.0102, -0.03092, 0.00052, -0.04859, 0.00926, -0.01478, 0.00885, 0.01219, -0.03026, -0.04275, 0.0057, -0.00882, 0.03981, -0.02997, 0.05044, 0.01388, -0.01004], "insider": null, "inst": null, "short": {"fails": 12591, "prevFails": 18876, "trend": "falling", "level": "low"}, "ret": {"1w": -1.0, "1m": 2.27, "3m": -0.08, "6m": 10.8, "12m": 28.81}, "vol": 24.5, "beta": 0.03, "ff": {"MKT": 0.0, "SMB": 0.0, "HML": 0.0, "MOM": 0.0}, "flow": {"net1m": -0.096, "net3m": -0.004, "in": 9547047180, "out": 11568495628, "din": 679589608, "dout": 0}, "fcf": 7436624896, "fcfY": 3.97, "opt": null, "mfi": 42.2, "atr": 2.84, "brk": 0, "hl": 37.0, "vr": 0.85, "jump": 0.14, "pvol": 23.8, "regime": "mean-revert", "mb": {"OIL": -0.17}, "drv": "OIL", "ema21d": 1.3, "ema21sig": 0.17, "ema21sl": 0.23, "touch": {"up": {"d": 0.83, "p": 0.77}, "dn": {"d": 2.6, "p": 0.33}}, "odds": {"ema": 0.87, "emaDir": "lose-support", "hi": 0.77, "lo": 0.33, "mean": 0.81, "meanDir": "down", "beat": null, "drift": {"hi": 0.07, "lo": -0.04}, "tmed": {"hi": 4.1, "lo": 44.4}, "condHi": 0.83, "flip": 0.34}, "ev": -0.62, "z": {"val": -0.3, "mom": 0.13, "risk": -0.83, "size": 0.81, "fcf": 0.4, "flow": -0.29, "disloc": -0.5, "mfi": -0.32, "ema": 0.62, "contra": 1.35}, "disloc": -0.5, "contra": {"s": 0.45, "dir": "down", "conf": ["momentum", "trend"]}, "evPct": 19, "alerts": ["breakout odds 77%"], "val": {"pe": 23.98134, "fpe": 14.781342, "peg": 2.2784, "evb": 13.747, "epsg": 0.044, "revg": 0.058, "peSec": 29.3, "evSec": 16.9, "peV": "supported", "pegV": "rejected", "overall": "mixed", "reason": "PEG 2.2784 > 2.0 \u2014 price NOT justified by earnings growth (stretched). P/E 23.98134 is a 18% discount to sector 29.3 \u2014 relatively cheap, supported. Projected multiple: forward P/E 14.781342 vs trailing 23.98134 (-38%) \u2014 market prices multiple COMPRESSION, i.e. earnings expected to grow into the price. Price-to-(adjusted) EBITDA: EV/EBITDA 13.747 vs sector 16.9 (-18%). Earnings growth 4% corroborated by revenue growth 6%."}, "deps": [{"f": "Health Care sector", "corr": 0.75, "pcorr": 0.78, "sens": 2.57, "sig": true, "stab": "stable", "dir": "with", "lag": 0, "unexp": false}], "macroR2": 8, "secRel": -5.46, "opp": -0.04, "oppPct": 50}