{"t": "AMT", "n": "American Tower", "sec": "Real Estate", "idx": ["SPX"], "mcap": 83571900416, "wr": [-0.01176, 0.0069, 0.03053, -0.09314, 0.00077, -0.02274, 0.02621, -0.02974, -0.04024, 0.00748, -0.01791, 0.00352, -0.00441, -0.0306, 0.03319, -0.00611, -0.05702, -0.00758, 0.01707, -0.0111, 0.012, -0.0133, 0.01029, -0.04588, 0.02976, -6e-05, -0.01058, 0.0242, -0.0037, -0.00541, 0.02226, 0.02388, 0.00119, 0.01422, -0.04146, 0.01612, -0.07573, 0.02847, 0.032, 0.02729, -0.02276, 0.01908, -0.02797, -0.03342, 0.07748, 0.02002, 0.00837, -0.00829, -0.03435], "insider": null, "inst": null, "short": {"fails": 12166, "prevFails": 15200, "trend": "flat", "level": "low"}, "ret": {"1w": -3.44, "1m": -1.5, "3m": 0.08, "6m": 2.2, "12m": -17.0}, "vol": 22.2, "beta": 0.36, "ff": {"MKT": 0.0, "SMB": 0.0, "HML": 0.0, "MOM": 0.0}, "flow": {"net1m": 0.04, "net3m": 0.135, "in": 6031320769, "out": 5565262034, "din": 484419650, "dout": 0}, "fcf": 4614362624, "fcfY": 5.52, "opt": null, "mfi": 32.8, "atr": 2.89, "brk": 0, "hl": 20.2, "vr": 0.96, "jump": 0.39, "pvol": 24.7, "regime": "random-walk", "mb": {"DXY": -0.13, "RATE": -0.06}, "drv": "DXY", "ema21d": -1.79, "ema21sig": -0.25, "ema21sl": -1.14, "touch": {"up": {"d": 2.49, "p": 0.32}, "dn": {"d": 2.96, "p": 0.21}}, "odds": {"ema": 0.8, "emaDir": "reclaim", "hi": 0.32, "lo": 0.21, "mean": 0.91, "meanDir": "down", "beat": null, "drift": {"hi": 0.1, "lo": -0.09}, "tmed": {"hi": 44.7, "lo": 74.0}, "condHi": 0.36, "flip": 0.35}, "ev": 0.51, "z": {"val": 1.39, "mom": -0.33, "risk": -0.35, "size": 0.75, "fcf": 0.79, "flow": 0.32, "disloc": 0.81, "mfi": -0.93, "ema": -0.27, "contra": 1.04}, "disloc": 0.81, "contra": {"s": 0.41, "dir": "down", "conf": ["flow", "value"]}, "evPct": 65, "alerts": [], "val": {"pe": 28.473017, "fpe": 25.974066, "peg": 1.85, "evb": 19.132, "epsg": 0.769, "revg": 0.068, "peSec": 36.0, "evSec": 22.4, "peV": "supported", "pegV": "supported", "overall": "supported", "reason": "PEG 1.85 between 1.0 and 2.0 \u2014 multiple roughly fair for the growth rate. P/E 28.473017 is a 21% discount to sector 36.0 \u2014 relatively cheap, supported. Projected multiple: forward P/E 25.974066 vs trailing 28.473017 (-9%) \u2014 market prices multiple COMPRESSION, i.e. earnings expected to grow into the price. Price-to-(adjusted) EBITDA: EV/EBITDA 19.132 vs sector 22.4 (-15%). Earnings growth 77% corroborated by revenue growth 7%."}, "deps": [{"f": "Real Estate sector", "corr": 0.81, "pcorr": 0.81, "sens": 2.5, "sig": true, "stab": "stable", "dir": "with", "lag": 0, "unexp": false}, {"f": "credit (HYG)", "corr": 0.45, "pcorr": 0.44, "sens": 1.38, "sig": true, "stab": "stable", "dir": "with", "lag": 0, "unexp": false}], "macroR2": 10, "secRel": -6.77, "opp": -0.25, "oppPct": 41}