{"t": "AMZN", "n": "Amazon", "sec": "Consumer Disc.", "idx": ["NDX", "SPX"], "mcap": 2518346891264, "wr": [0.00943, 0.00292, 0.02285, 0.00832, -0.03423, 0.01012, -0.00334, 0.02373, 0.02863, -0.02431, 0.00557, -0.05657, 0.01953, 0.02396, -0.05827, 0.03087, 0.00801, 0.09055, -0.02247, -0.08603, 0.07405, -0.01582, -0.01455, 0.00513, 0.02076, 0.03818, 0.00693, -0.04654, 0.05058, -0.04123, -0.12408, 0.00382, 0.01494, 0.053, -0.04298, -0.00367, -0.00584, 0.01074, 0.13639, 0.05109, 0.0536, 0.01617, 0.01648, -0.03132, 0.00825, -0.019, -0.06139, 0.00326, -0.04841], "insider": null, "inst": null, "short": {"fails": 18364, "prevFails": 82538, "trend": "falling", "level": "low"}, "ret": {"1w": -4.84, "1m": -12.09, "3m": 12.14, "6m": 3.5, "12m": 6.19}, "vol": 32.1, "beta": 1.5, "ff": {"MKT": 0.0, "SMB": 0.0, "HML": 0.0, "MOM": 0.0}, "flow": {"net1m": -0.293, "net3m": 0.149, "in": 83129485274, "out": 151934519926, "din": 13341869705, "dout": 0}, "fcf": 9806624768, "fcfY": 0.39, "opt": {"pw": 230.0, "cw": 240.0, "pcr": 0.38, "gex": 235.0}, "mfi": 28.2, "atr": 3.52, "brk": 0, "hl": 18.6, "vr": 1.1, "jump": 0.03, "pvol": 28.4, "regime": "random-walk", "mb": {"MKT": 0.47, "RATE": 0.06, "VIX": -0.07}, "drv": "MKT", "ema21d": -5.29, "ema21sig": -0.59, "ema21sl": -2.12, "touch": {"up": {"d": 4.96, "p": 0.07}, "dn": {"d": 4.22, "p": 0.07}}, "odds": {"ema": 0.54, "emaDir": "reclaim", "hi": 0.07, "lo": 0.07, "mean": 0.52, "meanDir": "up", "beat": null, "drift": {"hi": 0.01, "lo": -0.01}, "tmed": {"hi": 149.9, "lo": 149.6}, "condHi": 0.12, "flip": 0.48}, "ev": 0.18, "z": {"val": 0.52, "mom": -0.26, "risk": 1.27, "size": 1.01, "fcf": -0.51, "flow": -1.17, "disloc": -1.38, "mfi": -1.22, "ema": -1.0, "contra": -0.65}, "disloc": -1.38, "contra": {"s": 0.18, "dir": "down", "conf": ["value"]}, "evPct": 47, "alerts": [], "val": {"pe": 31.636486, "fpe": 23.69405, "peg": 1.8344, "evb": 16.66, "epsg": 0.748, "revg": 0.166, "peSec": 25.5, "evSec": 16.6, "peV": "supported", "pegV": "supported", "overall": "supported", "reason": "PEG 1.8344 between 1.0 and 2.0 \u2014 multiple roughly fair for the growth rate. P/E 31.636486 broadly in line with sector 25.5 \u2014 supported. Projected multiple: forward P/E 23.69405 vs trailing 31.636486 (-25%) \u2014 market prices multiple COMPRESSION, i.e. earnings expected to grow into the price. Price-to-(adjusted) EBITDA: EV/EBITDA 16.66 vs sector 16.6 (+0%). Earnings growth 75% corroborated by revenue growth 17%."}, "deps": [{"f": "S&P 500", "corr": 0.56, "pcorr": 0.56, "sens": 2.5, "sig": true, "stab": "stable", "dir": "with", "lag": 0, "unexp": false}, {"f": "credit (HYG)", "corr": 0.29, "pcorr": -0.15, "sens": 1.28, "sig": true, "stab": "stable", "dir": "with", "lag": 0, "unexp": false}, {"f": "VIX", "corr": -0.4, "pcorr": -0.12, "sens": -1.77, "sig": true, "stab": "stable", "dir": "against", "lag": 0, "unexp": false}, {"f": "Consumer Disc. sector", "corr": 0.46, "pcorr": 0.11, "sens": 2.06, "sig": true, "stab": "stable", "dir": "with", "lag": 0, "unexp": false}], "macroR2": 36, "secRel": 14.83, "opp": -0.13, "oppPct": 43}