{"t": "APD", "n": "Air Products", "sec": "Materials", "idx": ["SPX"], "mcap": 62896164864, "wr": [0.0224, 0.03072, -0.01784, 0.0308, -0.02605, -0.00372, 0.01785, -0.00625, 0.00759, -0.01568, 0.01569, -0.00703, -0.0912, 0.02486, -0.02916, -0.03628, 0.00691, -0.04029, 0.05775, 0.01638, -0.04539, 0.03967, -0.00138, -0.06786, -0.01251, 0.03288, 0.05001, 0.03027, -0.01153, -0.02744, 0.11997, 0.02286, -0.04237, -0.01599, 0.00043, 0.05113, -0.02179, 0.03174, 0.00757, 0.01758, -0.0231, 0.0341, -0.00229, -0.0188, -0.0001, -0.02001, -0.03655, -0.0076, 0.02237, -0.0018], "insider": null, "inst": null, "short": {"fails": 3103, "prevFails": 1, "trend": "rising", "level": "low"}, "ret": {"1w": -0.18, "1m": -2.42, "3m": 0.02, "6m": 17.82, "12m": 3.21}, "vol": 25.3, "beta": 0.18, "ff": {"MKT": 0.0, "SMB": 0.0, "HML": 0.0, "MOM": 0.0}, "flow": {"net1m": -0.009, "net3m": -0.064, "in": 3824258570, "out": 3896321475, "din": 0, "dout": 529367813}, "fcf": -3519237376, "fcfY": -5.6, "opt": null, "mfi": 55.1, "atr": 2.33, "brk": 0, "hl": 26.4, "vr": 0.92, "jump": 0.0, "pvol": 20.5, "regime": "random-walk", "mb": {}, "drv": null, "ema21d": -0.36, "ema21sig": -0.05, "ema21sl": -0.38, "touch": {"up": {"d": 3.61, "p": 0.26}, "dn": {"d": 0.9, "p": 0.77}}, "odds": {"ema": 0.96, "emaDir": "reclaim", "hi": 0.26, "lo": 0.77, "mean": 0.66, "meanDir": "up", "beat": null, "drift": {"hi": -0.01, "lo": 0.03}, "tmed": {"hi": 59.4, "lo": 4.1}, "condHi": 0.26, "flip": 0.19}, "ev": 0.57, "z": {"val": 0.65, "mom": 0.49, "risk": -0.62, "size": 0.73, "fcf": -2.04, "flow": 0.1, "disloc": 0.2, "mfi": 0.51, "ema": 0.16, "contra": 1.35}, "disloc": 0.2, "contra": {"s": 0.45, "dir": "up", "conf": ["flow", "trend"]}, "evPct": 67, "alerts": ["breakdown odds 77%"], "val": {"pe": 29.794306, "fpe": 19.817244, "peg": 2.096, "evb": 21.375, "epsg": null, "revg": 0.088, "peSec": 31.0, "evSec": 16.9, "peV": "supported", "pegV": "rejected", "overall": "mixed", "reason": "PEG 2.096 > 2.0 \u2014 price NOT justified by earnings growth (stretched). P/E 29.794306 broadly in line with sector 31.0 \u2014 supported. Projected multiple: forward P/E 19.817244 vs trailing 29.794306 (-33%) \u2014 market prices multiple COMPRESSION, i.e. earnings expected to grow into the price. Price-to-(adjusted) EBITDA: EV/EBITDA 21.375 vs sector 16.9 (+26%)."}, "deps": [{"f": "Materials sector", "corr": 0.58, "pcorr": 0.61, "sens": 2.05, "sig": true, "stab": "stable", "dir": "with", "lag": 0, "unexp": false}], "macroR2": 3, "secRel": -1.68, "opp": 0.18, "oppPct": 59}