{"t": "AVGO", "n": "Broadcom", "sec": "Technology", "idx": ["NDX", "SPX"], "mcap": 1808594108416, "wr": [0.00368, 0.04971, 0.01047, 0.01026, 0.06673, -0.00314, 0.0246, -0.05798, 0.03118, 0.01948, 0.17488, -0.03971, -0.02512, 0.00619, 0.02023, 0.02646, -0.02784, 0.09347, -0.05546, -0.0439, 0.02012, 0.16187, -0.03157, -0.07767, -0.05437, 0.02849, -0.01609, 0.03153, -0.07278, 0.0135, -0.07559, 0.11268, -0.02559, -0.0368, 0.03441, 0.00962, -0.04801, -0.03055, 0.01658, 0.18121, 0.09417, 0.0399, -0.0035, 0.0207, -0.01119, -0.02599, 0.11066, -0.13777, -0.00671, -0.03348], "insider": null, "inst": null, "short": {"fails": 4668, "prevFails": 5768, "trend": "flat", "level": "low"}, "ret": {"1w": -3.35, "1m": -8.06, "3m": 19.29, "6m": 6.21, "12m": 45.17}, "vol": 46.4, "beta": 2.4, "ff": {"MKT": 0.0, "SMB": 0.0, "HML": 0.0, "MOM": 0.0}, "flow": {"net1m": -0.051, "net3m": 0.057, "in": 143404252908, "out": 158976351223, "din": 0, "dout": 12567226588}, "fcf": 27212249088, "fcfY": 1.5, "opt": {"pw": 210.0, "cw": 210.0, "pcr": null, "gex": 210.0}, "mfi": 43.6, "atr": 6.54, "brk": 0, "hl": 20.6, "vr": 1.02, "jump": 0.0, "pvol": 43.6, "regime": "random-walk", "mb": {"MKT": 0.49, "RATE": -0.12}, "drv": "MKT", "ema21d": -5.4, "ema21sig": -0.4, "ema21sl": -1.72, "touch": {"up": {"d": 4.05, "p": 0.08}, "dn": {"d": 3.51, "p": 0.05}}, "odds": {"ema": 0.68, "emaDir": "reclaim", "hi": 0.08, "lo": 0.05, "mean": 0.8, "meanDir": "up", "beat": null, "drift": {"hi": -0.05, "lo": 0.02}, "tmed": {"hi": 141.0, "lo": 173.5}, "condHi": 0.13, "flip": 0.23}, "ev": 0.97, "z": {"val": -0.12, "mom": -0.12, "risk": 2.44, "size": 0.99, "fcf": -0.23, "flow": -0.09, "disloc": -0.44, "mfi": -0.23, "ema": -0.59, "contra": -2.03}, "disloc": -0.44, "contra": {"s": 0.0, "dir": "down", "conf": []}, "evPct": 79, "alerts": [], "val": {"pe": 63.252907, "fpe": 19.610514, "peg": 0.6909, "evb": 44.052, "epsg": 0.854, "revg": 0.479, "peSec": 30.7, "evSec": 28.1, "peV": "supported", "pegV": "supported", "overall": "supported", "reason": "PEG 0.6909 \u2264 1.0 \u2014 earnings growth more than covers the multiple (cheap for growth). P/E 63.252907 (106% premium to sector 30.7) is SUPPORTED by 85% earnings growth. Projected multiple: forward P/E 19.610514 vs trailing 63.252907 (-69%) \u2014 market prices multiple COMPRESSION, i.e. earnings expected to grow into the price. Price-to-(adjusted) EBITDA: EV/EBITDA 44.052 vs sector 28.1 (+57%). Earnings growth 85% corroborated by revenue growth 48%."}, "deps": [{"f": "S&P 500", "corr": 0.62, "pcorr": 0.62, "sens": 3.97, "sig": true, "stab": "stable", "dir": "with", "lag": 0, "unexp": false}, {"f": "Technology sector", "corr": 0.6, "pcorr": 0.25, "sens": 3.87, "sig": true, "stab": "stable", "dir": "with", "lag": 0, "unexp": false}, {"f": "10Y yield", "corr": -0.38, "pcorr": -0.21, "sens": -2.47, "sig": true, "stab": "stable", "dir": "against", "lag": 0, "unexp": false}, {"f": "2s10s slope", "corr": -0.32, "pcorr": -0.2, "sens": -2.09, "sig": true, "stab": "stable", "dir": "against", "lag": 0, "unexp": false}, {"f": "credit (HYG)", "corr": 0.34, "pcorr": -0.13, "sens": 2.21, "sig": true, "stab": "stable", "dir": "with", "lag": 0, "unexp": false}, {"f": "VIX", "corr": -0.34, "pcorr": 0.02, "sens": -2.16, "sig": true, "stab": "stable", "dir": "against", "lag": 0, "unexp": false}], "macroR2": 44, "secRel": -17.62, "opp": -0.4, "oppPct": 33}