{"t": "AXP", "n": "Amex", "sec": "Financials", "idx": ["DOW", "SPX"], "mcap": 230476234752, "wr": [0.04589, -0.01358, -0.01717, -0.01039, -0.01701, -0.02594, 0.03834, 0.00499, 0.04559, 0.0254, -0.00402, 0.0375, -0.00436, -0.02851, -0.01828, -0.00155, 0.09845, 0.01113, 0.01909, -0.00273, -0.05739, 0.06245, 0.01391, 0.03297, -0.01581, -0.00316, 0.02422, -0.06664, 0.0045, -0.00729, -0.0093, 0.00096, -0.03209, -0.02139, -0.08383, -0.01732, -0.02305, 0.01512, 0.00581, 0.04437, 0.05802, -0.05309, 0.01783, -0.01142, -0.00807, -0.00542, 0.00565, -0.00395, 0.0739, 0.00716], "insider": null, "inst": null, "short": {"fails": 4406, "prevFails": 0, "trend": "rising", "level": "low"}, "ret": {"1w": 0.72, "1m": 8.34, "3m": 14.89, "6m": -11.23, "12m": 10.68}, "vol": 24.8, "beta": 1.03, "ff": {"MKT": 0.0, "SMB": 0.0, "HML": 0.0, "MOM": 0.0}, "flow": {"net1m": 0.098, "net3m": -0.026, "in": 11000701060, "out": 9036756239, "din": 0, "dout": 1198477214}, "fcf": null, "fcfY": null, "opt": null, "mfi": 59.9, "atr": 2.5, "brk": 0, "hl": 26.0, "vr": 0.88, "jump": 0.0, "pvol": 21.4, "regime": "random-walk", "mb": {"MKT": 0.33, "VIX": -0.1, "OIL": -0.13}, "drv": "MKT", "ema21d": 3.95, "ema21sig": 0.52, "ema21sl": 2.69, "touch": {"up": {"d": 0.35, "p": 0.91}, "dn": {"d": 5.5, "p": 0.05}}, "odds": {"ema": 0.61, "emaDir": "lose-support", "hi": 0.91, "lo": 0.05, "mean": 0.39, "meanDir": "down", "beat": null, "drift": {"hi": -0.01, "lo": -0.0}, "tmed": {"hi": 0.6, "lo": 173.8}, "condHi": 0.96, "flip": 0.21}, "ev": 0.11, "z": {"val": 0.37, "mom": -1.03, "risk": 0.59, "size": 0.83, "fcf": 0.0, "flow": 0.58, "disloc": 1.84, "mfi": 0.82, "ema": 1.37, "contra": -0.3}, "disloc": 1.84, "contra": {"s": 0.23, "dir": "up", "conf": ["momentum"]}, "evPct": 44, "alerts": ["breakout odds 91%"], "val": {"pe": 21.098063, "fpe": 16.76336, "peg": 1.6089, "evb": null, "epsg": 0.176, "revg": 0.116, "peSec": 20.2, "evSec": 20.7, "peV": "supported", "pegV": "supported", "overall": "supported", "reason": "PEG 1.6089 between 1.0 and 2.0 \u2014 multiple roughly fair for the growth rate. P/E 21.098063 broadly in line with sector 20.2 \u2014 supported. Projected multiple: forward P/E 16.76336 vs trailing 21.098063 (-21%) \u2014 market prices multiple COMPRESSION, i.e. earnings expected to grow into the price. Earnings growth 18% corroborated by revenue growth 12%."}, "deps": [{"f": "Financials sector", "corr": 0.79, "pcorr": 0.72, "sens": 2.72, "sig": true, "stab": "stable", "dir": "with", "lag": 0, "unexp": false}, {"f": "S&P 500", "corr": 0.5, "pcorr": 0.5, "sens": 1.71, "sig": true, "stab": "stable", "dir": "with", "lag": 0, "unexp": false}, {"f": "WTI oil", "corr": -0.27, "pcorr": -0.22, "sens": -0.95, "sig": true, "stab": "stable", "dir": "against", "lag": 0, "unexp": false}, {"f": "VIX", "corr": -0.39, "pcorr": -0.15, "sens": -1.33, "sig": true, "stab": "fading", "dir": "against", "lag": 0, "unexp": false}, {"f": "credit (HYG)", "corr": 0.43, "pcorr": 0.14, "sens": 1.47, "sig": true, "stab": "stable", "dir": "with", "lag": 0, "unexp": false}, {"f": "US dollar", "corr": -0.29, "pcorr": -0.08, "sens": -1.0, "sig": true, "stab": "stable", "dir": "against", "lag": 0, "unexp": true}], "macroR2": 31, "secRel": -4.36, "opp": 0.04, "oppPct": 54}