{"t": "BA", "n": "Boeing", "sec": "Industrials", "idx": ["DOW", "SPX"], "mcap": 170833002496, "wr": [0.08013, 0.01456, 0.01731, -0.03438, -0.00354, 0.03702, -0.03321, 0.04432, -0.02067, -0.04663, -0.01968, -0.00988, 0.01826, -0.00658, -0.01903, 0.02775, -0.08123, -0.01789, -0.00977, -0.07812, 0.05363, 0.0682, 0.01233, 0.04746, 0.01481, 0.05795, 0.064, 0.02257, -0.03391, -0.02335, 0.00131, -0.01079, -0.0184, -0.03204, -0.07791, -0.01748, -0.0339, 0.07131, 0.04519, 0.02642, 0.04056, -0.02177, 0.04389, -0.07107, -0.00667, 0.02411, -0.03736, 0.06035, -0.05346], "insider": null, "inst": null, "short": {"fails": 151847, "prevFails": 73582, "trend": "rising", "level": "moderate"}, "ret": {"1w": -5.35, "1m": -1.05, "3m": 7.72, "6m": 6.03, "12m": 3.3}, "vol": 30.2, "beta": 1.43, "ff": {"MKT": 0.0, "SMB": 0.0, "HML": 0.0, "MOM": 0.0}, "flow": {"net1m": -0.191, "net3m": 0.034, "in": 11570139214, "out": 17033457250, "din": 0, "dout": 970734922}, "fcf": 2554249984, "fcfY": 1.5, "opt": null, "mfi": 38.6, "atr": 3.3, "brk": 0, "hl": 14.8, "vr": 1.0, "jump": 0.0, "pvol": 28.9, "regime": "random-walk", "mb": {"MKT": 0.51}, "drv": "MKT", "ema21d": -2.05, "ema21sig": -0.22, "ema21sl": 0.25, "touch": {"up": {"d": 3.34, "p": 0.26}, "dn": {"d": 3.84, "p": 0.14}}, "odds": {"ema": 0.82, "emaDir": "reclaim", "hi": 0.26, "lo": 0.14, "mean": 0.86, "meanDir": "up", "beat": null, "drift": {"hi": -0.1, "lo": 0.04}, "tmed": {"hi": 58.3, "lo": 98.2}, "condHi": 0.38, "flip": 0.34}, "ev": 1.09, "z": {"val": 0.59, "mom": -0.13, "risk": 1.17, "size": 0.8, "fcf": -0.23, "flow": -0.71, "disloc": 0.6, "mfi": -0.55, "ema": -0.21, "contra": -0.65}, "disloc": 0.6, "contra": {"s": 0.18, "dir": "down", "conf": ["value"]}, "evPct": 83, "alerts": [], "val": {"pe": 85.3189, "fpe": 51.82677, "peg": 23.9252, "evb": -61.453, "epsg": null, "revg": 0.14, "peSec": 34.4, "evSec": 17.8, "peV": "rejected", "pegV": "rejected", "overall": "rejected", "reason": "PEG 23.9252 > 2.0 \u2014 price NOT justified by earnings growth (stretched). P/E 85.3189 sits 148% above sector 34.4 without commensurate growth \u2014 REJECTED as rich. Projected multiple: forward P/E 51.82677 vs trailing 85.3189 (-39%) \u2014 market prices multiple COMPRESSION, i.e. earnings expected to grow into the price. Price-to-(adjusted) EBITDA: EV/EBITDA -61.453 vs sector 17.8 (-446%)."}, "deps": [{"f": "S&P 500", "corr": 0.57, "pcorr": 0.57, "sens": 2.38, "sig": true, "stab": "stable", "dir": "with", "lag": 0, "unexp": false}, {"f": "credit (HYG)", "corr": 0.62, "pcorr": 0.4, "sens": 2.62, "sig": true, "stab": "stable", "dir": "with", "lag": 0, "unexp": false}, {"f": "Industrials sector", "corr": 0.5, "pcorr": 0.37, "sens": 2.1, "sig": true, "stab": "stable", "dir": "with", "lag": 0, "unexp": false}], "macroR2": 39, "secRel": -0.74, "opp": 0.02, "oppPct": 51}