{"t": "BAC", "n": "Bank of America", "sec": "Financials", "idx": ["SPX"], "mcap": 410963574784, "wr": [0.03193, -0.02721, -0.01729, 0.04584, -0.00374, -0.05296, 0.04007, 0.0235, 0.04199, 0.00476, 0.00814, 0.02719, -0.00537, -0.02642, -0.01367, 0.01305, 0.02617, 0.02454, 0.0049, -0.00788, -0.03537, 0.05196, 0.01082, 0.02206, 0.00236, 0.00145, 0.03433, -0.04734, -0.04529, -0.00499, 0.06891, -0.02763, -0.02006, -0.00891, -0.04761, -0.04846, -0.00255, 0.02616, 0.02363, 0.06399, 0.02608, -0.0345, 0.02286, -0.03625, -0.03001, 0.04079, -0.0056, 0.04657, 0.04177, 0.03651], "insider": null, "inst": null, "short": {"fails": 37174, "prevFails": 191203, "trend": "falling", "level": "low"}, "ret": {"1w": 3.65, "1m": 12.38, "3m": 23.83, "6m": 6.17, "12m": 26.81}, "vol": 23.1, "beta": 0.56, "ff": {"MKT": 0.0, "SMB": 0.0, "HML": 0.0, "MOM": 0.0}, "flow": {"net1m": 0.039, "net3m": 0.211, "in": 22610673268, "out": 20916087983, "din": 1724298390, "dout": 0}, "fcf": null, "fcfY": null, "opt": {"pw": 55.0, "cw": 58.0, "pcr": 0.59, "gex": 56.5}, "mfi": 78.6, "atr": 2.11, "brk": 0, "hl": 30.8, "vr": 1.07, "jump": 0.4, "pvol": 20.2, "regime": "random-walk", "mb": {"VIX": -0.34, "OIL": -0.14}, "drv": "VIX", "ema21d": 5.95, "ema21sig": 0.95, "ema21sl": 2.72, "touch": {"up": {"d": 0.0, "p": 1.0}, "dn": {"d": 9.15, "p": 0.0}}, "odds": {"ema": 0.35, "emaDir": "lose-support", "hi": 1.0, "lo": 0.0, "mean": 0.09, "meanDir": "down", "beat": null, "drift": {"hi": 0.0, "lo": -0.0}, "tmed": {"hi": 0.0, "lo": 252}, "condHi": 0.87, "flip": 0.35}, "ev": 0.0, "z": {"val": -0.29, "mom": -0.12, "risk": -0.08, "size": 0.87, "fcf": 0.0, "flow": 0.31, "disloc": 1.95, "mfi": 2.01, "ema": 2.0, "contra": 1.05}, "disloc": 1.95, "contra": {"s": 0.41, "dir": "up", "conf": ["momentum", "value"]}, "evPct": 40, "alerts": ["breakout odds 100%"], "val": {"pe": 14.2285, "fpe": 11.395725, "peg": 1.0163, "evb": null, "epsg": 0.244, "revg": 0.081, "peSec": 20.2, "evSec": 20.7, "peV": "supported", "pegV": "supported", "overall": "supported", "reason": "PEG 1.0163 between 1.0 and 2.0 \u2014 multiple roughly fair for the growth rate. P/E 14.2285 (30% discount to sector 20.2) is SUPPORTED by 24% earnings growth. Projected multiple: forward P/E 11.395725 vs trailing 14.2285 (-20%) \u2014 market prices multiple COMPRESSION, i.e. earnings expected to grow into the price. Earnings growth 24% corroborated by revenue growth 8%."}, "deps": [{"f": "Financials sector", "corr": 0.89, "pcorr": 0.9, "sens": 2.84, "sig": true, "stab": "stable", "dir": "with", "lag": 0, "unexp": false}, {"f": "gold", "corr": -0.34, "pcorr": -0.42, "sens": -1.08, "sig": true, "stab": "stable", "dir": "against", "lag": 0, "unexp": false}, {"f": "VIX", "corr": -0.44, "pcorr": -0.35, "sens": -1.42, "sig": true, "stab": "stable", "dir": "against", "lag": 0, "unexp": false}, {"f": "S&P 500", "corr": 0.29, "pcorr": 0.29, "sens": 0.93, "sig": true, "stab": "stable", "dir": "with", "lag": 0, "unexp": false}, {"f": "credit (HYG)", "corr": 0.38, "pcorr": 0.26, "sens": 1.21, "sig": true, "stab": "stable", "dir": "with", "lag": 0, "unexp": false}], "macroR2": 25, "secRel": 4.58, "opp": 0.6, "oppPct": 82}