{"t": "BKNG", "n": "Booking", "sec": "Consumer Disc.", "idx": ["NDX", "SPX"], "mcap": 130907971584, "wr": [-0.01094, -0.00175, 0.01382, -0.02151, -0.01365, -0.01597, 0.03522, -0.00427, -0.00531, -0.01403, -0.01003, 0.02441, -0.02711, -0.04288, -0.04615, 0.0285, -0.0026, -0.03566, 0.03604, -0.09703, 0.07235, 0.05947, 0.02013, 0.01737, 0.00882, -0.01708, -0.0063, -0.02843, -0.01518, -0.09402, -0.06396, -0.07072, 0.06059, 0.08541, -0.08366, 0.01816, -0.01875, -0.00462, 0.0339, 0.10694, -0.06125, -0.05892, -0.02181, -0.07111, 0.04496, 0.05085, -0.03865, 0.07603, -0.03264], "insider": null, "inst": null, "short": {"fails": 507, "prevFails": 554730, "trend": "falling", "level": "low"}, "ret": {"1w": -3.26, "1m": 5.16, "3m": -1.4, "6m": -19.95, "12m": -25.68}, "vol": 33.8, "beta": 1.48, "ff": {"MKT": 0.0, "SMB": 0.0, "HML": 0.0, "MOM": 0.0}, "flow": {"net1m": 0.294, "net3m": 0.109, "in": 17577465325, "out": 9595584454, "din": 1548461321, "dout": 0}, "fcf": 7075125248, "fcfY": 5.4, "opt": null, "mfi": 47.8, "atr": 3.56, "brk": 0, "hl": 51.4, "vr": 0.89, "jump": 0.22, "pvol": 31.0, "regime": "random-walk", "mb": {"MKT": 0.45}, "drv": "MKT", "ema21d": 0.92, "ema21sig": 0.1, "ema21sl": 1.27, "touch": {"up": {"d": 3.76, "p": 0.18}, "dn": {"d": 2.53, "p": 0.32}}, "odds": {"ema": 0.92, "emaDir": "lose-support", "hi": 0.18, "lo": 0.32, "mean": 0.99, "meanDir": "up", "beat": null, "drift": {"hi": 0.02, "lo": -0.03}, "tmed": {"hi": 82.3, "lo": 46.3}, "condHi": 0.26, "flip": 0.32}, "ev": -0.47, "z": {"val": 1.38, "mom": -1.49, "risk": 1.24, "size": 0.78, "fcf": 0.76, "flow": 1.45, "disloc": 1.98, "mfi": 0.04, "ema": 0.47, "contra": 0.68}, "disloc": 1.98, "contra": {"s": 0.36, "dir": "up", "conf": ["momentum", "MFI"]}, "evPct": 22, "alerts": [], "val": {"pe": 22.2876, "fpe": 13.730828, "peg": 0.7244, "evb": 12.918, "epsg": 2.4, "revg": 0.162, "peSec": 25.5, "evSec": 16.7, "peV": "supported", "pegV": "supported", "overall": "supported", "reason": "PEG 0.7244 \u2264 1.0 \u2014 earnings growth more than covers the multiple (cheap for growth). P/E 22.2876 (12% discount to sector 25.5) is SUPPORTED by 240% earnings growth. Projected multiple: forward P/E 13.730828 vs trailing 22.2876 (-38%) \u2014 market prices multiple COMPRESSION, i.e. earnings expected to grow into the price. Price-to-(adjusted) EBITDA: EV/EBITDA 12.918 vs sector 16.7 (-23%). Earnings growth 240% corroborated by revenue growth 16%."}, "deps": [{"f": "S&P 500", "corr": 0.53, "pcorr": 0.53, "sens": 2.47, "sig": true, "stab": "stable", "dir": "with", "lag": 0, "unexp": false}, {"f": "Consumer Disc. sector", "corr": 0.65, "pcorr": 0.46, "sens": 3.05, "sig": true, "stab": "stable", "dir": "with", "lag": 0, "unexp": false}, {"f": "credit (HYG)", "corr": 0.41, "pcorr": 0.09, "sens": 1.94, "sig": true, "stab": "stable", "dir": "with", "lag": 0, "unexp": false}, {"f": "US dollar", "corr": -0.29, "pcorr": -0.03, "sens": -1.38, "sig": true, "stab": "stable", "dir": "against", "lag": 0, "unexp": false}, {"f": "VIX", "corr": -0.3, "pcorr": -0.01, "sens": -1.42, "sig": true, "stab": "fading", "dir": "against", "lag": 0, "unexp": false}], "macroR2": 28, "secRel": 1.29, "opp": -0.34, "oppPct": 37}