{"t": "BLK", "n": "BlackRock", "sec": "Financials", "idx": ["SPX"], "mcap": 165344985088, "wr": [0.03271, -0.00598, 0.03523, -0.00511, 0.00528, 0.03524, -0.02721, 0.00281, -0.02021, 0.02776, 0.0026, 0.00893, 0.01155, 0.00594, 0.00337, -0.03958, -0.02396, -0.02606, 0.0002, -0.07211, 0.05519, 0.02872, 0.01579, -0.02655, 0.02663, 0.02194, -0.02044, 0.03516, -0.00548, -0.04057, 0.00624, -0.00148, 0.00831, -0.05069, -0.10335, 0.0506, -0.00118, -0.00196, 0.03388, 0.05287, -0.00681, 0.01599, 0.0218, -0.0027, -0.00823, -0.04871, -0.01994, 0.04835, -0.02641], "insider": null, "inst": null, "short": {"fails": 641, "prevFails": 2562, "trend": "falling", "level": "low"}, "ret": {"1w": -2.64, "1m": -4.84, "3m": 5.31, "6m": -5.73, "12m": -1.68}, "vol": 23.2, "beta": 1.12, "ff": {"MKT": 0.0, "SMB": 0.0, "HML": 0.0, "MOM": 0.0}, "flow": {"net1m": -0.04, "net3m": 0.046, "in": 7607465349, "out": 8243324421, "din": 0, "dout": 1471742182}, "fcf": 7082375168, "fcfY": 4.28, "opt": null, "mfi": 50.7, "atr": 2.64, "brk": 1, "hl": 11.9, "vr": 0.78, "jump": 0.32, "pvol": 22.5, "regime": "mean-revert", "mb": {"MKT": 0.46, "DXY": -0.08}, "drv": "MKT", "ema21d": -1.89, "ema21sig": -0.25, "ema21sl": 0.53, "touch": {"up": {"d": 3.08, "p": 0.3}, "dn": {"d": 3.24, "p": 0.24}}, "odds": {"ema": 0.8, "emaDir": "reclaim", "hi": 0.3, "lo": 0.24, "mean": 0.87, "meanDir": "up", "beat": null, "drift": {"hi": -0.27, "lo": 0.14}, "tmed": {"hi": 49.5, "lo": 64.6}, "condHi": 0.42, "flip": 0.22}, "ev": 0.39, "z": {"val": 0.76, "mom": -0.75, "risk": 0.73, "size": 0.8, "fcf": 0.48, "flow": -0.04, "disloc": -0.2, "mfi": 0.22, "ema": -0.27, "contra": 0.38}, "disloc": -0.2, "contra": {"s": 0.32, "dir": "down", "conf": ["value", "MFI"]}, "evPct": 59, "alerts": ["ATR breakout"], "val": {"pe": 25.53647, "fpe": 16.722452, "peg": 1.3348, "evb": 16.059, "epsg": 0.459, "revg": 0.27, "peSec": 20.2, "evSec": 20.5, "peV": "supported", "pegV": "supported", "overall": "supported", "reason": "PEG 1.3348 between 1.0 and 2.0 \u2014 multiple roughly fair for the growth rate. P/E 25.53647 (26% premium to sector 20.2) is SUPPORTED by 46% earnings growth. Projected multiple: forward P/E 16.722452 vs trailing 25.53647 (-35%) \u2014 market prices multiple COMPRESSION, i.e. earnings expected to grow into the price. Price-to-(adjusted) EBITDA: EV/EBITDA 16.059 vs sector 20.5 (-22%). Earnings growth 46% corroborated by revenue growth 27%."}, "deps": [{"f": "S&P 500", "corr": 0.58, "pcorr": 0.58, "sens": 1.86, "sig": true, "stab": "stable", "dir": "with", "lag": 0, "unexp": false}, {"f": "Financials sector", "corr": 0.59, "pcorr": 0.41, "sens": 1.89, "sig": true, "stab": "stable", "dir": "with", "lag": 0, "unexp": false}, {"f": "credit (HYG)", "corr": 0.48, "pcorr": 0.15, "sens": 1.54, "sig": true, "stab": "stable", "dir": "with", "lag": 0, "unexp": false}, {"f": "US dollar", "corr": -0.4, "pcorr": -0.13, "sens": -1.27, "sig": true, "stab": "stable", "dir": "against", "lag": 0, "unexp": true}, {"f": "VIX", "corr": -0.32, "pcorr": -0.0, "sens": -1.04, "sig": true, "stab": "fading", "dir": "against", "lag": 0, "unexp": false}], "macroR2": 36, "secRel": -13.94, "opp": -0.5, "oppPct": 26}