{"t": "BNO", "n": "Brent Crude", "sec": "Commodity", "idx": ["FACTOR"], "mcap": 0, "wr": [0.01027, 0.041, -0.01823, 0.00199, 0.07148, -0.084, -0.01247, 0.01878, 0.01206, -0.0043, -0.00865, 0.01979, 0.02796, -0.0656, 0.01404, -0.0618, 0.07019, -0.01615, -0.00786, -0.00827, 0.00208, 0.01144, 0.00891, -0.0401, -0.01133, 0.01933, -0.01194, 0.08212, -0.00099, 0.04571, 0.01604, 0.01826, 0.03374, -0.00588, 0.19018, 0.19906, 0.0599, -0.01154, 0.07062, -0.12694, -0.03767, 0.15659, 0.08899, -0.07264, 0.08624, -0.04663, -0.04564, -0.01143, -0.11255, -0.07622], "insider": null, "factor": true, "inst": null, "short": {"fails": 10157, "prevFails": 86499, "trend": "falling", "level": "low"}, "ret": {"1w": -7.62, "1m": -22.66, "3m": -16.82, "6m": 50.58, "12m": 45.63}, "vol": 47.0, "beta": -0.92, "ff": {"MKT": 0.0, "SMB": 0.0, "HML": 0.0, "MOM": 0.0}, "flow": {"net1m": -0.222, "net3m": -0.054, "in": 1347820364, "out": 2116187183, "din": 0, "dout": 28094055}, "fcf": null, "fcfY": null, "opt": null, "mfi": 29.5, "atr": 2.79, "brk": 0, "hl": 131.5, "vr": 1.04, "jump": 0.0, "pvol": null, "regime": "random-walk", "mb": {"DXY": 0.07, "OIL": 0.62}, "drv": "OIL", "ema21d": -12.21, "ema21sig": -1.03, "ema21sl": -6.07, "touch": {"up": {"d": 14.83, "p": 0.0}, "dn": {"d": 0.0, "p": 1.0}}, "odds": {"ema": 0.27, "emaDir": "reclaim", "hi": 0.0, "lo": 1.0, "mean": 0.09, "meanDir": "up", "beat": null, "drift": {"hi": -0.0, "lo": 0.0}, "tmed": {"hi": 252, "lo": 0.0}, "condHi": 0.01, "flip": 0.36}, "ev": 0.0, "z": {"val": -0.12, "mom": 2.22, "risk": -1.83, "size": -1.2, "fcf": 0.0, "flow": -0.86, "disloc": -1.7, "mfi": -1.14, "ema": -1.93, "contra": -0.3}, "disloc": -1.7, "contra": {"s": 0.23, "dir": "down", "conf": ["momentum"]}, "evPct": 40, "alerts": ["breakdown odds 100%"], "val": {"pe": null, "fpe": null, "peg": null, "evb": null, "epsg": null, "revg": null, "peSec": null, "evSec": null, "peV": null, "pegV": null, "overall": "n/a", "reason": "No positive trailing earnings \u2014 P/E and PEG not meaningful; judge on EV/EBITDA and cash flow."}, "deps": [{"f": "WTI oil", "corr": 0.71, "pcorr": 0.7, "sens": 4.65, "sig": true, "stab": "stable", "dir": "with", "lag": 0, "unexp": false}, {"f": "credit (HYG)", "corr": -0.36, "pcorr": -0.27, "sens": -2.32, "sig": true, "stab": "stable", "dir": "against", "lag": 0, "unexp": true}], "macroR2": 54, "secRel": -16.82, "opp": -0.37, "oppPct": 36}