{"t": "C", "n": "Citigroup", "sec": "Financials", "idx": ["SPX"], "mcap": 247257497600, "wr": [0.06322, -0.00556, 0.04931, 0.06632, -0.00188, -0.03103, 0.02624, -0.01564, 0.03971, 0.00217, 0.01792, 0.03633, -0.00293, -0.04671, -0.01459, 0.00354, 0.00447, 0.03651, 0.01229, -0.00178, -0.0302, 0.06115, 0.05097, 0.02682, 0.02737, 0.02847, 0.03699, -0.05061, -0.02098, 0.00299, 0.03364, -0.00034, -0.01567, 0.00554, -0.06231, -0.03167, 0.04123, 0.0233, 0.02526, 0.07931, 0.06263, -0.03177, -0.00422, -0.01017, -0.01697, 0.01353, 0.03198, 0.03246, 0.0595, 0.02663], "insider": null, "inst": null, "short": {"fails": 1616, "prevFails": 42317, "trend": "falling", "level": "low"}, "ret": {"1w": 2.66, "1m": 15.89, "3m": 32.6, "6m": 30.96, "12m": 82.72}, "vol": 23.7, "beta": 0.86, "ff": {"MKT": 0.0, "SMB": 0.0, "HML": 0.0, "MOM": 0.0}, "flow": {"net1m": 0.269, "net3m": 0.113, "in": 22321927463, "out": 12853493279, "din": 0, "dout": 1510356186}, "fcf": null, "fcfY": null, "opt": {"pw": 110.0, "cw": 150.0, "pcr": 1.27, "gex": 130.0}, "mfi": 82.5, "atr": 2.65, "brk": 0, "hl": 78.8, "vr": 0.8, "jump": 0.0, "pvol": 25.3, "regime": "mean-revert", "mb": {"MKT": 0.13, "DXY": -0.09, "VIX": -0.25, "OIL": -0.15}, "drv": "VIX", "ema21d": 6.2, "ema21sig": 0.76, "ema21sl": 3.57, "touch": {"up": {"d": 0.18, "p": 0.95}, "dn": {"d": 9.96, "p": 0.0}}, "odds": {"ema": 0.46, "emaDir": "lose-support", "hi": 0.95, "lo": 0.0, "mean": 0.11, "meanDir": "down", "beat": null, "drift": {"hi": -0.05, "lo": -0.0}, "tmed": {"hi": 0.2, "lo": 252}, "condHi": 0.95, "flip": 0.24}, "ev": 0.46, "z": {"val": -2.3, "mom": 1.11, "risk": 0.33, "size": 0.79, "fcf": 0.0, "flow": 1.32, "disloc": 2.0, "mfi": 2.13, "ema": 1.86, "contra": -0.71}, "disloc": 2.0, "contra": {"s": 0.18, "dir": "up", "conf": ["value"]}, "evPct": 61, "alerts": ["breakout odds 95%", "mean-revert setup (rich vs EMA21)", "aligned uptrend"], "val": {"pe": 17.941832, "fpe": 11.5398, "peg": 0.7941, "evb": null, "epsg": 0.561, "revg": 0.159, "peSec": 20.2, "evSec": 20.5, "peV": "supported", "pegV": "supported", "overall": "supported", "reason": "PEG 0.7941 \u2264 1.0 \u2014 earnings growth more than covers the multiple (cheap for growth). P/E 17.941832 (11% discount to sector 20.2) is SUPPORTED by 56% earnings growth. Projected multiple: forward P/E 11.5398 vs trailing 17.941832 (-36%) \u2014 market prices multiple COMPRESSION, i.e. earnings expected to grow into the price. Earnings growth 56% corroborated by revenue growth 16%."}, "deps": [{"f": "Financials sector", "corr": 0.89, "pcorr": 0.86, "sens": 2.92, "sig": true, "stab": "stable", "dir": "with", "lag": 0, "unexp": false}, {"f": "S&P 500", "corr": 0.43, "pcorr": 0.43, "sens": 1.43, "sig": true, "stab": "stable", "dir": "with", "lag": 0, "unexp": false}, {"f": "VIX", "corr": -0.45, "pcorr": -0.28, "sens": -1.49, "sig": true, "stab": "stable", "dir": "against", "lag": 0, "unexp": false}, {"f": "credit (HYG)", "corr": 0.46, "pcorr": 0.25, "sens": 1.52, "sig": true, "stab": "stable", "dir": "with", "lag": 0, "unexp": false}, {"f": "WTI oil", "corr": -0.29, "pcorr": -0.22, "sens": -0.96, "sig": true, "stab": "stable", "dir": "against", "lag": 0, "unexp": false}, {"f": "US dollar", "corr": -0.35, "pcorr": -0.16, "sens": -1.17, "sig": true, "stab": "stable", "dir": "against", "lag": 0, "unexp": true}], "macroR2": 32, "secRel": 13.35, "opp": 1.07, "oppPct": 93}