{"t": "CAT", "n": "Caterpillar", "sec": "Industrials", "idx": ["DOW", "SPX"], "mcap": 453333024768, "wr": [0.04799, 0.0288, 0.02661, 0.03942, 0.01527, -0.01474, -0.03278, 0.01665, 0.02872, -0.02877, 0.02656, 0.08248, -0.00694, 0.0579, 0.01996, 0.08114, -0.03506, 0.12037, -0.02293, -0.02848, -0.0134, 0.05425, 0.04761, -0.00875, -0.03624, 0.00415, 0.07687, 0.02157, 0.01628, -0.00325, 0.07546, 0.12023, -0.01867, -0.00999, -0.06222, -0.00763, -0.01718, 0.02111, 0.01995, 0.1024, 0.00505, 0.04747, 0.07087, 0.00874, -0.01018, -0.00948, -0.01651, 0.0581, 0.01998, 0.05387], "insider": null, "inst": null, "short": {"fails": 1348, "prevFails": 19265, "trend": "falling", "level": "low"}, "ret": {"1w": 5.39, "1m": 11.86, "3m": 43.2, "6m": 65.32, "12m": 166.72}, "vol": 30.3, "beta": 0.41, "ff": {"MKT": 0.0, "SMB": 0.0, "HML": 0.0, "MOM": 0.0}, "flow": {"net1m": 0.262, "net3m": 0.184, "in": 37233809066, "out": 21762728133, "din": 0, "dout": 4098877282}, "fcf": 3776624896, "fcfY": 0.83, "opt": {"pw": 900.0, "cw": 1020.0, "pcr": 1.16, "gex": 960.0}, "mfi": 70.8, "atr": 3.92, "brk": 0, "hl": 243.4, "vr": 0.74, "jump": 0.02, "pvol": 32.6, "regime": "mean-revert", "mb": {"VIX": -0.09}, "drv": "VIX", "ema21d": 5.98, "ema21sig": 0.59, "ema21sl": 3.59, "touch": {"up": {"d": 0.99, "p": 0.71}, "dn": {"d": 8.25, "p": 0.0}}, "odds": {"ema": 0.57, "emaDir": "lose-support", "hi": 0.71, "lo": 0.0, "mean": 0.15, "meanDir": "down", "beat": null, "drift": {"hi": -0.29, "lo": -0.0}, "tmed": {"hi": 6.4, "lo": 252}, "condHi": 0.74, "flip": 0.34}, "ev": 2.74, "z": {"val": -2.81, "mom": 2.84, "risk": -0.3, "size": 0.84, "fcf": -0.4, "flow": 1.29, "disloc": 0.71, "mfi": 1.48, "ema": 1.49, "contra": -0.71}, "disloc": 0.71, "contra": {"s": 0.18, "dir": "up", "conf": ["value"]}, "evPct": 96, "alerts": ["breakout odds 71%", "mean-revert setup (rich vs EMA21)", "aligned uptrend"], "val": {"pe": 49.11377, "fpe": 32.68571, "peg": 2.4249, "evb": 35.079, "epsg": 0.302, "revg": 0.222, "peSec": 34.2, "evSec": 17.4, "peV": "rejected", "pegV": "rejected", "overall": "rejected", "reason": "PEG 2.4249 > 2.0 \u2014 price NOT justified by earnings growth (stretched). P/E 49.11377 sits 43% above sector 34.2 without commensurate growth \u2014 REJECTED as rich. Projected multiple: forward P/E 32.68571 vs trailing 49.11377 (-33%) \u2014 market prices multiple COMPRESSION, i.e. earnings expected to grow into the price. Price-to-(adjusted) EBITDA: EV/EBITDA 35.079 vs sector 17.4 (+101%). Earnings growth 30% corroborated by revenue growth 22%."}, "deps": [{"f": "Industrials sector", "corr": 0.44, "pcorr": 0.41, "sens": 1.83, "sig": true, "stab": "stable", "dir": "with", "lag": 0, "unexp": false}], "macroR2": 5, "secRel": 34.74, "opp": 2.1, "oppPct": 99}