{"t": "CCI", "n": "Crown Castle", "sec": "Real Estate", "idx": ["SPX"], "mcap": 36805996544, "wr": [0.00514, -0.00299, 0.00367, 0.05723, -0.02515, -0.01571, -0.03296, 0.01021, -0.02635, -0.04683, 0.00126, -0.01645, 0.01097, 0.01575, 0.01215, 0.0149, 0.00214, -0.07072, -0.03844, 0.03189, -0.00541, 0.01287, -0.02191, 0.01882, -0.04224, 0.02973, -0.01726, -0.00367, 0.00415, -0.02616, 0.01437, -0.00046, 0.00465, -0.00081, 0.04294, -0.04439, 0.00027, -0.08346, 0.08734, 0.01781, 0.02804, -0.02672, 0.03382, 0.01468, -0.04317, 0.05539, -0.0047, 0.00835, -0.02195, -0.0497], "insider": null, "inst": null, "short": {"fails": 5646, "prevFails": 1111, "trend": "rising", "level": "low"}, "ret": {"1w": -4.97, "1m": -6.72, "3m": 0.29, "6m": -3.91, "12m": -14.35}, "vol": 23.3, "beta": 0.52, "ff": {"MKT": 0.0, "SMB": 0.0, "HML": 0.0, "MOM": 0.0}, "flow": {"net1m": 0.013, "net3m": 0.104, "in": 3989008770, "out": 3890269391, "din": 248363830, "dout": 0}, "fcf": 1202875008, "fcfY": 3.27, "opt": null, "mfi": 42.8, "atr": 3.28, "brk": 0, "hl": 18.1, "vr": 0.94, "jump": 0.17, "pvol": 27.3, "regime": "random-walk", "mb": {"MKT": 0.18, "RATE": -0.11, "OIL": 0.16}, "drv": "MKT", "ema21d": -4.17, "ema21sig": -0.52, "ema21sl": -2.37, "touch": {"up": {"d": 3.28, "p": 0.2}, "dn": {"d": 2.99, "p": 0.2}}, "odds": {"ema": 0.59, "emaDir": "reclaim", "hi": 0.2, "lo": 0.2, "mean": 0.73, "meanDir": "up", "beat": null, "drift": {"hi": 0.05, "lo": -0.07}, "tmed": {"hi": 75.1, "lo": 76.4}, "condHi": 0.23, "flip": 0.18}, "ev": 0.19, "z": {"val": 1.31, "mom": -0.65, "risk": -0.13, "size": 0.68, "fcf": 0.22, "flow": 0.2, "disloc": -0.18, "mfi": -0.28, "ema": -0.84, "contra": 1.05}, "disloc": -0.18, "contra": {"s": 0.41, "dir": "down", "conf": ["flow", "value"]}, "evPct": 48, "alerts": [], "val": {"pe": 35.58228, "fpe": 28.476877, "peg": 1.356, "evb": 24.407, "epsg": null, "revg": -0.048, "peSec": 36.0, "evSec": 22.4, "peV": "supported", "pegV": "supported", "overall": "supported", "reason": "PEG 1.356 between 1.0 and 2.0 \u2014 multiple roughly fair for the growth rate. P/E 35.58228 broadly in line with sector 36.0 \u2014 supported. Projected multiple: forward P/E 28.476877 vs trailing 35.58228 (-20%) \u2014 market prices multiple COMPRESSION, i.e. earnings expected to grow into the price. Price-to-(adjusted) EBITDA: EV/EBITDA 24.407 vs sector 22.4 (+9%)."}, "deps": [{"f": "Real Estate sector", "corr": 0.78, "pcorr": 0.76, "sens": 2.51, "sig": true, "stab": "stable", "dir": "with", "lag": 0, "unexp": false}, {"f": "credit (HYG)", "corr": 0.43, "pcorr": 0.35, "sens": 1.39, "sig": true, "stab": "stable", "dir": "with", "lag": 0, "unexp": false}], "macroR2": 17, "secRel": -6.56, "opp": -0.55, "oppPct": 21}