{"t": "CEW", "n": "EM Currencies", "sec": "FX", "idx": ["FACTOR"], "mcap": 0, "wr": [0.01078, -0.00906, -0.00054, 0.00646, -0.01497, 0.00923, 0.00699, -0.00694, 0.00592, -0.0016, 0.00857, 0.00478, -0.0074, 0.00213, -0.00106, 0.00532, 0.00317, 0.00316, 0.0021, 0.0042, -0.00784, 0.00632, 0.0068, 0.00208, 0.00052, 0.00132, 0.00849, 0.00053, 0.00631, 0.01463, -0.00515, 0.00932, -0.00564, 0.00774, -0.02457, -0.0042, 0.00316, -0.00735, 0.00847, 0.01364, 0.01242, -0.00716, -0.00051, 0.00824, -0.01635, 0.00623, 0.00568, -0.01489, 0.02293], "insider": null, "factor": true, "inst": null, "short": {"fails": 2696, "prevFails": 1210, "trend": "rising", "level": "low"}, "ret": {"1w": 2.29, "1m": 1.97, "3m": 3.42, "6m": 4.55, "12m": 8.38}, "vol": 6.4, "beta": -0.06, "ff": {"MKT": 0.0, "SMB": 0.0, "HML": 0.0, "MOM": 0.0}, "flow": {"net1m": -0.387, "net3m": -0.058, "in": 315285, "out": 713342, "din": 21373, "dout": 0}, "fcf": null, "fcfY": null, "opt": null, "mfi": 17.1, "atr": 0.36, "brk": 0, "hl": 54.1, "vr": 0.77, "jump": 0.13, "pvol": null, "regime": "mean-revert", "mb": {"MKT": -0.09, "DXY": 0.06, "RATE": 0.07, "VIX": -0.15, "OIL": -0.2}, "drv": "OIL", "ema21d": 0.0, "ema21sig": 0.0, "ema21sl": 0.19, "touch": {"up": {"d": 2.89, "p": 0.58}, "dn": {"d": 8.52, "p": 0.09}}, "odds": {"ema": 1.0, "emaDir": "lose-support", "hi": 0.58, "lo": 0.09, "mean": 0.82, "meanDir": "down", "beat": null, "drift": {"hi": 0.0, "lo": -0.0}, "tmed": {"hi": 14.3, "lo": 130.1}, "condHi": 0.65, "flip": 0.23}, "ev": 0.32, "z": {"val": -0.5, "mom": -0.2, "risk": -0.94, "size": -1.2, "fcf": 0.0, "flow": -1.59, "disloc": -0.14, "mfi": -1.93, "ema": 0.26, "contra": -1.97}, "disloc": -0.14, "contra": {"s": 0.0, "dir": "down", "conf": []}, "evPct": 55, "alerts": [], "val": {"pe": null, "fpe": null, "peg": null, "evb": null, "epsg": null, "revg": null, "peSec": null, "evSec": null, "peV": null, "pegV": null, "overall": "n/a", "reason": "No positive trailing earnings \u2014 P/E and PEG not meaningful; judge on EV/EBITDA and cash flow."}, "deps": [{"f": "WTI oil", "corr": -0.24, "pcorr": -0.27, "sens": -0.21, "sig": false, "stab": "stable", "dir": "against", "lag": 1, "unexp": false}], "macroR2": 19, "secRel": 3.42, "opp": 0.09, "oppPct": 56}