{"t": "CL", "n": "Colgate", "sec": "Consumer Staples", "idx": ["SPX"], "mcap": 73161310208, "wr": [-0.005, -0.0428, 0.01896, -0.03367, -0.01387, 0.02045, -0.00336, -0.01859, -0.00924, 0.00466, -0.0301, -0.02245, -0.01744, -0.00638, 0.00347, 0.01135, -0.0246, 0.00993, 0.01967, 0.00089, 0.0194, -0.02886, 0.00346, 0.00026, 0.01697, -0.03125, 0.07461, 0.02759, 0.00319, 0.11024, 0.00996, -0.01395, 0.03799, -0.05003, -0.05093, -0.02786, -0.01591, 0.01189, -0.0094, 0.01743, -0.00739, 0.03083, 0.00332, 0.00662, 0.02814, -0.02406, -0.02669, 0.0524, 0.00938], "insider": null, "inst": null, "short": {"fails": 681, "prevFails": 874, "trend": "falling", "level": "low"}, "ret": {"1w": 0.94, "1m": 0.9, "3m": 7.6, "6m": 18.15, "12m": 1.85}, "vol": 21.5, "beta": 0.3, "ff": {"MKT": 0.0, "SMB": 0.0, "HML": 0.0, "MOM": 0.0}, "flow": {"net1m": -0.116, "net3m": 0.18, "in": 4403307769, "out": 5564413592, "din": 323082718, "dout": 0}, "fcf": 3319500032, "fcfY": 4.54, "opt": null, "mfi": 51.8, "atr": 2.72, "brk": 0, "hl": 38.3, "vr": 0.95, "jump": 0.21, "pvol": 23.9, "regime": "random-walk", "mb": {"MKT": 0.08}, "drv": "MKT", "ema21d": 2.54, "ema21sig": 0.4, "ema21sl": 0.69, "touch": {"up": {"d": 0.09, "p": 0.97}, "dn": {"d": 3.87, "p": 0.08}}, "odds": {"ema": 0.69, "emaDir": "lose-support", "hi": 0.97, "lo": 0.08, "mean": 0.4, "meanDir": "down", "beat": null, "drift": {"hi": 0.37, "lo": -0.12}, "tmed": {"hi": 0.1, "lo": 144.0}, "condHi": 1.0, "flip": 0.21}, "ev": -0.6, "z": {"val": 0.61, "mom": 0.51, "risk": -0.43, "size": 0.74, "fcf": 0.54, "flow": -0.38, "disloc": 0.36, "mfi": 0.29, "ema": 1.11, "contra": -0.28}, "disloc": 0.36, "contra": {"s": 0.23, "dir": "up", "conf": ["flow"]}, "evPct": 20, "alerts": ["breakout odds 97%"], "val": {"pe": 35.437984, "fpe": 22.615683, "peg": 1.5842, "evb": 16.268, "epsg": -0.059, "revg": 0.084, "peSec": 27.3, "evSec": 18.2, "peV": "supported", "pegV": "supported", "overall": "supported", "reason": "PEG 1.5842 between 1.0 and 2.0 \u2014 multiple roughly fair for the growth rate. P/E 35.437984 broadly in line with sector 27.3 \u2014 supported. Projected multiple: forward P/E 22.615683 vs trailing 35.437984 (-36%) \u2014 market prices multiple COMPRESSION, i.e. earnings expected to grow into the price. Price-to-(adjusted) EBITDA: EV/EBITDA 16.268 vs sector 18.2 (-11%). Earnings growth -6% NOT corroborated by revenue growth 8%."}, "deps": [{"f": "Consumer Staples sector", "corr": 0.82, "pcorr": 0.82, "sens": 2.44, "sig": true, "stab": "stable", "dir": "with", "lag": 0, "unexp": false}], "macroR2": 4, "secRel": 3.93, "opp": 0.37, "oppPct": 70}