{"t": "CMCSA", "n": "Comcast", "sec": "Communication", "idx": ["NDX", "SPX"], "mcap": 81446805504, "wr": [0.03181, -0.01056, -0.03425, 0.04041, -0.09193, -0.01046, 0.02425, 0.01063, 0.01562, 0.00414, -0.0162, -0.05269, -0.00063, -0.02838, -0.01053, -0.02726, 0.00137, -0.06758, -0.00037, 0.02417, -0.04791, 0.00225, 0.02323, -0.00293, 0.08593, 0.01015, -0.02052, 0.03866, 0.02629, -0.01661, 0.07357, 0.06492, -0.03387, -0.01689, 0.02431, -0.04557, -0.03912, -0.00897, -0.0162, 0.0, 0.06087, -0.06986, -0.01343, -0.06583, -0.0252, 0.01817, -0.00635, -0.0515, 0.00884, -0.04881], "insider": null, "inst": null, "short": {"fails": 866, "prevFails": 138630, "trend": "falling", "level": "low"}, "ret": {"1w": -4.88, "1m": -9.56, "3m": -20.41, "6m": -8.56, "12m": -27.88}, "vol": 27.2, "beta": 0.52, "ff": {"MKT": 0.0, "SMB": 0.0, "HML": 0.0, "MOM": 0.0}, "flow": {"net1m": -0.308, "net3m": -0.112, "in": 5606716049, "out": 10595456628, "din": 883747419, "dout": 0}, "fcf": 4013125120, "fcfY": 4.93, "opt": null, "mfi": 41.4, "atr": 3.15, "brk": 0, "hl": 50.0, "vr": 0.8, "jump": 0.3, "pvol": 27.1, "regime": "mean-revert", "mb": {"DXY": -0.23}, "drv": "DXY", "ema21d": -4.61, "ema21sig": -0.55, "ema21sl": -2.88, "touch": {"up": {"d": 12.3, "p": 0.0}, "dn": {"d": 0.67, "p": 0.8}}, "odds": {"ema": 0.57, "emaDir": "reclaim", "hi": 0.0, "lo": 0.8, "mean": 0.09, "meanDir": "up", "beat": null, "drift": {"hi": -0.0, "lo": -0.2}, "tmed": {"hi": 252, "lo": 2.9}, "condHi": 0.0, "flip": 0.36}, "ev": -1.68, "z": {"val": 1.68, "mom": -0.89, "risk": -0.13, "size": 0.75, "fcf": 0.64, "flow": -1.25, "disloc": -0.6, "mfi": -0.37, "ema": -0.91, "contra": -0.68}, "disloc": -0.6, "contra": {"s": 0.18, "dir": "down", "conf": ["value"]}, "evPct": 4, "alerts": ["breakdown odds 80%", "mean-revert setup (cheap vs EMA21)"], "val": {"pe": 4.470588, "fpe": 6.0257998, "peg": 142.9829, "evb": 4.717, "epsg": -0.326, "revg": 0.053, "peSec": 18.1, "evSec": 10.5, "peV": "supported", "pegV": "rejected", "overall": "mixed", "reason": "PEG 142.9829 > 2.0 \u2014 price NOT justified by earnings growth (stretched). P/E 4.470588 is a 75% discount to sector 18.1 \u2014 relatively cheap, supported. Projected multiple: forward P/E 6.0257998 vs trailing 4.470588 (+35%) \u2014 market prices multiple EXPANSION, i.e. earnings expected to fall or a re-rate higher. Price-to-(adjusted) EBITDA: EV/EBITDA 4.717 vs sector 10.5 (-55%). Earnings growth -33% NOT corroborated by revenue growth 5%."}, "deps": [{"f": "Communication sector", "corr": 0.68, "pcorr": 0.67, "sens": 2.55, "sig": true, "stab": "stable", "dir": "with", "lag": 0, "unexp": false}, {"f": "US dollar", "corr": -0.33, "pcorr": -0.25, "sens": -1.23, "sig": true, "stab": "stable", "dir": "against", "lag": 0, "unexp": false}, {"f": "credit (HYG)", "corr": 0.31, "pcorr": 0.22, "sens": 1.18, "sig": true, "stab": "stable", "dir": "with", "lag": 0, "unexp": false}], "macroR2": 13, "secRel": -12.61, "opp": -1.05, "oppPct": 6}