{"t": "COP", "n": "ConocoPhillips", "sec": "Energy", "idx": ["SPX"], "mcap": 133975793664, "wr": [0.02909, 0.02761, -0.03195, 0.03858, 0.01715, -0.03683, 0.02975, -0.00216, 0.03172, -0.02176, -0.01712, -0.00691, 0.03562, -0.03543, -0.01531, -0.05481, 0.03647, -0.02154, -0.02814, 0.04389, -0.01273, 0.01395, 0.05638, 0.01975, -0.03768, 0.0075, 0.04836, -0.00669, 0.00715, 0.04364, 0.06115, 0.03365, 0.01123, -0.00798, 0.05528, 0.02945, 0.0479, 0.05737, -0.02049, -0.06106, -0.05312, 0.04929, 0.01174, -0.07566, 0.08299, -0.01593, -0.04051, 0.02864, -0.05577, -0.0204], "insider": null, "inst": null, "short": {"fails": 46519, "prevFails": 2770, "trend": "rising", "level": "low"}, "ret": {"1w": -2.04, "1m": -8.71, "3m": -12.09, "6m": 16.86, "12m": 27.1}, "vol": 27.2, "beta": -0.6, "ff": {"MKT": 0.0, "SMB": 0.0, "HML": 0.0, "MOM": 0.0}, "flow": {"net1m": -0.237, "net3m": -0.17, "in": 6908732749, "out": 11196842830, "din": 775752032, "dout": 0}, "fcf": 5289124864, "fcfY": 3.95, "opt": null, "mfi": 41.2, "atr": 3.17, "brk": 0, "hl": 62.9, "vr": 0.88, "jump": 0.03, "pvol": 24.0, "regime": "random-walk", "mb": {"MKT": -0.2, "VIX": -0.19, "OIL": 0.37}, "drv": "OIL", "ema21d": -4.11, "ema21sig": -0.48, "ema21sl": -2.47, "touch": {"up": {"d": 6.55, "p": 0.03}, "dn": {"d": 0.64, "p": 0.81}}, "odds": {"ema": 0.62, "emaDir": "reclaim", "hi": 0.03, "lo": 0.81, "mean": 0.29, "meanDir": "up", "beat": null, "drift": {"hi": 0.01, "lo": -0.02}, "tmed": {"hi": 227.7, "lo": 2.7}, "condHi": 0.04, "flip": 0.32}, "ev": -1.02, "z": {"val": -0.11, "mom": 0.41, "risk": -1.71, "size": 0.74, "fcf": 0.39, "flow": -0.96, "disloc": -1.17, "mfi": -0.44, "ema": -0.83, "contra": -0.32}, "disloc": -1.17, "contra": {"s": 0.23, "dir": "down", "conf": ["momentum"]}, "evPct": 13, "alerts": ["breakdown odds 81%"], "val": {"pe": 18.638983, "fpe": 11.959214, "peg": 0.9302, "evb": 6.451, "epsg": -0.202, "revg": -0.053, "peSec": 19.8, "evSec": 10.6, "peV": "supported", "pegV": "supported", "overall": "supported", "reason": "PEG 0.9302 \u2264 1.0 \u2014 earnings growth more than covers the multiple (cheap for growth). P/E 18.638983 broadly in line with sector 19.8 \u2014 supported. Projected multiple: forward P/E 11.959214 vs trailing 18.638983 (-36%) \u2014 market prices multiple COMPRESSION, i.e. earnings expected to grow into the price. Price-to-(adjusted) EBITDA: EV/EBITDA 6.451 vs sector 10.6 (-39%). Earnings growth -20% NOT corroborated by revenue growth -5%."}, "deps": [{"f": "Energy sector", "corr": 0.91, "pcorr": 0.9, "sens": 3.42, "sig": true, "stab": "stable", "dir": "with", "lag": 0, "unexp": false}, {"f": "WTI oil", "corr": 0.48, "pcorr": 0.45, "sens": 1.81, "sig": true, "stab": "stable", "dir": "with", "lag": 0, "unexp": false}, {"f": "credit (HYG)", "corr": -0.35, "pcorr": -0.24, "sens": -1.31, "sig": true, "stab": "stable", "dir": "against", "lag": 0, "unexp": true}], "macroR2": 36, "secRel": -6.96, "opp": -0.48, "oppPct": 26}