{"t": "CORN", "n": "Corn", "sec": "Commodity", "idx": ["FACTOR"], "mcap": 0, "wr": [-0.01457, -0.01081, 0.0138, -0.00908, -0.01259, -0.01913, -0.00709, 0.01607, 0.00176, 0.03158, -0.00227, 0.00795, -0.00113, -0.00282, -0.01245, 0.00344, 0.00914, 0.00905, 0.0, 0.02468, -0.03667, 0.02102, -0.00668, -0.0056, 0.00225, 0.00169, -0.00056, -0.04548, 0.00882, 0.01633, -0.00229, 0.00345, 0.00229, 0.01429, 0.02537, 0.02199, 0.01291, -0.00637, -0.02779, -0.02419, 0.01127, 0.01783, 0.03394, -0.01482, -0.02526, 0.01213, -0.02505, -0.04916, -0.0094, -0.00712], "insider": null, "factor": true, "inst": null, "short": {"fails": 12256, "prevFails": 28575, "trend": "falling", "level": "low"}, "ret": {"1w": -0.71, "1m": -8.82, "3m": -11.1, "6m": -5.69, "12m": -6.16}, "vol": 13.2, "beta": 0.1, "ff": {"MKT": 0.0, "SMB": 0.0, "HML": 0.0, "MOM": 0.0}, "flow": {"net1m": -0.456, "net3m": -0.125, "in": 42483795, "out": 113800820, "din": 0, "dout": 3694953}, "fcf": null, "fcfY": null, "opt": null, "mfi": 34.0, "atr": 0.82, "brk": 0, "hl": 13.2, "vr": 0.71, "jump": 0.0, "pvol": null, "regime": "mean-revert", "mb": {"DXY": -0.12, "OIL": 0.2}, "drv": "OIL", "ema21d": -3.19, "ema21sig": -0.72, "ema21sl": -1.39, "touch": {"up": {"d": 17.26, "p": 0.0}, "dn": {"d": 0.15, "p": 0.98}}, "odds": {"ema": 0.46, "emaDir": "reclaim", "hi": 0.0, "lo": 0.98, "mean": 0.09, "meanDir": "up", "beat": null, "drift": {"hi": -0.0, "lo": 0.03}, "tmed": {"hi": 252, "lo": 0.0}, "condHi": 0.0, "flip": 0.28}, "ev": -0.12, "z": {"val": 1.18, "mom": -0.74, "risk": -0.73, "size": -1.2, "fcf": 0.0, "flow": -1.91, "disloc": -1.87, "mfi": -0.85, "ema": -1.27, "contra": -0.68}, "disloc": -1.87, "contra": {"s": 0.18, "dir": "down", "conf": ["value"]}, "evPct": 31, "alerts": ["breakdown odds 98%"], "val": {"pe": null, "fpe": null, "peg": null, "evb": null, "epsg": null, "revg": null, "peSec": null, "evSec": null, "peV": null, "pegV": null, "overall": "n/a", "reason": "No positive trailing earnings \u2014 P/E and PEG not meaningful; judge on EV/EBITDA and cash flow."}, "deps": [{"f": "WTI oil", "corr": 0.27, "pcorr": 0.3, "sens": 0.49, "sig": false, "stab": "stable", "dir": "with", "lag": 0, "unexp": false}], "macroR2": 12, "secRel": -11.1, "opp": -0.83, "oppPct": 12}