{"t": "COST", "n": "Costco", "sec": "Consumer Staples", "idx": ["NDX", "SPX"], "mcap": 424710799360, "wr": [-0.01593, -0.00393, -0.03128, -0.0107, -0.01453, 0.0457, 0.01062, 0.01606, -0.0453, 0.00672, 0.00881, -0.0124, -0.0095, -0.02813, 0.02849, -0.01832, 0.01775, -0.02322, 0.00511, 0.00162, -0.03436, 0.02273, -0.0207, -0.01141, -0.03262, 0.01428, 0.0245, 0.05942, 0.04345, -0.02247, 0.01968, -0.00021, 0.0099, -0.00109, -0.00423, 0.02112, -0.02845, 0.005, 0.03604, -0.01625, 0.00142, 0.01126, 0.002, -0.00288, 0.03981, -0.01974, -0.07987, 0.03027, 0.00482, -0.02223], "insider": null, "inst": null, "short": {"fails": 4364, "prevFails": 1636, "trend": "rising", "level": "low"}, "ret": {"1w": -2.22, "1m": -6.86, "3m": -1.61, "6m": 8.58, "12m": -3.88}, "vol": 18.6, "beta": -0.12, "ff": {"MKT": 0.0, "SMB": 0.0, "HML": 0.0, "MOM": 0.0}, "flow": {"net1m": -0.264, "net3m": -0.001, "in": 18105406784, "out": 31089581141, "din": 2288015297, "dout": 0}, "fcf": 6954375168, "fcfY": 1.64, "opt": {"pw": 630.0, "cw": 1150.0, "pcr": 1.67, "gex": 890.0}, "mfi": 56.0, "atr": 2.01, "brk": 0, "hl": 21.2, "vr": 1.11, "jump": 0.13, "pvol": 21.7, "regime": "random-walk", "mb": {"OIL": 0.16}, "drv": "OIL", "ema21d": -2.11, "ema21sig": -0.39, "ema21sl": -1.05, "touch": {"up": {"d": 7.09, "p": 0.01}, "dn": {"d": 0.6, "p": 0.82}}, "odds": {"ema": 0.7, "emaDir": "reclaim", "hi": 0.01, "lo": 0.82, "mean": 0.44, "meanDir": "up", "beat": null, "drift": {"hi": -0.0, "lo": -0.1}, "tmed": {"hi": 252, "lo": 2.3}, "condHi": 0.02, "flip": 0.29}, "ev": -0.85, "z": {"val": 0.95, "mom": -0.01, "risk": -1.04, "size": 0.83, "fcf": -0.2, "flow": -1.08, "disloc": -0.97, "mfi": 0.52, "ema": -0.63, "contra": 0.37}, "disloc": -0.97, "contra": {"s": 0.32, "dir": "down", "conf": ["value", "MFI"]}, "evPct": 15, "alerts": ["breakdown odds 82%"], "val": {"pe": 48.17304, "fpe": 42.327145, "peg": 4.6433, "evb": 30.473, "epsg": 0.455, "revg": 0.215, "peSec": 27.7, "evSec": 17.8, "peV": "rejected", "pegV": "rejected", "overall": "rejected", "reason": "PEG 4.6433 > 2.0 \u2014 price NOT justified by earnings growth (stretched). P/E 48.17304 sits 74% above sector 27.7 without commensurate growth \u2014 REJECTED as rich. Projected multiple: forward P/E 42.327145 vs trailing 48.17304 (-12%) \u2014 market prices multiple COMPRESSION, i.e. earnings expected to grow into the price. Price-to-(adjusted) EBITDA: EV/EBITDA 30.473 vs sector 17.8 (+71%). Earnings growth 46% corroborated by revenue growth 22%."}, "deps": [{"f": "Consumer Staples sector", "corr": 0.61, "pcorr": 0.62, "sens": 1.58, "sig": true, "stab": "stable", "dir": "with", "lag": 0, "unexp": false}], "macroR2": 8, "secRel": -5.28, "opp": -0.47, "oppPct": 27}