{"t": "CRM", "n": "Salesforce", "sec": "Technology", "idx": ["DOW", "SPX"], "mcap": 125650976768, "wr": [-0.00364, -0.04787, 0.03594, -0.00902, -0.05906, -0.04872, 0.03974, 0.01505, -0.02458, 0.0093, -0.00639, -0.01363, -0.00859, 0.027, 0.00273, 0.03679, 0.00627, -0.06772, 0.00485, -0.06264, 0.02294, 0.13026, 0.00637, -0.00725, 0.02432, -0.01251, -0.08307, -0.08081, 0.02879, -0.12511, -0.0724, 0.00157, 0.07653, 0.00963, -0.01048, -0.02153, -0.04795, 0.0083, -0.11651, 0.10415, -0.02185, 0.03177, -0.01088, -0.0457, 0.03781, 0.16399, -0.12906, -0.09628, -0.06764], "insider": null, "inst": null, "short": {"fails": 1668644, "prevFails": 6163, "trend": "rising", "level": "elevated"}, "ret": {"1w": -6.76, "1m": -14.58, "3m": -20.92, "6m": -41.1, "12m": -43.1}, "vol": 42.6, "beta": 1.28, "ff": {"MKT": 0.0, "SMB": 0.0, "HML": 0.0, "MOM": 0.0}, "flow": {"net1m": -0.55, "net3m": -0.199, "in": 15318974765, "out": 52834306090, "din": 3069530209, "dout": 0}, "fcf": 16552999936, "fcfY": 13.17, "opt": null, "mfi": 12.5, "atr": 4.67, "brk": 0, "hl": 151.9, "vr": 1.03, "jump": 0.0, "pvol": 42.6, "regime": "random-walk", "mb": {"MKT": 0.16, "DXY": -0.1, "VIX": -0.12}, "drv": "MKT", "ema21d": -9.19, "ema21sig": -0.83, "ema21sl": -5.12, "touch": {"up": {"d": 7.77, "p": 0.01}, "dn": {"d": 0.46, "p": 0.84}}, "odds": {"ema": 0.38, "emaDir": "reclaim", "hi": 0.01, "lo": 0.84, "mean": 0.18, "meanDir": "up", "beat": null, "drift": {"hi": 0.01, "lo": -0.16}, "tmed": {"hi": 252, "lo": 1.8}, "condHi": 0.01, "flip": 0.65}, "ev": -1.44, "z": {"val": 1.61, "mom": -2.35, "risk": 0.95, "size": 0.78, "fcf": 2.38, "flow": -1.99, "disloc": -0.33, "mfi": -2.07, "ema": -1.51, "contra": -0.65}, "disloc": -0.33, "contra": {"s": 0.18, "dir": "down", "conf": ["value"]}, "evPct": 8, "alerts": ["breakdown odds 84%", "rising fails (squeeze watch)"], "val": {"pe": 17.77752, "fpe": 9.900996, "peg": 0.7162, "evb": 12.126, "epsg": 0.522, "revg": 0.133, "peSec": 30.6, "evSec": 28.1, "peV": "supported", "pegV": "supported", "overall": "supported", "reason": "PEG 0.7162 \u2264 1.0 \u2014 earnings growth more than covers the multiple (cheap for growth). P/E 17.77752 (42% discount to sector 30.6) is SUPPORTED by 52% earnings growth. Projected multiple: forward P/E 9.900996 vs trailing 17.77752 (-44%) \u2014 market prices multiple COMPRESSION, i.e. earnings expected to grow into the price. Price-to-(adjusted) EBITDA: EV/EBITDA 12.126 vs sector 28.1 (-57%). Earnings growth 52% corroborated by revenue growth 13%."}, "deps": [{"f": "Technology sector", "corr": 0.68, "pcorr": 0.67, "sens": 3.99, "sig": true, "stab": "stable", "dir": "with", "lag": 0, "unexp": false}, {"f": "S&P 500", "corr": 0.36, "pcorr": 0.36, "sens": 2.14, "sig": true, "stab": "stable", "dir": "with", "lag": 0, "unexp": false}, {"f": "VIX", "corr": -0.32, "pcorr": -0.16, "sens": -1.91, "sig": true, "stab": "stable", "dir": "against", "lag": 0, "unexp": false}, {"f": "US dollar", "corr": -0.31, "pcorr": -0.15, "sens": -1.84, "sig": true, "stab": "stable", "dir": "against", "lag": 0, "unexp": false}], "macroR2": 18, "secRel": -57.83, "opp": -2.04, "oppPct": 1}