{"t": "CSCO", "n": "Cisco", "sec": "Technology", "idx": ["NDX", "SPX"], "mcap": 477504798720, "wr": [0.01782, 0.00849, -0.02743, 0.01855, -0.00495, 0.01362, 0.01719, -0.04673, 0.01982, -0.00658, -0.00441, 0.01463, -0.01209, 0.00678, 0.03034, -0.01244, 0.01708, 0.03757, -0.02565, 0.08925, -0.02507, 0.01988, 0.01339, -0.00218, 0.00797, -0.00803, -0.02773, 0.00319, -0.02359, 0.07152, 0.02786, 0.05397, -0.0816, -0.00586, 0.02446, -0.02837, 0.0099, 0.04649, -0.03301, 0.0405, 0.04901, 0.032, 0.03191, 0.05139, 0.22409, 0.01861, 0.00764, 0.02324, -0.03206, 0.00816], "insider": null, "inst": null, "short": {"fails": 301463, "prevFails": 18659, "trend": "rising", "level": "moderate"}, "ret": {"1w": 0.82, "1m": 0.61, "3m": 55.15, "6m": 57.4, "12m": 82.56}, "vol": 31.2, "beta": 0.6, "ff": {"MKT": 0.0, "SMB": 0.0, "HML": 0.0, "MOM": 0.0}, "flow": {"net1m": 0.021, "net3m": 0.316, "in": 31721839743, "out": 30394543635, "din": 0, "dout": 2743575050}, "fcf": 9288375296, "fcfY": 1.95, "opt": {"pw": 94.0, "cw": 60.0, "pcr": null, "gex": 77.0}, "mfi": 55.6, "atr": 3.5, "brk": 0, "hl": null, "vr": 0.98, "jump": 0.03, "pvol": 33.9, "regime": "random-walk", "mb": {"VIX": -0.22}, "drv": "VIX", "ema21d": 2.15, "ema21sig": 0.24, "ema21sl": 0.71, "touch": {"up": {"d": 2.09, "p": 0.43}, "dn": {"d": 10.49, "p": 0.0}}, "odds": {"ema": 0.81, "emaDir": "lose-support", "hi": 0.43, "lo": 0.0, "mean": 0.04, "meanDir": "down", "beat": null, "drift": {"hi": -0.02, "lo": -0.0}, "tmed": {"hi": 28.6, "lo": 252}, "condHi": 0.5, "flip": 0.73}, "ev": 3.14, "z": {"val": -1.63, "mom": 2.58, "risk": -0.02, "size": 0.88, "fcf": -0.12, "flow": 0.23, "disloc": -0.25, "mfi": 0.54, "ema": 0.77, "contra": -0.68}, "disloc": -0.25, "contra": {"s": 0.18, "dir": "up", "conf": ["value"]}, "evPct": 97, "alerts": ["positive edge +3.14%", "vol regime shifting", "aligned uptrend"], "val": {"pe": 40.383335, "fpe": 25.364664, "peg": 1.6866, "evb": 29.039, "epsg": 0.371, "revg": 0.12, "peSec": 30.7, "evSec": 28.1, "peV": "supported", "pegV": "supported", "overall": "supported", "reason": "PEG 1.6866 between 1.0 and 2.0 \u2014 multiple roughly fair for the growth rate. P/E 40.383335 broadly in line with sector 30.7 \u2014 supported. Projected multiple: forward P/E 25.364664 vs trailing 40.383335 (-37%) \u2014 market prices multiple COMPRESSION, i.e. earnings expected to grow into the price. Price-to-(adjusted) EBITDA: EV/EBITDA 29.039 vs sector 28.1 (+3%). Earnings growth 37% corroborated by revenue growth 12%."}, "deps": [{"f": "VIX", "corr": -0.31, "pcorr": -0.23, "sens": -1.35, "sig": true, "stab": "stable", "dir": "against", "lag": 0, "unexp": false}], "macroR2": 11, "secRel": 18.24, "opp": 1.68, "oppPct": 97}