{"t": "CVX", "n": "Chevron", "sec": "Energy", "idx": ["DOW", "SPX"], "mcap": 350481350656, "wr": [0.05118, -0.02026, 0.02134, 0.00287, -0.00508, 0.02022, -0.00606, 0.03929, -0.00973, 0.00355, 0.00373, 0.01184, -0.04573, -0.01128, 0.00046, 0.03197, -0.01942, -0.00378, 0.01726, -0.02308, 0.00546, -0.00748, -7e-05, -0.01493, 0.02193, 0.03676, 0.04683, 0.01745, 0.01919, 0.0665, 0.02533, 0.00413, -0.00336, 0.03117, 0.03723, 0.02269, 0.03152, -0.04245, -0.05237, -0.02418, 0.00663, 0.02926, -0.04726, 0.0522, 0.0109, -0.02925, 0.01835, -0.04671, -0.0245], "insider": null, "inst": null, "short": {"fails": 54500, "prevFails": 6219, "trend": "rising", "level": "low"}, "ret": {"1w": -2.45, "1m": -8.07, "3m": -11.84, "6m": 19.56, "12m": 25.95}, "vol": 20.3, "beta": -0.48, "ff": {"MKT": 0.0, "SMB": 0.0, "HML": 0.0, "MOM": 0.0}, "flow": {"net1m": -0.19, "net3m": -0.099, "in": 13767406935, "out": 20209502869, "din": 1145773372, "dout": 0}, "fcf": 11776499712, "fcfY": 3.36, "opt": {"pw": 170.0, "cw": 187.5, "pcr": 0.26, "gex": 178.75}, "mfi": 33.9, "atr": 2.35, "brk": 0, "hl": 61.8, "vr": 0.9, "jump": 0.16, "pvol": 18.8, "regime": "random-walk", "mb": {"MKT": -0.14, "OIL": 0.38}, "drv": "OIL", "ema21d": -3.74, "ema21sig": -0.58, "ema21sl": -2.14, "touch": {"up": {"d": 8.05, "p": 0.01}, "dn": {"d": 0.57, "p": 0.84}}, "odds": {"ema": 0.55, "emaDir": "reclaim", "hi": 0.01, "lo": 0.84, "mean": 0.29, "meanDir": "up", "beat": null, "drift": {"hi": 0.0, "lo": -0.06}, "tmed": {"hi": 252, "lo": 2.0}, "condHi": 0.01, "flip": 0.21}, "ev": -0.93, "z": {"val": -0.48, "mom": 0.59, "risk": -1.54, "size": 0.86, "fcf": 0.24, "flow": -0.71, "disloc": -1.65, "mfi": -0.86, "ema": -0.97, "contra": -0.28}, "disloc": -1.65, "contra": {"s": 0.23, "dir": "down", "conf": ["momentum"]}, "evPct": 14, "alerts": ["breakdown odds 84%"], "val": {"pe": 30.499132, "fpe": 13.999765, "peg": 0.7056, "evb": 10.339, "epsg": -0.445, "revg": 0.023, "peSec": 19.8, "evSec": 10.6, "peV": "supported", "pegV": "supported", "overall": "supported", "reason": "PEG 0.7056 \u2264 1.0 \u2014 earnings growth more than covers the multiple (cheap for growth). P/E 30.499132 broadly in line with sector 19.8 \u2014 supported. Projected multiple: forward P/E 13.999765 vs trailing 30.499132 (-54%) \u2014 market prices multiple COMPRESSION, i.e. earnings expected to grow into the price. Price-to-(adjusted) EBITDA: EV/EBITDA 10.339 vs sector 10.6 (-2%). Earnings growth -44% NOT corroborated by revenue growth 2%."}, "deps": [{"f": "Energy sector", "corr": 0.91, "pcorr": 0.9, "sens": 2.55, "sig": true, "stab": "stable", "dir": "with", "lag": 0, "unexp": false}, {"f": "WTI oil", "corr": 0.49, "pcorr": 0.46, "sens": 1.37, "sig": true, "stab": "stable", "dir": "with", "lag": 0, "unexp": false}, {"f": "S&P 500", "corr": -0.28, "pcorr": -0.28, "sens": -0.8, "sig": true, "stab": "stable", "dir": "against", "lag": 0, "unexp": true}, {"f": "credit (HYG)", "corr": -0.31, "pcorr": -0.17, "sens": -0.87, "sig": true, "stab": "stable", "dir": "against", "lag": 0, "unexp": true}], "macroR2": 30, "secRel": -6.71, "opp": -0.47, "oppPct": 26}