{"t": "D", "n": "Dominion", "sec": "Utilities", "idx": ["SPX"], "mcap": 60202627072, "wr": [-0.00867, 0.00035, 0.01959, -0.00069, 0.0467, 0.01853, -0.00934, -0.01918, -0.02569, 0.03248, -0.0045, -0.00117, 0.0238, -0.01359, 0.00597, 0.00099, -0.01912, 0.01647, 0.00612, -0.00066, 0.03189, -0.05767, 0.01436, 0.00169, -0.00303, -0.00895, 0.00511, 0.03219, -0.00345, 0.02668, 0.03722, 0.01253, -0.03223, 0.00507, -0.00254, -0.02896, -0.00197, 0.03071, 0.02326, -0.02818, 0.00256, 0.02173, -0.03206, -0.00259, 0.09623, -0.03566, 0.01408, 0.04014, 0.0044], "insider": null, "inst": null, "short": {"fails": 897, "prevFails": 14765, "trend": "falling", "level": "low"}, "ret": {"1w": 0.44, "1m": 2.16, "3m": 13.3, "6m": 17.77, "12m": 23.97}, "vol": 18.5, "beta": 0.02, "ff": {"MKT": 0.0, "SMB": 0.0, "HML": 0.0, "MOM": 0.0}, "flow": {"net1m": 0.296, "net3m": 0.264, "in": 7283559826, "out": 3956455838, "din": 367991907, "dout": 0}, "fcf": -9948250112, "fcfY": -16.52, "opt": null, "mfi": 69.1, "atr": 1.76, "brk": 0, "hl": 29.2, "vr": 0.77, "jump": 0.0, "pvol": 17.9, "regime": "mean-revert", "mb": {"RATE": -0.06}, "drv": "RATE", "ema21d": 2.33, "ema21sig": 0.39, "ema21sl": 1.29, "touch": {"up": {"d": 0.04, "p": 0.99}, "dn": {"d": 7.27, "p": 0.02}}, "odds": {"ema": 0.7, "emaDir": "lose-support", "hi": 0.99, "lo": 0.02, "mean": 0.24, "meanDir": "down", "beat": null, "drift": {"hi": 0.08, "lo": 0.0}, "tmed": {"hi": 0.0, "lo": 247.2}, "condHi": 0.99, "flip": 0.89}, "ev": -0.18, "z": {"val": -0.49, "mom": 0.49, "risk": -0.83, "size": 0.72, "fcf": -3.22, "flow": 1.46, "disloc": 0.13, "mfi": 1.4, "ema": 1.09, "contra": -0.65}, "disloc": 0.13, "contra": {"s": 0.18, "dir": "up", "conf": ["value"]}, "evPct": 30, "alerts": ["breakout odds 99%", "vol regime shifting", "aligned uptrend"], "val": {"pe": 20.191738, "fpe": 17.942427, "peg": 2.9655, "evb": 14.23, "epsg": -0.102, "revg": 0.231, "peSec": 20.0, "evSec": 13.3, "peV": "supported", "pegV": "rejected", "overall": "mixed", "reason": "PEG 2.9655 > 2.0 \u2014 price NOT justified by earnings growth (stretched). P/E 20.191738 broadly in line with sector 20.0 \u2014 supported. Projected multiple: forward P/E 17.942427 vs trailing 20.191738 (-11%) \u2014 market prices multiple COMPRESSION, i.e. earnings expected to grow into the price. Price-to-(adjusted) EBITDA: EV/EBITDA 14.23 vs sector 13.3 (+7%). Earnings growth -10% NOT corroborated by revenue growth 23%."}, "deps": [{"f": "Utilities sector", "corr": 0.75, "pcorr": 0.76, "sens": 1.93, "sig": true, "stab": "stable", "dir": "with", "lag": 0, "unexp": false}, {"f": "copper", "corr": -0.48, "pcorr": -0.5, "sens": -1.22, "sig": true, "stab": "stable", "dir": "against", "lag": 0, "unexp": false}], "macroR2": 3, "secRel": 12.16, "opp": 0.57, "oppPct": 81}