{"t": "DBA", "n": "Agriculture", "sec": "Commodity", "idx": ["FACTOR"], "mcap": 0, "wr": [-0.02434, 0.01092, -0.00193, 0.01236, -0.00916, 0.00116, 0.03501, 0.01115, 0.01765, -0.0159, 0.00624, -0.01204, -0.00886, -0.00596, -0.00712, 0.00906, 0.00711, -0.02452, -0.00571, 0.00498, -0.01143, 0.0185, 0.00379, 0.0, -0.01207, 0.01432, 0.00741, -0.01045, -0.00078, 0.01292, -0.00657, 0.00428, 0.0031, 0.00579, 0.01382, 0.01287, 0.00822, 0.00519, 0.00184, -0.00994, 0.00112, 0.01746, 0.02629, -0.00498, -0.00501, -0.0097, -0.01161, -0.03341, 0.0019, 0.00834], "insider": null, "factor": true, "inst": null, "short": {"fails": 2140, "prevFails": 307367, "trend": "falling", "level": "low"}, "ret": {"1w": 0.83, "1m": -3.48, "3m": -1.37, "6m": 3.92, "12m": 4.83}, "vol": 9.4, "beta": 0.11, "ff": {"MKT": 0.0, "SMB": 0.0, "HML": 0.0, "MOM": 0.0}, "flow": {"net1m": -0.398, "net3m": 0.076, "in": 215050893, "out": 499453168, "din": 0, "dout": 45164752}, "fcf": null, "fcfY": null, "opt": null, "mfi": 31.7, "atr": 0.5, "brk": 0, "hl": 33.3, "vr": 0.91, "jump": 0.0, "pvol": null, "regime": "random-walk", "mb": {"DXY": -0.15, "OIL": 0.14}, "drv": "DXY", "ema21d": -0.85, "ema21sig": -0.28, "ema21sl": -0.36, "touch": {"up": {"d": 16.03, "p": 0.01}, "dn": {"d": 2.71, "p": 0.66}}, "odds": {"ema": 0.78, "emaDir": "reclaim", "hi": 0.01, "lo": 0.66, "mean": 0.39, "meanDir": "up", "beat": null, "drift": {"hi": -0.0, "lo": 0.05}, "tmed": {"hi": 252, "lo": 9.2}, "condHi": 0.01, "flip": 0.46}, "ev": -0.81, "z": {"val": 0.32, "mom": -0.24, "risk": -0.72, "size": -1.26, "fcf": 0.0, "flow": -1.69, "disloc": -0.99, "mfi": -1.06, "ema": -0.39, "contra": -0.71}, "disloc": -0.99, "contra": {"s": 0.18, "dir": "down", "conf": ["value"]}, "evPct": 17, "alerts": ["breakdown odds 66%"], "val": {"pe": null, "fpe": null, "peg": null, "evb": null, "epsg": null, "revg": null, "peSec": null, "evSec": null, "peV": null, "pegV": null, "overall": "n/a", "reason": "No positive trailing earnings \u2014 P/E and PEG not meaningful; judge on EV/EBITDA and cash flow."}, "deps": [{"f": "US dollar", "corr": -0.23, "pcorr": -0.18, "sens": -0.29, "sig": false, "stab": "stable", "dir": "against", "lag": 0, "unexp": false}], "macroR2": 12, "secRel": -1.37, "opp": -0.39, "oppPct": 34}