{"t": "DE", "n": "Deere", "sec": "Industrials", "idx": ["SPX"], "mcap": 159786762240, "wr": [-0.00803, 0.00191, -0.00314, 0.01465, -0.01417, 0.00349, 0.00765, -0.04054, 0.00073, -0.03687, 0.00328, -0.00071, -0.01978, -0.007, -0.01213, 0.00206, 0.02682, -0.00854, 0.02142, -0.00414, 0.00617, -0.02486, 0.02286, 0.0204, -0.02935, -0.0007, 0.03705, 0.02786, 0.06004, -0.0085, 0.08047, 0.08009, 0.08048, -0.06426, -0.04644, -0.00823, -0.03115, 0.02398, -0.00653, 0.05088, -0.02403, -0.04712, 0.02598, -0.00419, -0.02263, -0.05817, 0.0251, 0.05757, 0.00316, 0.02862], "insider": null, "inst": null, "short": {"fails": 2031, "prevFails": 8053, "trend": "falling", "level": "low"}, "ret": {"1w": 2.86, "1m": 11.87, "3m": 4.6, "6m": 22.88, "12m": 16.65}, "vol": 24.2, "beta": -0.38, "ff": {"MKT": 0.0, "SMB": 0.0, "HML": 0.0, "MOM": 0.0}, "flow": {"net1m": 0.417, "net3m": 0.119, "in": 12013580307, "out": 4948296780, "din": 0, "dout": 818771411}, "fcf": 1098749952, "fcfY": 0.69, "opt": null, "mfi": 57.4, "atr": 2.81, "brk": 0, "hl": 51.1, "vr": 0.74, "jump": 0.38, "pvol": 27.7, "regime": "mean-revert", "mb": {"MKT": -0.12, "OIL": -0.05}, "drv": "MKT", "ema21d": 2.6, "ema21sig": 0.3, "ema21sl": 1.52, "touch": {"up": {"d": 1.57, "p": 0.62}, "dn": {"d": 3.77, "p": 0.19}}, "odds": {"ema": 0.77, "emaDir": "lose-support", "hi": 0.62, "lo": 0.19, "mean": 0.74, "meanDir": "down", "beat": null, "drift": {"hi": -0.09, "lo": 0.04}, "tmed": {"hi": 11.6, "lo": 78.6}, "condHi": 0.66, "flip": 0.42}, "ev": 0.71, "z": {"val": 0.14, "mom": 0.76, "risk": -1.42, "size": 0.8, "fcf": -0.44, "flow": 2.02, "disloc": 1.5, "mfi": 0.66, "ema": 0.9, "contra": -2.03}, "disloc": 1.5, "contra": {"s": 0.0, "dir": "up", "conf": []}, "evPct": 70, "alerts": ["breakout odds 62%", "aligned uptrend"], "val": {"pe": 33.55669, "fpe": 25.90087, "peg": 1.8217, "evb": 23.152, "epsg": -0.085, "revg": -0.111, "peSec": 34.3, "evSec": 17.8, "peV": "supported", "pegV": "supported", "overall": "supported", "reason": "PEG 1.8217 between 1.0 and 2.0 \u2014 multiple roughly fair for the growth rate. P/E 33.55669 broadly in line with sector 34.3 \u2014 supported. Projected multiple: forward P/E 25.90087 vs trailing 33.55669 (-23%) \u2014 market prices multiple COMPRESSION, i.e. earnings expected to grow into the price. Price-to-(adjusted) EBITDA: EV/EBITDA 23.152 vs sector 17.8 (+30%). Earnings growth -8% NOT corroborated by revenue growth -11%."}, "deps": [{"f": "Industrials sector", "corr": 0.56, "pcorr": 0.71, "sens": 1.88, "sig": true, "stab": "stable", "dir": "with", "lag": 0, "unexp": false}], "macroR2": 8, "secRel": -3.86, "opp": 0.46, "oppPct": 77}