{"t": "DIA", "n": "Dow", "sec": "Broad", "idx": ["FACTOR"], "mcap": 0, "wr": [0.03273, -0.00083, -0.00486, 0.01816, -0.01211, -0.00627, 0.01686, 0.00046, 0.01484, 0.00224, 0.01066, 0.00154, -0.00408, 0.01236, -0.00346, -0.0085, 0.01716, 0.01652, -0.01206, 0.01163, -0.03505, 0.04296, 0.00597, 0.01119, -0.0066, 0.00715, 0.02068, -0.0054, -0.00196, -0.00137, 0.00943, 0.0133, -0.01386, 0.00221, -0.03035, -0.02576, -0.01373, -0.00164, 0.01252, 0.03051, 0.03167, -0.00407, 0.00571, 0.00224, -0.00098, 0.0217, 0.01051, -0.00495, 0.01873, -0.00079], "insider": null, "factor": true, "inst": null, "short": {"fails": 692966, "prevFails": 470773, "trend": "rising", "level": "elevated"}, "ret": {"1w": -0.08, "1m": 2.35, "3m": 12.71, "6m": 7.46, "12m": 21.75}, "vol": 11.1, "beta": 0.73, "ff": {"MKT": 0.0, "SMB": 0.0, "HML": 0.0, "MOM": 0.0}, "flow": {"net1m": 0.351, "net3m": 0.307, "in": 37942248665, "out": 18206413254, "din": 0, "dout": 2405273174}, "fcf": null, "fcfY": null, "opt": null, "mfi": 61.9, "atr": 0.84, "brk": 0, "hl": 46.7, "vr": 0.73, "jump": 0.0, "pvol": null, "regime": "mean-revert", "mb": {"MKT": 0.53, "DXY": -0.1, "VIX": -0.18, "OIL": -0.13}, "drv": "MKT", "ema21d": 1.34, "ema21sig": 0.37, "ema21sl": 0.84, "touch": {"up": {"d": 0.79, "p": 0.85}, "dn": {"d": 15.48, "p": 0.0}}, "odds": {"ema": 0.71, "emaDir": "lose-support", "hi": 0.85, "lo": 0.0, "mean": 0.18, "meanDir": "down", "beat": null, "drift": {"hi": -0.02, "lo": -0.0}, "tmed": {"hi": 1.6, "lo": 252}, "condHi": 0.94, "flip": 0.37}, "ev": 0.56, "z": {"val": -1.01, "mom": -0.05, "risk": 0.17, "size": -1.2, "fcf": 0.0, "flow": 1.71, "disloc": 1.27, "mfi": 0.94, "ema": 1.05, "contra": 1.05}, "disloc": 1.27, "contra": {"s": 0.41, "dir": "up", "conf": ["momentum", "value"]}, "evPct": 66, "alerts": ["breakout odds 85%", "rising fails (squeeze watch)"], "val": {"pe": null, "fpe": null, "peg": null, "evb": null, "epsg": null, "revg": null, "peSec": null, "evSec": null, "peV": null, "pegV": null, "overall": "n/a", "reason": "No positive trailing earnings \u2014 P/E and PEG not meaningful; judge on EV/EBITDA and cash flow."}, "deps": [{"f": "S&P 500", "corr": 0.79, "pcorr": 0.79, "sens": 1.22, "sig": true, "stab": "stable", "dir": "with", "lag": 0, "unexp": false}, {"f": "VIX", "corr": -0.61, "pcorr": -0.32, "sens": -0.94, "sig": true, "stab": "stable", "dir": "against", "lag": 0, "unexp": false}, {"f": "WTI oil", "corr": -0.36, "pcorr": -0.3, "sens": -0.56, "sig": true, "stab": "stable", "dir": "against", "lag": 0, "unexp": false}, {"f": "US dollar", "corr": -0.54, "pcorr": -0.24, "sens": -0.84, "sig": true, "stab": "stable", "dir": "against", "lag": 0, "unexp": false}, {"f": "credit (HYG)", "corr": 0.64, "pcorr": 0.24, "sens": 0.99, "sig": true, "stab": "stable", "dir": "with", "lag": 0, "unexp": false}, {"f": "10Y yield", "corr": -0.34, "pcorr": -0.08, "sens": -0.52, "sig": true, "stab": "stable", "dir": "against", "lag": 0, "unexp": false}], "macroR2": 72, "secRel": 12.71, "opp": 0.56, "oppPct": 80}