{"t": "DIS", "n": "Disney", "sec": "Communication", "idx": ["DOW", "SPX"], "mcap": 179781025792, "wr": [0.04079, -0.02332, -0.00655, 0.02604, -0.02766, -0.03656, 0.01276, 0.00343, 0.00897, 0.0061, -0.01456, -0.01896, -0.01628, -0.00752, -0.01026, -0.01, 0.02867, -0.01053, -0.01207, -0.02607, -0.04563, 0.01723, 0.00794, 0.05983, 0.00352, 0.02652, 0.00333, -0.01388, 0.00186, -0.03207, -0.02291, 0.01, -0.01961, -0.00425, -0.02975, -0.0291, -0.00231, -0.04486, 0.01963, 0.0265, 0.0718, -0.03472, 0.00468, 0.04792, -0.04906, 0.00273, -0.00146, -0.0387, 0.02852, 0.01809], "insider": null, "inst": null, "short": {"fails": 185928, "prevFails": 354078, "trend": "falling", "level": "moderate"}, "ret": {"1w": 1.81, "1m": 0.51, "3m": 4.36, "6m": -6.6, "12m": -12.16}, "vol": 19.4, "beta": 0.93, "ff": {"MKT": 0.0, "SMB": 0.0, "HML": 0.0, "MOM": 0.0}, "flow": {"net1m": -0.042, "net3m": 0.02, "in": 9962222478, "out": 10838162892, "din": 1496339778, "dout": 0}, "fcf": 3751375104, "fcfY": 2.09, "opt": null, "mfi": 55.4, "atr": 2.07, "brk": 0, "hl": 22.3, "vr": 0.65, "jump": 0.06, "pvol": 19.8, "regime": "mean-revert", "mb": {"MKT": 0.44, "OIL": -0.15}, "drv": "MKT", "ema21d": 1.73, "ema21sig": 0.24, "ema21sl": 0.45, "touch": {"up": {"d": 2.39, "p": 0.5}, "dn": {"d": 5.18, "p": 0.11}}, "odds": {"ema": 0.81, "emaDir": "lose-support", "hi": 0.5, "lo": 0.11, "mean": 0.79, "meanDir": "down", "beat": null, "drift": {"hi": 0.09, "lo": -0.04}, "tmed": {"hi": 21.5, "lo": 118.3}, "condHi": 0.64, "flip": 0.31}, "ev": 1.3, "z": {"val": 1.32, "mom": -0.79, "risk": 0.45, "size": 0.81, "fcf": -0.08, "flow": -0.05, "disloc": 0.78, "mfi": 0.53, "ema": 0.77, "contra": 1.35}, "disloc": 0.78, "contra": {"s": 0.45, "dir": "up", "conf": ["momentum", "flow"]}, "evPct": 86, "alerts": [], "val": {"pe": 16.5648, "fpe": 13.808455, "peg": 2.3788, "evb": 11.565, "epsg": -0.298, "revg": 0.065, "peSec": 18.1, "evSec": 10.5, "peV": "supported", "pegV": "rejected", "overall": "mixed", "reason": "PEG 2.3788 > 2.0 \u2014 price NOT justified by earnings growth (stretched). P/E 16.5648 broadly in line with sector 18.1 \u2014 supported. Projected multiple: forward P/E 13.808455 vs trailing 16.5648 (-17%) \u2014 market prices multiple COMPRESSION, i.e. earnings expected to grow into the price. Price-to-(adjusted) EBITDA: EV/EBITDA 11.565 vs sector 10.5 (+10%). Earnings growth -30% NOT corroborated by revenue growth 6%."}, "deps": [{"f": "S&P 500", "corr": 0.58, "pcorr": 0.58, "sens": 1.55, "sig": true, "stab": "stable", "dir": "with", "lag": 0, "unexp": false}, {"f": "credit (HYG)", "corr": 0.58, "pcorr": 0.32, "sens": 1.56, "sig": true, "stab": "stable", "dir": "with", "lag": 0, "unexp": false}, {"f": "WTI oil", "corr": -0.31, "pcorr": -0.26, "sens": -0.85, "sig": true, "stab": "stable", "dir": "against", "lag": 0, "unexp": false}, {"f": "US dollar", "corr": -0.36, "pcorr": -0.13, "sens": -0.97, "sig": true, "stab": "stable", "dir": "against", "lag": 0, "unexp": false}, {"f": "Communication sector", "corr": 0.34, "pcorr": 0.08, "sens": 0.91, "sig": true, "stab": "stable", "dir": "with", "lag": 0, "unexp": false}, {"f": "VIX", "corr": -0.37, "pcorr": -0.06, "sens": -0.99, "sig": true, "stab": "stable", "dir": "against", "lag": 0, "unexp": false}], "macroR2": 39, "secRel": 12.16, "opp": 0.41, "oppPct": 74}