{"t": "DOW", "n": "Dow Inc", "sec": "Materials", "idx": ["SPX"], "mcap": 21860087808, "wr": [0.0109, 0.07222, -0.05697, 0.07925, -0.21238, -0.10953, 0.07606, 0.05061, 0.02741, -0.01958, 0.04642, -0.03637, -0.07922, 0.06712, -0.06796, -0.00815, 0.11918, -0.02897, -0.06639, 0.04005, -0.09347, 0.15534, -0.03732, 0.04399, -0.02962, 0.00387, 0.09293, 0.04036, 0.07006, -0.02218, 0.16631, 0.04938, -0.07676, -0.04747, 0.14112, 0.11447, -0.00239, 0.05281, 0.0489, -0.05773, -0.08741, 0.08596, 0.04216, -0.08488, 0.05099, -0.07071, -0.02686, -0.01413, -0.02836, -0.08727], "insider": null, "inst": null, "short": {"fails": 327858, "prevFails": 13906, "trend": "rising", "level": "moderate"}, "ret": {"1w": -8.73, "1m": -14.92, "3m": -18.28, "6m": 29.34, "12m": 15.94}, "vol": 55.8, "beta": 0.31, "ff": {"MKT": 0.0, "SMB": 0.0, "HML": 0.0, "MOM": 0.0}, "flow": {"net1m": -0.344, "net3m": -0.225, "in": 2783419573, "out": 5698606900, "din": 0, "dout": 429393941}, "fcf": -675875008, "fcfY": -3.09, "opt": null, "mfi": 38.6, "atr": 4.41, "brk": 0, "hl": 71.1, "vr": 0.94, "jump": 0.0, "pvol": 35.1, "regime": "random-walk", "mb": {"DXY": -0.1, "OIL": 0.28}, "drv": "OIL", "ema21d": -9.82, "ema21sig": -0.69, "ema21sl": -3.68, "touch": {"up": {"d": 8.3, "p": 0.03}, "dn": {"d": 0.0, "p": 1.0}}, "odds": {"ema": 0.47, "emaDir": "reclaim", "hi": 0.03, "lo": 1.0, "mean": 0.16, "meanDir": "up", "beat": null, "drift": {"hi": -0.01, "lo": 0.0}, "tmed": {"hi": 219.7, "lo": 0.0}, "condHi": 0.04, "flip": 0.28}, "ev": 1.1, "z": {"val": 0.5, "mom": 1.1, "risk": -0.43, "size": 0.64, "fcf": -1.4, "flow": -1.42, "disloc": -0.02, "mfi": -0.55, "ema": -1.2, "contra": 1.05}, "disloc": -0.02, "contra": {"s": 0.41, "dir": "down", "conf": ["momentum", "value"]}, "evPct": 83, "alerts": ["breakdown odds 100%"], "val": {"pe": null, "fpe": 13.970327, "peg": 38.8911, "evb": 14.64, "epsg": null, "revg": -0.061, "peSec": 31.0, "evSec": 16.9, "peV": null, "pegV": "rejected", "overall": "rejected", "reason": "PEG 38.8911 > 2.0 \u2014 price NOT justified by earnings growth (stretched). Price-to-(adjusted) EBITDA: EV/EBITDA 14.64 vs sector 16.9 (-13%)."}, "deps": [{"f": "Materials sector", "corr": 0.63, "pcorr": 0.67, "sens": 4.89, "sig": true, "stab": "stable", "dir": "with", "lag": 0, "unexp": false}, {"f": "WTI oil", "corr": 0.33, "pcorr": 0.35, "sens": 2.58, "sig": true, "stab": "stable", "dir": "with", "lag": 0, "unexp": false}], "macroR2": 16, "secRel": -19.98, "opp": -0.29, "oppPct": 39}