{"t": "DUK", "n": "Duke Energy", "sec": "Utilities", "idx": ["SPX"], "mcap": 97488510976, "wr": [-0.0143, 0.00529, 0.0146, 0.00812, 0.03926, 0.00399, -0.00122, -0.00643, -0.02272, 0.01026, -0.01409, 0.01603, -0.00613, 0.02583, 0.02157, -0.0011, -0.01611, -0.00966, -0.00331, 0.00012, 0.01142, -0.05987, -0.01047, 0.00225, 0.01696, 0.00187, -0.00297, 0.01687, 0.00729, 0.01638, 0.02447, 0.01794, 0.02263, 0.01842, 0.0016, -0.01578, -0.00277, 0.02195, -0.00325, -0.02853, -0.00594, 0.01045, -0.03445, -0.01751, 0.03902, -0.04599, 0.01802, 0.02646, -0.00184], "insider": null, "inst": null, "short": {"fails": 4553, "prevFails": 10, "trend": "rising", "level": "low"}, "ret": {"1w": -0.18, "1m": -0.49, "3m": -2.78, "6m": 10.33, "12m": 8.87}, "vol": 14.3, "beta": -0.2, "ff": {"MKT": 0.0, "SMB": 0.0, "HML": 0.0, "MOM": 0.0}, "flow": {"net1m": 0.16, "net3m": -0.024, "in": 5081961158, "out": 3680295385, "din": 340888059, "dout": 0}, "fcf": -2246500096, "fcfY": -2.3, "opt": null, "mfi": 48.4, "atr": 1.94, "brk": 0, "hl": 24.2, "vr": 0.89, "jump": 0.0, "pvol": 17.4, "regime": "random-walk", "mb": {"MKT": -0.09, "RATE": -0.2, "VIX": 0.06, "OIL": 0.08}, "drv": "RATE", "ema21d": 0.78, "ema21sig": 0.18, "ema21sl": 0.16, "touch": {"up": {"d": 2.8, "p": 0.21}, "dn": {"d": 2.12, "p": 0.32}}, "odds": {"ema": 0.86, "emaDir": "lose-support", "hi": 0.21, "lo": 0.32, "mean": 0.9, "meanDir": "up", "beat": null, "drift": {"hi": 0.08, "lo": -0.16}, "tmed": {"hi": 71.1, "lo": 44.9}, "condHi": 0.25, "flip": 0.27}, "ev": -0.18, "z": {"val": 0.12, "mom": 0.1, "risk": -1.14, "size": 0.76, "fcf": -1.2, "flow": 0.86, "disloc": -0.35, "mfi": 0.07, "ema": 0.64, "contra": -0.94}, "disloc": -0.35, "contra": {"s": 0.14, "dir": "up", "conf": ["MFI"]}, "evPct": 30, "alerts": ["aligned uptrend"], "val": {"pe": 19.00456, "fpe": 17.443888, "peg": 2.615, "evb": 11.431, "epsg": 0.12, "revg": 0.113, "peSec": 19.7, "evSec": 13.4, "peV": "supported", "pegV": "rejected", "overall": "mixed", "reason": "PEG 2.615 > 2.0 \u2014 price NOT justified by earnings growth (stretched). P/E 19.00456 broadly in line with sector 19.7 \u2014 supported. Projected multiple: forward P/E 17.443888 vs trailing 19.00456 (-8%) \u2014 market prices multiple COMPRESSION, i.e. earnings expected to grow into the price. Price-to-(adjusted) EBITDA: EV/EBITDA 11.431 vs sector 13.4 (-14%). Earnings growth 12% corroborated by revenue growth 11%."}, "deps": [{"f": "Utilities sector", "corr": 0.9, "pcorr": 0.9, "sens": 1.79, "sig": true, "stab": "stable", "dir": "with", "lag": 0, "unexp": false}, {"f": "copper", "corr": -0.43, "pcorr": -0.41, "sens": -0.86, "sig": true, "stab": "stable", "dir": "against", "lag": 0, "unexp": false}, {"f": "2s10s slope", "corr": -0.3, "pcorr": -0.35, "sens": -0.6, "sig": true, "stab": "flipped", "dir": "against", "lag": 0, "unexp": false}], "macroR2": 15, "secRel": -3.92, "opp": 0.06, "oppPct": 54}