{"t": "EEM", "n": "Emerging Mkts", "sec": "Global", "idx": ["FACTOR"], "mcap": 0, "wr": [0.00856, -0.00083, 0.01284, 0.02085, -0.02183, 0.00471, 0.02914, -0.01485, 0.00322, -0.0012, 0.04895, 0.01606, -0.00602, 0.02386, -0.00259, 0.00482, 0.01015, 0.01261, -0.01299, 0.00402, -0.03313, 0.02278, 0.00773, -0.00913, 0.00459, 0.0175, 0.04793, 0.00402, 0.01304, 0.04274, -0.0321, 0.04694, -0.00845, 0.02736, -0.08101, -0.0118, 0.01176, -0.03731, 0.02019, 0.07015, 0.05086, 0.00157, 0.00612, 0.05941, -0.04224, 0.01245, 0.06375, -0.06179, 0.06635, -0.03699], "insider": null, "factor": true, "inst": null, "short": {"fails": 2213732, "prevFails": 2390608, "trend": "flat", "level": "elevated"}, "ret": {"1w": -3.7, "1m": 2.49, "3m": 17.18, "6m": 26.26, "12m": 42.92}, "vol": 22.8, "beta": 1.4, "ff": {"MKT": 0.0, "SMB": 0.0, "HML": 0.0, "MOM": 0.0}, "flow": {"net1m": 0.106, "net3m": 0.088, "in": 25476252580, "out": 20608199687, "din": 0, "dout": 2586431090}, "fcf": null, "fcfY": null, "opt": null, "mfi": 52.7, "atr": 2.32, "brk": 1, "hl": 89.7, "vr": 0.78, "jump": 0.49, "pvol": null, "regime": "mean-revert", "mb": {"MKT": 0.56, "DXY": -0.18, "OIL": -0.13}, "drv": "MKT", "ema21d": -0.82, "ema21sig": -0.12, "ema21sl": 1.4, "touch": {"up": {"d": 2.59, "p": 0.37}, "dn": {"d": 8.14, "p": 0.0}}, "odds": {"ema": 0.9, "emaDir": "reclaim", "hi": 0.37, "lo": 0.0, "mean": 0.45, "meanDir": "down", "beat": null, "drift": {"hi": -0.63, "lo": -0.0}, "tmed": {"hi": 36.4, "lo": 252}, "condHi": 0.54, "flip": 0.41}, "ev": 2.23, "z": {"val": -0.89, "mom": 0.88, "risk": 1.08, "size": -1.26, "fcf": 0.0, "flow": 0.59, "disloc": 1.16, "mfi": 0.31, "ema": -0.05, "contra": 1.07}, "disloc": 1.16, "contra": {"s": 0.41, "dir": "up", "conf": ["value", "trend"]}, "evPct": 95, "alerts": ["ATR breakout"], "val": {"pe": null, "fpe": null, "peg": null, "evb": null, "epsg": null, "revg": null, "peSec": null, "evSec": null, "peV": null, "pegV": null, "overall": "n/a", "reason": "No positive trailing earnings \u2014 P/E and PEG not meaningful; judge on EV/EBITDA and cash flow."}, "deps": [{"f": "S&P 500", "corr": 0.74, "pcorr": 0.74, "sens": 2.33, "sig": true, "stab": "stable", "dir": "with", "lag": 0, "unexp": false}, {"f": "US dollar", "corr": -0.56, "pcorr": -0.29, "sens": -1.76, "sig": true, "stab": "stable", "dir": "against", "lag": 0, "unexp": false}, {"f": "WTI oil", "corr": -0.35, "pcorr": -0.28, "sens": -1.12, "sig": true, "stab": "stable", "dir": "against", "lag": 0, "unexp": false}, {"f": "credit (HYG)", "corr": 0.61, "pcorr": 0.22, "sens": 1.92, "sig": true, "stab": "stable", "dir": "with", "lag": 0, "unexp": false}, {"f": "10Y yield", "corr": -0.39, "pcorr": -0.18, "sens": -1.23, "sig": true, "stab": "stable", "dir": "against", "lag": 0, "unexp": false}], "macroR2": 66, "secRel": 17.18, "opp": 0.79, "oppPct": 89}