{"t": "EFA", "n": "Developed ex-US", "sec": "Global", "idx": ["FACTOR"], "mcap": 0, "wr": [0.01363, 0.00706, -0.01658, 0.03575, -0.03354, 0.00622, 0.02943, 0.00862, -0.00811, -0.00327, 0.02167, 0.0, -0.01542, 0.02578, -0.00339, 0.00394, 0.00583, -0.002, -0.00792, 0.01682, -0.04491, 0.04329, 0.00651, 0.0072, 0.00715, 0.00859, 0.02098, 0.00549, 0.00192, 0.01999, 0.00762, 0.03105, -0.00848, 0.01461, -0.06072, -0.01714, -0.00965, -0.01927, 0.03528, 0.04265, 0.02094, -0.02444, 0.00324, 0.01822, -0.02155, 0.02222, 0.00442, -0.01494, 0.02767, -0.01556], "insider": null, "factor": true, "inst": null, "short": {"fails": 204715, "prevFails": 182047, "trend": "flat", "level": "moderate"}, "ret": {"1w": -1.56, "1m": 0.1, "3m": 7.83, "6m": 9.81, "12m": 20.36}, "vol": 15.4, "beta": 0.89, "ff": {"MKT": 0.0, "SMB": 0.0, "HML": 0.0, "MOM": 0.0}, "flow": {"net1m": 0.141, "net3m": 0.054, "in": 17498843765, "out": 13174262059, "din": 0, "dout": 1343495467}, "fcf": null, "fcfY": null, "opt": null, "mfi": 60.9, "atr": 0.98, "brk": 1, "hl": 46.3, "vr": 0.82, "jump": 0.31, "pvol": null, "regime": "mean-revert", "mb": {"MKT": 0.44, "DXY": -0.3, "OIL": -0.08}, "drv": "MKT", "ema21d": -0.35, "ema21sig": -0.08, "ema21sl": 0.62, "touch": {"up": {"d": 2.11, "p": 0.65}, "dn": {"d": 10.08, "p": 0.02}}, "odds": {"ema": 0.94, "emaDir": "reclaim", "hi": 0.65, "lo": 0.02, "mean": 0.7, "meanDir": "down", "beat": null, "drift": {"hi": -0.35, "lo": 0.01}, "tmed": {"hi": 9.5, "lo": 245.0}, "condHi": 0.81, "flip": 0.29}, "ev": 1.15, "z": {"val": -0.39, "mom": 0.05, "risk": 0.37, "size": -1.26, "fcf": 0.0, "flow": 0.74, "disloc": 0.31, "mfi": 0.84, "ema": 0.04, "contra": 1.07}, "disloc": 0.31, "contra": {"s": 0.41, "dir": "up", "conf": ["value", "trend"]}, "evPct": 83, "alerts": ["breakout odds 65%", "ATR breakout"], "val": {"pe": null, "fpe": null, "peg": null, "evb": null, "epsg": null, "revg": null, "peSec": null, "evSec": null, "peV": null, "pegV": null, "overall": "n/a", "reason": "No positive trailing earnings \u2014 P/E and PEG not meaningful; judge on EV/EBITDA and cash flow."}, "deps": [{"f": "S&P 500", "corr": 0.69, "pcorr": 0.69, "sens": 1.48, "sig": true, "stab": "stable", "dir": "with", "lag": 0, "unexp": false}, {"f": "US dollar", "corr": -0.62, "pcorr": -0.41, "sens": -1.33, "sig": true, "stab": "stable", "dir": "against", "lag": 0, "unexp": false}, {"f": "credit (HYG)", "corr": 0.67, "pcorr": 0.39, "sens": 1.44, "sig": true, "stab": "stable", "dir": "with", "lag": 0, "unexp": false}, {"f": "10Y yield", "corr": -0.4, "pcorr": -0.21, "sens": -0.85, "sig": true, "stab": "stable", "dir": "against", "lag": 0, "unexp": false}, {"f": "2s10s slope", "corr": -0.31, "pcorr": -0.2, "sens": -0.66, "sig": true, "stab": "stable", "dir": "against", "lag": 0, "unexp": false}, {"f": "WTI oil", "corr": -0.3, "pcorr": -0.19, "sens": -0.63, "sig": true, "stab": "stable", "dir": "against", "lag": 0, "unexp": false}, {"f": "VIX", "corr": -0.44, "pcorr": -0.08, "sens": -0.93, "sig": true, "stab": "stable", "dir": "against", "lag": 0, "unexp": false}], "macroR2": 59, "secRel": 7.83, "opp": 0.28, "oppPct": 67}