{"t": "EMB", "n": "EM Bonds", "sec": "Rate", "idx": ["FACTOR"], "mcap": 0, "wr": [0.00925, -0.00043, -0.00855, 0.00928, 0.00444, 0.00866, 0.00965, -0.00329, -0.00128, 0.00879, 0.01487, -0.00471, 0.00189, 0.0032, -0.00126, 0.00694, 0.00313, 0.005, -0.00107, 0.00063, -0.00146, 0.00876, -0.00029, -0.00073, 0.00408, 0.00332, -0.00248, -0.00197, 0.00354, 0.00166, -0.00046, 0.00811, 0.00588, 0.00133, -0.00922, -0.01598, -0.00221, -0.01236, 0.01035, 0.01628, 0.01225, -0.00486, -0.00228, 0.00607, -0.01498, 0.00486, 0.0131, -0.0076, 0.01501, -0.00465], "insider": null, "factor": true, "inst": null, "short": {"fails": 147441, "prevFails": 1241388, "trend": "falling", "level": "moderate"}, "ret": {"1w": -0.46, "1m": 1.57, "3m": 3.09, "6m": 2.61, "12m": 10.16}, "vol": 5.4, "beta": 0.28, "ff": {"MKT": 0.0, "SMB": 0.0, "HML": 0.0, "MOM": 0.0}, "flow": {"net1m": 0.028, "net3m": 0.1, "in": 6082777105, "out": 5748001827, "din": 0, "dout": 558317638}, "fcf": null, "fcfY": null, "opt": null, "mfi": 38.6, "atr": 0.36, "brk": 0, "hl": 43.4, "vr": 0.82, "jump": 0.06, "pvol": null, "regime": "mean-revert", "mb": {"MKT": 0.41, "DXY": -0.11, "RATE": -0.24, "OIL": -0.15}, "drv": "MKT", "ema21d": 0.3, "ema21sig": 0.19, "ema21sl": 0.31, "touch": {"up": {"d": 1.37, "p": 0.77}, "dn": {"d": 13.26, "p": 0.0}}, "odds": {"ema": 0.85, "emaDir": "lose-support", "hi": 0.77, "lo": 0.0, "mean": 0.42, "meanDir": "down", "beat": null, "drift": {"hi": -0.06, "lo": -0.0}, "tmed": {"hi": 4.1, "lo": 252}, "condHi": 0.92, "flip": 0.25}, "ev": 0.38, "z": {"val": -0.94, "mom": -0.31, "risk": -0.48, "size": -1.2, "fcf": 0.0, "flow": 0.27, "disloc": 1.24, "mfi": -0.55, "ema": 0.67, "contra": 1.35}, "disloc": 1.24, "contra": {"s": 0.45, "dir": "down", "conf": ["flow", "trend"]}, "evPct": 58, "alerts": ["breakout odds 77%"], "val": {"pe": null, "fpe": null, "peg": null, "evb": null, "epsg": null, "revg": null, "peSec": null, "evSec": null, "peV": null, "pegV": null, "overall": "n/a", "reason": "No positive trailing earnings \u2014 P/E and PEG not meaningful; judge on EV/EBITDA and cash flow."}, "deps": [{"f": "S&P 500", "corr": 0.63, "pcorr": 0.63, "sens": 0.47, "sig": true, "stab": "stable", "dir": "with", "lag": 0, "unexp": false}, {"f": "credit (HYG)", "corr": 0.75, "pcorr": 0.56, "sens": 0.56, "sig": true, "stab": "stable", "dir": "with", "lag": 0, "unexp": false}, {"f": "10Y yield", "corr": -0.56, "pcorr": -0.46, "sens": -0.42, "sig": true, "stab": "stable", "dir": "against", "lag": 0, "unexp": false}, {"f": "2s10s slope", "corr": -0.49, "pcorr": -0.42, "sens": -0.36, "sig": true, "stab": "stable", "dir": "against", "lag": 0, "unexp": false}, {"f": "WTI oil", "corr": -0.4, "pcorr": -0.38, "sens": -0.3, "sig": true, "stab": "stable", "dir": "against", "lag": 0, "unexp": false}, {"f": "US dollar", "corr": -0.51, "pcorr": -0.31, "sens": -0.38, "sig": true, "stab": "stable", "dir": "against", "lag": 0, "unexp": false}, {"f": "gold", "corr": 0.28, "pcorr": 0.14, "sens": 0.21, "sig": true, "stab": "stable", "dir": "with", "lag": 0, "unexp": false}], "macroR2": 61, "secRel": 3.09, "opp": 0.19, "oppPct": 60}