{"t": "EOG", "n": "EOG Resources", "sec": "Energy", "idx": ["SPX"], "mcap": 71851589632, "wr": [0.00423, 0.00578, -0.02535, 0.00895, 0.01985, -0.03835, 0.0247, -0.00929, 0.03819, -0.01042, -0.01316, -0.014, -0.00862, -0.05882, 0.01377, -0.04173, 0.01742, -0.02424, -0.00436, 0.04038, -0.02902, 0.01678, 0.04006, -0.03709, -0.05629, 0.02659, 0.00344, 0.02895, 0.00963, 0.02749, 0.03288, 0.03096, 0.04779, -0.02212, 0.08173, 0.01534, 0.04345, 0.06245, -0.03288, -0.04522, -0.04966, 0.0366, 0.04372, -0.0642, 0.07867, 0.00684, -0.03257, 0.02584, -0.05829, 0.02212], "insider": null, "inst": null, "short": {"fails": 3395, "prevFails": 65809, "trend": "falling", "level": "low"}, "ret": {"1w": 2.21, "1m": -4.47, "3m": -2.07, "6m": 27.07, "12m": 15.77}, "vol": 26.2, "beta": -0.67, "ff": {"MKT": 0.0, "SMB": 0.0, "HML": 0.0, "MOM": 0.0}, "flow": {"net1m": -0.021, "net3m": 0.098, "in": 5439912677, "out": 5669785737, "din": 628332875, "dout": 0}, "fcf": 2864250112, "fcfY": 3.99, "opt": null, "mfi": 39.9, "atr": 3.08, "brk": 0, "hl": 78.3, "vr": 0.91, "jump": 0.04, "pvol": 25.2, "regime": "random-walk", "mb": {"MKT": -0.3, "VIX": -0.28, "OIL": 0.35}, "drv": "OIL", "ema21d": -0.5, "ema21sig": -0.07, "ema21sl": -1.28, "touch": {"up": {"d": 3.33, "p": 0.2}, "dn": {"d": 1.56, "p": 0.52}}, "odds": {"ema": 0.95, "emaDir": "reclaim", "hi": 0.2, "lo": 0.52, "mean": 0.82, "meanDir": "up", "beat": null, "drift": {"hi": 0.06, "lo": -0.14}, "tmed": {"hi": 76.7, "lo": 19.4}, "condHi": 0.26, "flip": 0.24}, "ev": -0.44, "z": {"val": 0.22, "mom": 0.98, "risk": -1.83, "size": 0.74, "fcf": 0.4, "flow": 0.04, "disloc": -0.55, "mfi": -0.47, "ema": 0.11, "contra": 1.05}, "disloc": -0.55, "contra": {"s": 0.41, "dir": "down", "conf": ["momentum", "value"]}, "evPct": 23, "alerts": [], "val": {"pe": 13.264503, "fpe": 9.124352, "peg": 1.0637, "evb": 6.063, "epsg": 0.396, "revg": 0.156, "peSec": 19.8, "evSec": 10.6, "peV": "supported", "pegV": "supported", "overall": "supported", "reason": "PEG 1.0637 between 1.0 and 2.0 \u2014 multiple roughly fair for the growth rate. P/E 13.264503 (33% discount to sector 19.8) is SUPPORTED by 40% earnings growth. Projected multiple: forward P/E 9.124352 vs trailing 13.264503 (-31%) \u2014 market prices multiple COMPRESSION, i.e. earnings expected to grow into the price. Price-to-(adjusted) EBITDA: EV/EBITDA 6.063 vs sector 10.6 (-43%). Earnings growth 40% corroborated by revenue growth 16%."}, "deps": [{"f": "Energy sector", "corr": 0.83, "pcorr": 0.82, "sens": 3.02, "sig": true, "stab": "stable", "dir": "with", "lag": 0, "unexp": false}, {"f": "WTI oil", "corr": 0.47, "pcorr": 0.43, "sens": 1.7, "sig": true, "stab": "stable", "dir": "with", "lag": 0, "unexp": false}, {"f": "S&P 500", "corr": -0.31, "pcorr": -0.31, "sens": -1.11, "sig": true, "stab": "stable", "dir": "against", "lag": 0, "unexp": true}, {"f": "credit (HYG)", "corr": -0.38, "pcorr": -0.25, "sens": -1.39, "sig": true, "stab": "stable", "dir": "against", "lag": 0, "unexp": true}], "macroR2": 41, "secRel": 3.06, "opp": 0.2, "oppPct": 61}