{"t": "EQIX", "n": "Equinix", "sec": "Real Estate", "idx": ["NDX", "SPX"], "mcap": 110057758720, "wr": [-0.03856, 0.00122, 0.03993, 0.00104, -0.03016, 0.01423, -0.00379, 0.01838, -0.02863, 0.03848, -0.01527, -0.00308, -0.01313, 0.04625, 0.00549, 0.02357, 0.00148, -0.0166, -0.04002, -0.03709, 0.00066, -0.01557, 0.01179, 0.01092, 0.00856, 0.03014, 0.01681, -0.00728, 0.02598, -0.01718, 0.08152, 0.05822, 0.0383, 0.00525, 0.01938, 0.00339, -0.01166, 0.03839, 0.02986, 0.05667, 0.0185, -0.0214, -0.01194, -0.01179, 0.02425, -0.02688, 0.01139, 0.00154, 0.04843], "insider": null, "inst": null, "short": {"fails": 38170, "prevFails": 3009, "trend": "rising", "level": "low"}, "ret": {"1w": 4.84, "1m": 3.35, "3m": 15.05, "6m": 50.28, "12m": 43.49}, "vol": 19.6, "beta": 0.32, "ff": {"MKT": 0.0, "SMB": 0.0, "HML": 0.0, "MOM": 0.0}, "flow": {"net1m": -0.096, "net3m": 0.06, "in": 6000202617, "out": 7278983065, "din": 0, "dout": 774956510}, "fcf": 2725125120, "fcfY": 2.48, "opt": null, "mfi": 71.4, "atr": 2.41, "brk": 0, "hl": 252, "vr": 0.7, "jump": 0.23, "pvol": 21.8, "regime": "mean-revert", "mb": {"RATE": -0.17, "VIX": -0.17}, "drv": "RATE", "ema21d": 3.48, "ema21sig": 0.46, "ema21sl": 1.4, "touch": {"up": {"d": 0.0, "p": 1.0}, "dn": {"d": 5.87, "p": 0.05}}, "odds": {"ema": 0.65, "emaDir": "lose-support", "hi": 1.0, "lo": 0.05, "mean": 0.47, "meanDir": "down", "beat": null, "drift": {"hi": 0.0, "lo": 0.0}, "tmed": {"hi": 0.0, "lo": 182.9}, "condHi": 0.93, "flip": 0.3}, "ev": -0.71, "z": {"val": -1.33, "mom": 2.2, "risk": -0.4, "size": 0.77, "fcf": 0.02, "flow": -0.29, "disloc": -0.17, "mfi": 1.55, "ema": 1.24, "contra": 1.04}, "disloc": -0.17, "contra": {"s": 0.41, "dir": "up", "conf": ["flow", "value"]}, "evPct": 18, "alerts": ["breakout odds 100%"], "val": {"pe": 76.90765, "fpe": 58.05082, "peg": 3.6601, "evb": 30.839, "epsg": 0.2, "revg": 0.121, "peSec": 36.0, "evSec": 22.4, "peV": "rejected", "pegV": "rejected", "overall": "rejected", "reason": "PEG 3.6601 > 2.0 \u2014 price NOT justified by earnings growth (stretched). P/E 76.90765 sits 113% above sector 36.0 without commensurate growth \u2014 REJECTED as rich. Projected multiple: forward P/E 58.05082 vs trailing 76.90765 (-25%) \u2014 market prices multiple COMPRESSION, i.e. earnings expected to grow into the price. Price-to-(adjusted) EBITDA: EV/EBITDA 30.839 vs sector 22.4 (+38%). Earnings growth 20% corroborated by revenue growth 12%."}, "deps": [{"f": "Real Estate sector", "corr": 0.46, "pcorr": 0.43, "sens": 1.25, "sig": true, "stab": "stable", "dir": "with", "lag": 0, "unexp": false}, {"f": "2s10s slope", "corr": -0.33, "pcorr": -0.3, "sens": -0.89, "sig": true, "stab": "stable", "dir": "against", "lag": 0, "unexp": false}, {"f": "10Y yield", "corr": -0.28, "pcorr": -0.23, "sens": -0.77, "sig": true, "stab": "stable", "dir": "against", "lag": 0, "unexp": false}], "macroR2": 15, "secRel": 8.2, "opp": 0.88, "oppPct": 92}