{"t": "EXC", "n": "Exelon", "sec": "Utilities", "idx": ["NDX", "SPX"], "mcap": 47701962752, "wr": [0.00719, -0.00622, -0.00672, 0.01494, 0.01771, 0.01808, 0.01271, -0.00774, -0.01092, -0.02365, 0.00369, -0.00897, 0.01554, 0.02718, 0.03758, 0.015, 0.00507, -0.01113, -0.02889, 0.00299, -0.00088, 0.03766, -0.07025, -0.00548, 0.00207, -0.00069, 0.00481, -0.01186, 0.03878, -0.00533, -0.02971, 0.02349, 0.06547, 0.03041, 0.00794, 0.01456, -0.02971, 0.00812, 0.01921, -0.01541, -0.03191, -0.00213, -0.00895, -0.0557, -0.01207, 0.0657, -0.03288, 0.01144, 0.0308, 0.00953], "insider": null, "inst": null, "short": {"fails": 105219, "prevFails": 3322, "trend": "rising", "level": "moderate"}, "ret": {"1w": 0.95, "1m": 1.79, "3m": -1.98, "6m": 8.93, "12m": 12.07}, "vol": 18.6, "beta": -0.13, "ff": {"MKT": 0.0, "SMB": 0.0, "HML": 0.0, "MOM": 0.0}, "flow": {"net1m": 0.274, "net3m": 0.0, "in": 5097182890, "out": 2902943131, "din": 400022901, "dout": 0}, "fcf": -2807749888, "fcfY": -5.89, "opt": null, "mfi": 74.0, "atr": 2.12, "brk": 0, "hl": 21.6, "vr": 0.93, "jump": 0.24, "pvol": 19.4, "regime": "random-walk", "mb": {"DXY": 0.07, "RATE": -0.15, "VIX": 0.06}, "drv": "RATE", "ema21d": 2.21, "ema21sig": 0.42, "ema21sl": 0.68, "touch": {"up": {"d": 2.39, "p": 0.35}, "dn": {"d": 3.69, "p": 0.12}}, "odds": {"ema": 0.68, "emaDir": "lose-support", "hi": 0.35, "lo": 0.12, "mean": 0.82, "meanDir": "down", "beat": null, "drift": {"hi": 0.12, "lo": -0.09}, "tmed": {"hi": 40.2, "lo": 109.2}, "condHi": 0.39, "flip": 0.27}, "ev": 0.83, "z": {"val": 0.17, "mom": 0.03, "risk": -1.06, "size": 0.7, "fcf": -2.11, "flow": 1.38, "disloc": -0.01, "mfi": 1.73, "ema": 1.15, "contra": -2.03}, "disloc": -0.01, "contra": {"s": 0.0, "dir": "up", "conf": []}, "evPct": 73, "alerts": ["aligned uptrend"], "val": {"pe": 17.076923, "fpe": 15.348501, "peg": 2.9577, "evb": 11.908, "epsg": -0.003, "revg": 0.079, "peSec": 20.0, "evSec": 13.5, "peV": "supported", "pegV": "rejected", "overall": "mixed", "reason": "PEG 2.9577 > 2.0 \u2014 price NOT justified by earnings growth (stretched). P/E 17.076923 is a 15% discount to sector 20.0 \u2014 relatively cheap, supported. Projected multiple: forward P/E 15.348501 vs trailing 17.076923 (-10%) \u2014 market prices multiple COMPRESSION, i.e. earnings expected to grow into the price. Price-to-(adjusted) EBITDA: EV/EBITDA 11.908 vs sector 13.5 (-12%). Earnings growth 0% NOT corroborated by revenue growth 8%."}, "deps": [{"f": "Utilities sector", "corr": 0.87, "pcorr": 0.87, "sens": 2.26, "sig": true, "stab": "stable", "dir": "with", "lag": 0, "unexp": false}, {"f": "2s10s slope", "corr": -0.27, "pcorr": -0.31, "sens": -0.71, "sig": true, "stab": "flipped", "dir": "against", "lag": 0, "unexp": false}], "macroR2": 10, "secRel": -3.12, "opp": 0.39, "oppPct": 72}