{"t": "FCX", "n": "Freeport", "sec": "Materials", "idx": ["SPX"], "mcap": 92578856960, "wr": [0.03496, -0.03213, 0.01955, -0.12712, 0.0184, 0.07225, -0.03346, 0.06197, 0.05015, -0.00326, -0.02156, -0.21344, 0.09989, 0.11423, -0.03372, -0.01127, 0.01213, -0.07381, 0.0489, -0.02245, 0.08453, 0.05165, 0.04823, 0.03736, 0.04741, 0.09071, 0.05681, 0.02344, 0.05035, -0.02782, 0.0582, -0.04415, 0.09286, -0.08365, -0.05506, -0.09441, 0.04122, 0.09941, 0.10459, 0.03783, -0.13047, -0.07371, 0.09019, 0.02206, -0.01619, 0.08146, -0.04669, 0.09732, -0.08171], "insider": null, "inst": null, "short": {"fails": 15113, "prevFails": 34984, "trend": "falling", "level": "low"}, "ret": {"1w": -8.17, "1m": 3.89, "3m": 20.37, "6m": 36.56, "12m": 47.9}, "vol": 52.0, "beta": 2.3, "ff": {"MKT": 0.0, "SMB": 0.0, "HML": 0.0, "MOM": 0.0}, "flow": {"net1m": 0.067, "net3m": 0.071, "in": 9811057549, "out": 8574351541, "din": 0, "dout": 1072201486}, "fcf": 1709874944, "fcfY": 1.85, "opt": null, "mfi": 39.6, "atr": 5.36, "brk": 1, "hl": 57.2, "vr": 0.95, "jump": 0.38, "pvol": 42.9, "regime": "random-walk", "mb": {"MKT": 0.29, "DXY": -0.27, "OIL": -0.08}, "drv": "MKT", "ema21d": -3.15, "ema21sig": -0.22, "ema21sl": 1.47, "touch": {"up": {"d": 2.12, "p": 0.46}, "dn": {"d": 2.86, "p": 0.25}}, "odds": {"ema": 0.83, "emaDir": "reclaim", "hi": 0.46, "lo": 0.25, "mean": 0.94, "meanDir": "down", "beat": null, "drift": {"hi": -0.34, "lo": 0.15}, "tmed": {"hi": 25.3, "lo": 60.4}, "condHi": 0.55, "flip": 0.26}, "ev": 1.4, "z": {"val": -0.15, "mom": 1.48, "risk": 2.4, "size": 0.76, "fcf": -0.14, "flow": 0.44, "disloc": 0.85, "mfi": -0.49, "ema": -0.21, "contra": 1.34}, "disloc": 0.85, "contra": {"s": 0.45, "dir": "down", "conf": ["momentum", "flow"]}, "evPct": 87, "alerts": ["ATR breakout"], "val": {"pe": 36.59091, "fpe": 16.399454, "peg": 4.6606, "evb": 11.372, "epsg": 1.531, "revg": 0.088, "peSec": 31.1, "evSec": 16.9, "peV": "supported", "pegV": "rejected", "overall": "mixed", "reason": "PEG 4.6606 > 2.0 \u2014 price NOT justified by earnings growth (stretched). P/E 36.59091 broadly in line with sector 31.1 \u2014 supported. Projected multiple: forward P/E 16.399454 vs trailing 36.59091 (-55%) \u2014 market prices multiple COMPRESSION, i.e. earnings expected to grow into the price. Price-to-(adjusted) EBITDA: EV/EBITDA 11.372 vs sector 16.9 (-33%). Earnings growth 153% corroborated by revenue growth 9%."}, "deps": [{"f": "Materials sector", "corr": 0.7, "pcorr": 0.62, "sens": 5.05, "sig": true, "stab": "stable", "dir": "with", "lag": 0, "unexp": false}, {"f": "S&P 500", "corr": 0.53, "pcorr": 0.53, "sens": 3.83, "sig": true, "stab": "stable", "dir": "with", "lag": 0, "unexp": false}, {"f": "US dollar", "corr": -0.51, "pcorr": -0.32, "sens": -3.68, "sig": true, "stab": "stable", "dir": "against", "lag": 0, "unexp": false}, {"f": "credit (HYG)", "corr": 0.42, "pcorr": 0.1, "sens": 3.03, "sig": true, "stab": "stable", "dir": "with", "lag": 0, "unexp": false}], "macroR2": 39, "secRel": 18.67, "opp": 0.81, "oppPct": 88}