{"t": "FCX", "n": "Freeport", "sec": "Materials", "idx": ["SPX"], "mcap": 92578856960, "wr": [0.04856, 0.03496, -0.03213, 0.01955, -0.12712, 0.0184, 0.07225, -0.03346, 0.06197, 0.05015, -0.00326, -0.02156, -0.21344, 0.09989, 0.11423, -0.03372, -0.01127, 0.01213, -0.07381, 0.0489, -0.02245, 0.08453, 0.05165, 0.04823, 0.03736, 0.04741, 0.09071, 0.05681, 0.02344, 0.05035, -0.02782, 0.0582, -0.04415, 0.09286, -0.08365, -0.05506, -0.09441, 0.04122, 0.09941, 0.10459, 0.03783, -0.13047, -0.07371, 0.09019, 0.02206, -0.01619, 0.08146, -0.04669, 0.09732, -0.08171], "insider": null, "inst": null, "short": {"fails": 15113, "prevFails": 34984, "trend": "falling", "level": "low"}, "ret": {"1w": -8.17, "1m": 3.89, "3m": 20.37, "6m": 36.56, "12m": 55.08}, "vol": 51.6, "beta": 2.31, "ff": {"MKT": 0.0, "SMB": 0.0, "HML": 0.0, "MOM": 0.0}, "flow": {"net1m": 0.067, "net3m": 0.071, "in": 9811057549, "out": 8577604321, "din": 0, "dout": 1075454265}, "fcf": 1709874944, "fcfY": 1.85, "opt": null, "mfi": 39.6, "atr": 5.36, "brk": 1, "hl": 57.2, "vr": 0.95, "jump": 0.38, "pvol": 42.9, "regime": "random-walk", "mb": {"MKT": 0.36, "DXY": -0.18, "OIL": -0.1}, "drv": "MKT", "ema21d": -3.15, "ema21sig": -0.22, "ema21sl": 1.47, "touch": {"up": {"d": 2.12, "p": 0.46}, "dn": {"d": 2.86, "p": 0.25}}, "odds": {"ema": 0.83, "emaDir": "reclaim", "hi": 0.46, "lo": 0.25, "mean": 0.94, "meanDir": "down", "beat": null, "drift": {"hi": -0.34, "lo": 0.15}, "tmed": {"hi": 25.3, "lo": 60.4}, "condHi": 0.57, "flip": 0.26}, "ev": 1.4, "z": {"val": -0.2, "mom": 1.48, "risk": 2.42, "size": 0.76, "fcf": -0.14, "flow": 0.44, "disloc": 0.64, "mfi": -0.49, "ema": -0.21, "contra": 1.35}, "disloc": 0.64, "contra": {"s": 0.45, "dir": "down", "conf": ["momentum", "flow"]}, "evPct": 87, "alerts": ["ATR breakout"], "val": {"pe": 34.074074, "fpe": 16.399454, "peg": 4.6606, "evb": 11.372, "epsg": 1.531, "revg": 0.088, "peSec": 31.0, "evSec": 16.9, "peV": "supported", "pegV": "rejected", "overall": "mixed", "reason": "PEG 4.6606 > 2.0 \u2014 price NOT justified by earnings growth (stretched). P/E 34.074074 broadly in line with sector 31.0 \u2014 supported. Projected multiple: forward P/E 16.399454 vs trailing 34.074074 (-52%) \u2014 market prices multiple COMPRESSION, i.e. earnings expected to grow into the price. Price-to-(adjusted) EBITDA: EV/EBITDA 11.372 vs sector 16.9 (-33%). Earnings growth 153% corroborated by revenue growth 9%."}, "deps": [{"f": "Materials sector", "corr": 0.7, "pcorr": 0.62, "sens": 5.03, "sig": true, "stab": "stable", "dir": "with", "lag": 0, "unexp": false}, {"f": "S&P 500", "corr": 0.53, "pcorr": 0.53, "sens": 3.82, "sig": true, "stab": "stable", "dir": "with", "lag": 0, "unexp": false}, {"f": "gold", "corr": 0.42, "pcorr": 0.33, "sens": 3.03, "sig": true, "stab": "stable", "dir": "with", "lag": 0, "unexp": false}, {"f": "US dollar", "corr": -0.44, "pcorr": -0.26, "sens": -3.16, "sig": true, "stab": "stable", "dir": "against", "lag": 0, "unexp": false}, {"f": "WTI oil", "corr": -0.28, "pcorr": -0.22, "sens": -2.0, "sig": true, "stab": "stable", "dir": "against", "lag": 0, "unexp": true}, {"f": "copper", "corr": 0.29, "pcorr": 0.13, "sens": 2.08, "sig": true, "stab": "stable", "dir": "with", "lag": 0, "unexp": false}, {"f": "10Y yield", "corr": -0.28, "pcorr": -0.1, "sens": -1.97, "sig": true, "stab": "stable", "dir": "against", "lag": 0, "unexp": false}], "macroR2": 37, "secRel": 18.67, "opp": 0.82, "oppPct": 88}