{"t": "GE", "n": "GE Aerospace", "sec": "Industrials", "idx": ["SPX"], "mcap": 372450426880, "wr": [0.00109, 0.00673, 0.06332, -0.01127, 0.0394, -0.00464, -0.01256, -0.009, 0.02593, 0.03263, -0.00252, 0.05516, 0.0003, 0.00887, -0.00033, 0.00164, 0.02185, 0.01423, -0.01763, -0.0036, -0.04455, 0.02694, -0.04862, 0.05589, 0.02468, 0.01538, 0.05122, -0.00095, -0.02668, -0.0817, 0.05423, 0.01748, 0.06697, 0.01822, -0.04063, -0.06068, -0.0492, -0.02184, -0.0143, 0.09671, -0.01369, -0.06422, 0.00671, 0.03714, -0.05257, 0.07569, 0.07185, -0.00789, 0.06279, 0.04152], "insider": null, "inst": null, "short": {"fails": 1644, "prevFails": 2695, "trend": "falling", "level": "low"}, "ret": {"1w": 4.15, "1m": 17.71, "3m": 22.24, "6m": 19.21, "12m": 44.06}, "vol": 28.9, "beta": 0.64, "ff": {"MKT": 0.0, "SMB": 0.0, "HML": 0.0, "MOM": 0.0}, "flow": {"net1m": 0.582, "net3m": 0.161, "in": 26378985904, "out": 6978599013, "din": 1687742868, "dout": 0}, "fcf": 5667999744, "fcfY": 1.52, "opt": {"pw": 170.0, "cw": 195.0, "pcr": null, "gex": 182.5}, "mfi": 68.2, "atr": 3.08, "brk": 0, "hl": 22.2, "vr": 0.84, "jump": 0.04, "pvol": 28.6, "regime": "mean-revert", "mb": {"MKT": 0.2, "DXY": 0.19, "OIL": -0.41}, "drv": "OIL", "ema21d": 7.01, "ema21sig": 0.77, "ema21sl": 4.32, "touch": {"up": {"d": 0.11, "p": 0.97}, "dn": {"d": 7.58, "p": 0.0}}, "odds": {"ema": 0.46, "emaDir": "lose-support", "hi": 0.97, "lo": 0.0, "mean": 0.09, "meanDir": "down", "beat": null, "drift": {"hi": 0.03, "lo": -0.0}, "tmed": {"hi": 0.1, "lo": 252}, "condHi": 0.87, "flip": 0.17}, "ev": 0.32, "z": {"val": -0.61, "mom": 0.57, "risk": 0.04, "size": 0.86, "fcf": -0.23, "flow": 2.12, "disloc": 0.96, "mfi": 1.35, "ema": 1.9, "contra": -0.68}, "disloc": 0.96, "contra": {"s": 0.18, "dir": "up", "conf": ["value"]}, "evPct": 55, "alerts": ["breakout odds 97%", "mean-revert setup (rich vs EMA21)", "aligned uptrend"], "val": {"pe": 44.227043, "fpe": 41.03776, "peg": 8.5464, "evb": 34.692, "epsg": -0.018, "revg": 0.247, "peSec": 34.3, "evSec": 17.8, "peV": "supported", "pegV": "rejected", "overall": "mixed", "reason": "PEG 8.5464 > 2.0 \u2014 price NOT justified by earnings growth (stretched). P/E 44.227043 broadly in line with sector 34.3 \u2014 supported. Projected multiple: forward P/E 41.03776 vs trailing 44.227043 (-7%) \u2014 market prices multiple COMPRESSION, i.e. earnings expected to grow into the price. Price-to-(adjusted) EBITDA: EV/EBITDA 34.692 vs sector 17.8 (+95%). Earnings growth -2% NOT corroborated by revenue growth 25%."}, "deps": [{"f": "Industrials sector", "corr": 0.65, "pcorr": 0.62, "sens": 2.6, "sig": true, "stab": "stable", "dir": "with", "lag": 0, "unexp": false}, {"f": "WTI oil", "corr": -0.48, "pcorr": -0.46, "sens": -1.92, "sig": true, "stab": "stable", "dir": "against", "lag": 0, "unexp": true}, {"f": "nat gas", "corr": -0.38, "pcorr": -0.43, "sens": -1.53, "sig": true, "stab": "stable", "dir": "against", "lag": 0, "unexp": false}, {"f": "credit (HYG)", "corr": 0.33, "pcorr": 0.21, "sens": 1.31, "sig": true, "stab": "stable", "dir": "with", "lag": 0, "unexp": false}], "macroR2": 36, "secRel": 13.78, "opp": 0.95, "oppPct": 92}