{"t": "GILD", "n": "Gilead", "sec": "Health Care", "idx": ["NDX", "SPX"], "mcap": 155258322944, "wr": [0.04226, 0.01351, -0.02994, 0.03377, 0.01057, -0.03904, 0.08941, -0.01174, -0.04051, -0.01009, 0.04514, -0.02928, -0.02315, -0.00387, 0.0559, 0.00951, 0.02452, -0.01905, 0.04188, 0.01459, -0.00168, 0.0068, -0.03671, -0.00676, 0.03913, 0.00499, -0.02842, 0.0033, 0.06036, 0.08218, 0.04659, 0.06544, -0.03004, -0.04864, 0.00953, 0.00048, -0.02272, -0.02998, 0.02068, -0.00515, -0.00971, -0.0526, 0.00959, -0.00243, -0.01333, 0.03689, -0.02426, -0.02288, -0.02329, 0.00603], "insider": null, "inst": null, "short": {"fails": 1019, "prevFails": 49894, "trend": "falling", "level": "low"}, "ret": {"1w": 0.6, "1m": -6.32, "3m": -10.8, "6m": 5.83, "12m": 19.69}, "vol": 24.4, "beta": 0.19, "ff": {"MKT": 0.0, "SMB": 0.0, "HML": 0.0, "MOM": 0.0}, "flow": {"net1m": -0.34, "net3m": -0.125, "in": 7613931676, "out": 15447447285, "din": 1001540981, "dout": 0}, "fcf": 7934125056, "fcfY": 5.11, "opt": null, "mfi": 57.0, "atr": 2.79, "brk": 0, "hl": 35.2, "vr": 0.84, "jump": 0.0, "pvol": 26.8, "regime": "mean-revert", "mb": {"DXY": -0.17}, "drv": "DXY", "ema21d": -1.5, "ema21sig": -0.2, "ema21sl": -0.84, "touch": {"up": {"d": 4.61, "p": 0.11}, "dn": {"d": 1.25, "p": 0.64}}, "odds": {"ema": 0.84, "emaDir": "reclaim", "hi": 0.11, "lo": 0.64, "mean": 0.48, "meanDir": "up", "beat": null, "drift": {"hi": 0.0, "lo": -0.02}, "tmed": {"hi": 116.9, "lo": 10.0}, "condHi": 0.13, "flip": 0.34}, "ev": -0.82, "z": {"val": 0.06, "mom": -0.15, "risk": -0.61, "size": 0.75, "fcf": 0.69, "flow": -1.42, "disloc": -1.35, "mfi": 0.59, "ema": -0.22, "contra": 0.37}, "disloc": -1.35, "contra": {"s": 0.32, "dir": "down", "conf": ["value", "MFI"]}, "evPct": 16, "alerts": ["breakdown odds 64%"], "val": {"pe": 17.013607, "fpe": 12.935252, "peg": 2.1441, "evb": 11.352, "epsg": 0.548, "revg": 0.044, "peSec": 29.2, "evSec": 16.4, "peV": "supported", "pegV": "rejected", "overall": "mixed", "reason": "PEG 2.1441 > 2.0 \u2014 price NOT justified by earnings growth (stretched). P/E 17.013607 is a 42% discount to sector 29.2 \u2014 relatively cheap, supported. Projected multiple: forward P/E 12.935252 vs trailing 17.013607 (-24%) \u2014 market prices multiple COMPRESSION, i.e. earnings expected to grow into the price. Price-to-(adjusted) EBITDA: EV/EBITDA 11.352 vs sector 16.4 (-31%). Earnings growth 55% corroborated by revenue growth 4%."}, "deps": [{"f": "Health Care sector", "corr": 0.41, "pcorr": 0.4, "sens": 1.4, "sig": true, "stab": "stable", "dir": "with", "lag": 0, "unexp": false}], "macroR2": 7, "secRel": -16.18, "opp": -0.55, "oppPct": 19}