{"t": "GLD", "n": "Gold", "sec": "Commodity", "idx": ["FACTOR"], "mcap": 0, "wr": [0.00444, -0.0066, 0.00897, 0.01272, -0.03594, 0.0317, -0.00415, -0.00275, 0.01411, 0.04471, 0.0247, 0.00257, 0.0272, 0.02912, 0.02999, 0.08489, -0.04455, -0.02286, -0.01097, 0.04589, -0.02095, 0.03476, -0.00371, 0.02329, 0.00905, -0.00105, 0.03658, 0.02045, 0.05211, 0.11488, -0.08207, 0.03009, -0.01726, 0.03899, -0.02377, 0.00161, -0.08668, -0.06043, 0.07181, 0.01798, 0.02013, -0.02843, -0.02324, 0.02502, -0.03799, -0.00832, -0.00619, -0.03402, -0.00181, -0.04849], "insider": null, "factor": true, "inst": null, "short": {"fails": 340358, "prevFails": 358736, "trend": "flat", "level": "moderate"}, "ret": {"1w": -4.85, "1m": -8.82, "3m": -11.51, "6m": -4.58, "12m": 23.23}, "vol": 27.8, "beta": 0.77, "ff": {"MKT": 0.0, "SMB": 0.0, "HML": 0.0, "MOM": 0.0}, "flow": {"net1m": -0.083, "net3m": -0.028, "in": 29307505150, "out": 34598641126, "din": 0, "dout": 2640888012}, "fcf": null, "fcfY": null, "opt": null, "mfi": 39.8, "atr": 1.7, "brk": 1, "hl": 52.5, "vr": 0.9, "jump": 0.22, "pvol": null, "regime": "random-walk", "mb": {"MKT": 0.07, "DXY": -0.39, "RATE": -0.12, "VIX": 0.12}, "drv": "DXY", "ema21d": -4.99, "ema21sig": -0.62, "ema21sl": -1.65, "touch": {"up": {"d": 10.72, "p": 0.04}, "dn": {"d": 0.43, "p": 0.93}}, "odds": {"ema": 0.53, "emaDir": "reclaim", "hi": 0.04, "lo": 0.93, "mean": 0.21, "meanDir": "up", "beat": null, "drift": {"hi": -0.03, "lo": 0.19}, "tmed": {"hi": 198.7, "lo": 0.4}, "condHi": 0.06, "flip": 0.49}, "ev": 0.05, "z": {"val": 0.01, "mom": -0.68, "risk": 0.22, "size": -1.2, "fcf": 0.0, "flow": -0.24, "disloc": -1.45, "mfi": -0.48, "ema": -1.06, "contra": -0.68}, "disloc": -1.45, "contra": {"s": 0.18, "dir": "down", "conf": ["value"]}, "evPct": 42, "alerts": ["breakdown odds 93%", "ATR breakout"], "val": {"pe": null, "fpe": null, "peg": null, "evb": null, "epsg": null, "revg": null, "peSec": null, "evSec": null, "peV": null, "pegV": null, "overall": "n/a", "reason": "No positive trailing earnings \u2014 P/E and PEG not meaningful; judge on EV/EBITDA and cash flow."}, "deps": [{"f": "gold", "corr": 0.72, "pcorr": 0.72, "sens": 2.79, "sig": true, "stab": "stable", "dir": "with", "lag": 0, "unexp": false}, {"f": "US dollar", "corr": -0.51, "pcorr": -0.41, "sens": -1.95, "sig": true, "stab": "stable", "dir": "against", "lag": 0, "unexp": false}, {"f": "nat gas", "corr": 0.39, "pcorr": 0.37, "sens": 1.5, "sig": true, "stab": "stable", "dir": "with", "lag": 0, "unexp": false}, {"f": "S&P 500", "corr": 0.33, "pcorr": 0.33, "sens": 1.28, "sig": true, "stab": "stable", "dir": "with", "lag": 0, "unexp": false}, {"f": "10Y yield", "corr": -0.36, "pcorr": -0.27, "sens": -1.39, "sig": true, "stab": "stable", "dir": "against", "lag": 0, "unexp": false}, {"f": "2s10s slope", "corr": -0.28, "pcorr": -0.21, "sens": -1.06, "sig": true, "stab": "stable", "dir": "against", "lag": 0, "unexp": false}, {"f": "credit (HYG)", "corr": 0.3, "pcorr": 0.11, "sens": 1.16, "sig": true, "stab": "stable", "dir": "with", "lag": 0, "unexp": false}], "macroR2": 35, "secRel": -11.51, "opp": -0.73, "oppPct": 14}