{"t": "GOOGL", "n": "Alphabet", "sec": "Communication", "idx": ["NDX", "SPX"], "mcap": 4223676710912, "wr": [0.00444, 0.03595, 0.03968, 0.03312, -0.00224, 0.02994, -0.01307, 0.04094, 0.11963, 0.03566, 0.04851, -0.02476, -0.00041, -0.01693, 0.04111, 0.00644, 0.11222, 0.01162, -0.0217, 0.03906, 0.10617, 0.0034, -0.03666, -0.00689, 0.02084, 0.00249, 0.06881, -0.02259, 0.02324, -0.00884, -0.0663, -0.02608, 0.01496, -0.02115, 0.00958, 0.01179, -0.08534, 0.05286, 0.07259, 0.07704, 0.00796, 0.11989, 0.03918, -0.01003, -0.03481, -0.01723, -0.03412, 0.01662, -0.06287], "insider": null, "inst": null, "short": {"fails": 134299, "prevFails": 444598, "trend": "falling", "level": "moderate"}, "ret": {"1w": -6.29, "1m": -9.57, "3m": 12.76, "6m": 12.06, "12m": 97.41}, "vol": 33.0, "beta": 1.43, "ff": {"MKT": 0.0, "SMB": 0.0, "HML": 0.0, "MOM": 0.0}, "flow": {"net1m": -0.171, "net3m": 0.035, "in": 104919310779, "out": 148189115794, "din": 0, "dout": 10546416837}, "fcf": 27921750016, "fcfY": 0.66, "opt": {"pw": 345.0, "cw": 355.0, "pcr": 0.42, "gex": 350.0}, "mfi": 38.9, "atr": 3.54, "brk": 0, "hl": 58.6, "vr": 1.11, "jump": 0.26, "pvol": 27.5, "regime": "random-walk", "mb": {"MKT": 0.48, "OIL": 0.18}, "drv": "MKT", "ema21d": -5.37, "ema21sig": -0.63, "ema21sl": -1.14, "touch": {"up": {"d": 4.59, "p": 0.08}, "dn": {"d": 5.94, "p": 0.01}}, "odds": {"ema": 0.52, "emaDir": "reclaim", "hi": 0.08, "lo": 0.01, "mean": 0.81, "meanDir": "up", "beat": null, "drift": {"hi": -0.02, "lo": 0.01}, "tmed": {"hi": 145.5, "lo": 252}, "condHi": 0.12, "flip": 0.17}, "ev": 1.09, "z": {"val": -2.0, "mom": 0.19, "risk": 1.17, "size": 1.02, "fcf": -0.45, "flow": -0.62, "disloc": -0.78, "mfi": -0.53, "ema": -1.08, "contra": -0.28}, "disloc": -0.78, "contra": {"s": 0.23, "dir": "down", "conf": ["momentum"]}, "evPct": 83, "alerts": [], "val": {"pe": 26.401985, "fpe": 23.783333, "peg": 1.3768, "evb": 26.072, "epsg": 0.82, "revg": 0.218, "peSec": 18.1, "evSec": 10.4, "peV": "supported", "pegV": "supported", "overall": "supported", "reason": "PEG 1.3768 between 1.0 and 2.0 \u2014 multiple roughly fair for the growth rate. P/E 26.401985 (46% premium to sector 18.1) is SUPPORTED by 82% earnings growth. Projected multiple: forward P/E 23.783333 vs trailing 26.401985 (-10%) \u2014 market prices multiple COMPRESSION, i.e. earnings expected to grow into the price. Price-to-(adjusted) EBITDA: EV/EBITDA 26.072 vs sector 10.4 (+150%). Earnings growth 82% corroborated by revenue growth 22%."}, "deps": [{"f": "S&P 500", "corr": 0.52, "pcorr": 0.52, "sens": 2.38, "sig": true, "stab": "stable", "dir": "with", "lag": 0, "unexp": false}, {"f": "credit (HYG)", "corr": 0.43, "pcorr": 0.13, "sens": 1.97, "sig": true, "stab": "stable", "dir": "with", "lag": 0, "unexp": false}, {"f": "Communication sector", "corr": 0.31, "pcorr": 0.08, "sens": 1.41, "sig": true, "stab": "stable", "dir": "with", "lag": 0, "unexp": false}], "macroR2": 36, "secRel": 20.56, "opp": 0.21, "oppPct": 61}