{"t": "GS", "n": "Goldman Sachs", "sec": "Financials", "idx": ["DOW", "SPX"], "mcap": 322867920896, "wr": [-0.01401, 0.0176, 0.01227, 0.01844, -0.00822, 0.02753, -0.03224, 0.04023, 0.00432, 0.04784, 0.02495, -0.01187, -0.01935, 0.00074, -0.02804, -0.00964, 0.05245, -0.00327, 0.02275, -0.03948, 0.06765, 0.03965, 0.03908, 0.00622, -0.00145, 0.07094, -0.01813, 0.01584, -0.017, -0.0251, 0.03426, -0.02958, 0.01347, -0.09596, -0.05738, 0.02791, 0.01623, 0.04911, 0.05186, 0.01999, 0.00104, -0.00345, 0.01382, 0.0128, 0.05088, 0.05666, -0.00341, 0.02983, 0.01698], "insider": null, "inst": null, "short": {"fails": 14297, "prevFails": 13740, "trend": "flat", "level": "low"}, "ret": {"1w": 1.7, "1m": 10.29, "3m": 35.8, "6m": 24.45, "12m": 58.04}, "vol": 23.7, "beta": 1.04, "ff": {"MKT": 0.0, "SMB": 0.0, "HML": 0.0, "MOM": 0.0}, "flow": {"net1m": 0.239, "net3m": 0.241, "in": 31181434713, "out": 19155911500, "din": 0, "dout": 1498314546}, "fcf": null, "fcfY": null, "opt": {"pw": 670.0, "cw": 1150.0, "pcr": 1.14, "gex": 910.0}, "mfi": 40.6, "atr": 3.41, "brk": 0, "hl": 77.7, "vr": 0.71, "jump": 0.0, "pvol": 30.3, "regime": "mean-revert", "mb": {"MKT": 0.3, "VIX": -0.2, "OIL": -0.17}, "drv": "MKT", "ema21d": 4.42, "ema21sig": 0.54, "ema21sl": 2.97, "touch": {"up": {"d": 0.32, "p": 0.89}, "dn": {"d": 7.92, "p": 0.0}}, "odds": {"ema": 0.6, "emaDir": "lose-support", "hi": 0.89, "lo": 0.0, "mean": 0.09, "meanDir": "down", "beat": null, "drift": {"hi": -0.11, "lo": -0.0}, "tmed": {"hi": 0.8, "lo": 252}, "condHi": 0.99, "flip": 0.21}, "ev": 0.97, "z": {"val": -1.54, "mom": 0.84, "risk": 0.61, "size": 0.85, "fcf": 0.0, "flow": 1.21, "disloc": 1.41, "mfi": -0.43, "ema": 1.41, "contra": 0.38}, "disloc": 1.41, "contra": {"s": 0.32, "dir": "up", "conf": ["value", "MFI"]}, "evPct": 79, "alerts": ["breakout odds 89%", "mean-revert setup (rich vs EMA21)"], "val": {"pe": 19.982471, "fpe": 16.68218, "peg": 1.6044, "evb": null, "epsg": 0.242, "revg": 0.145, "peSec": 20.2, "evSec": 20.7, "peV": "supported", "pegV": "supported", "overall": "supported", "reason": "PEG 1.6044 between 1.0 and 2.0 \u2014 multiple roughly fair for the growth rate. P/E 19.982471 broadly in line with sector 20.2 \u2014 supported. Projected multiple: forward P/E 16.68218 vs trailing 19.982471 (-17%) \u2014 market prices multiple COMPRESSION, i.e. earnings expected to grow into the price. Earnings growth 24% corroborated by revenue growth 14%."}, "deps": [{"f": "Financials sector", "corr": 0.73, "pcorr": 0.63, "sens": 2.4, "sig": true, "stab": "stable", "dir": "with", "lag": 0, "unexp": false}, {"f": "S&P 500", "corr": 0.53, "pcorr": 0.53, "sens": 1.73, "sig": true, "stab": "stable", "dir": "with", "lag": 0, "unexp": false}, {"f": "WTI oil", "corr": -0.33, "pcorr": -0.26, "sens": -1.08, "sig": true, "stab": "stable", "dir": "against", "lag": 0, "unexp": false}, {"f": "VIX", "corr": -0.46, "pcorr": -0.23, "sens": -1.5, "sig": true, "stab": "stable", "dir": "against", "lag": 0, "unexp": false}, {"f": "credit (HYG)", "corr": 0.49, "pcorr": 0.22, "sens": 1.62, "sig": true, "stab": "stable", "dir": "with", "lag": 0, "unexp": false}, {"f": "US dollar", "corr": -0.32, "pcorr": -0.06, "sens": -1.05, "sig": true, "stab": "stable", "dir": "against", "lag": 0, "unexp": true}], "macroR2": 38, "secRel": 16.55, "opp": 1.03, "oppPct": 93}