{"t": "GSG", "n": "Commodity Index", "sec": "Commodity", "idx": ["FACTOR"], "mcap": 0, "wr": [0.00226, 0.0176, -0.0031, 0.00534, 0.01991, -0.03731, -0.00496, 0.00996, 0.013, 0.00708, -0.00352, 0.00926, 0.01705, -0.02492, 0.01058, -0.01701, 0.03549, -0.01243, 0.0, 0.00434, -0.00994, 0.01527, 0.0159, -0.02961, -0.00523, 0.01534, 0.0082, 0.03082, 0.01329, 0.04549, -0.01764, 0.00678, 0.00951, 0.00589, 0.105, 0.0982, 0.00675, -0.01054, 0.08008, -0.07444, -0.0197, 0.07348, 0.04021, -0.03187, 0.04206, -0.02749, -0.02346, -0.02217, -0.05102, -0.03916], "insider": null, "factor": true, "inst": null, "short": {"fails": 4180, "prevFails": 22848, "trend": "falling", "level": "low"}, "ret": {"1w": -3.92, "1m": -12.93, "3m": -7.51, "6m": 26.2, "12m": 30.94}, "vol": 24.8, "beta": -0.28, "ff": {"MKT": 0.0, "SMB": 0.0, "HML": 0.0, "MOM": 0.0}, "flow": {"net1m": -0.148, "net3m": -0.038, "in": 213215871, "out": 287448941, "din": 0, "dout": 16559400}, "fcf": null, "fcfY": null, "opt": null, "mfi": 37.3, "atr": 1.25, "brk": 0, "hl": 138.2, "vr": 0.98, "jump": 0.0, "pvol": null, "regime": "random-walk", "mb": {"OIL": 0.7}, "drv": "OIL", "ema21d": -6.54, "ema21sig": -0.99, "ema21sl": -3.13, "touch": {"up": {"d": 16.04, "p": 0.01}, "dn": {"d": 0.0, "p": 1.0}}, "odds": {"ema": 0.3, "emaDir": "reclaim", "hi": 0.01, "lo": 1.0, "mean": 0.1, "meanDir": "up", "beat": null, "drift": {"hi": 0.0, "lo": 0.0}, "tmed": {"hi": 252, "lo": 0.0}, "condHi": 0.01, "flip": 0.74}, "ev": 0.2, "z": {"val": -0.36, "mom": 0.94, "risk": -1.28, "size": -1.2, "fcf": 0.0, "flow": -0.53, "disloc": -1.42, "mfi": -0.64, "ema": -1.84, "contra": -0.3}, "disloc": -1.42, "contra": {"s": 0.23, "dir": "down", "conf": ["momentum"]}, "evPct": 50, "alerts": ["breakdown odds 100%", "vol regime shifting"], "val": {"pe": null, "fpe": null, "peg": null, "evb": null, "epsg": null, "revg": null, "peSec": null, "evSec": null, "peV": null, "pegV": null, "overall": "n/a", "reason": "No positive trailing earnings \u2014 P/E and PEG not meaningful; judge on EV/EBITDA and cash flow."}, "deps": [{"f": "WTI oil", "corr": 0.79, "pcorr": 0.78, "sens": 2.7, "sig": true, "stab": "stable", "dir": "with", "lag": 0, "unexp": false}], "macroR2": 64, "secRel": -7.51, "opp": -0.47, "oppPct": 28}