{"t": "HD", "n": "Home Depot", "sec": "Consumer Disc.", "idx": ["DOW", "SPX"], "mcap": 323514531840, "wr": [-0.00568, -0.03676, 0.05302, -0.01135, 0.03956, 0.05269, -0.01336, 0.01618, 0.01417, 0.02849, -0.01403, -0.02403, -0.03053, -0.04385, 0.02568, -0.00609, -0.01423, -0.02761, -0.00271, -0.09697, 0.07383, -5e-05, 0.01421, -0.04073, 0.0071, 0.0053, 0.08718, 0.0129, -0.02428, 0.03171, 0.00899, -0.03097, -0.00922, -0.03575, -0.05664, -0.03163, 0.00067, -0.0207, 0.04884, 0.03575, -0.03867, -0.03576, -0.01985, -0.06281, 0.0523, -0.0076, 0.00432, 0.06493, -0.01628], "insider": null, "inst": null, "short": {"fails": 17572, "prevFails": 7763, "trend": "rising", "level": "low"}, "ret": {"1w": -1.63, "1m": 4.41, "3m": -0.4, "6m": -8.5, "12m": -10.74}, "vol": 26.9, "beta": 1.02, "ff": {"MKT": 0.0, "SMB": 0.0, "HML": 0.0, "MOM": 0.0}, "flow": {"net1m": 0.135, "net3m": 0.059, "in": 19073495287, "out": 14542524530, "din": 0, "dout": 957585659}, "fcf": 10128249856, "fcfY": 3.13, "opt": {"pw": 295.0, "cw": 345.0, "pcr": 0.55, "gex": 320.0}, "mfi": 68.4, "atr": 2.7, "brk": 0, "hl": 45.0, "vr": 0.97, "jump": 0.0, "pvol": 23.6, "regime": "random-walk", "mb": {"MKT": 0.28, "DXY": -0.1, "OIL": -0.15}, "drv": "MKT", "ema21d": 0.84, "ema21sig": 0.12, "ema21sl": 1.49, "touch": {"up": {"d": 2.73, "p": 0.3}, "dn": {"d": 3.33, "p": 0.17}}, "odds": {"ema": 0.9, "emaDir": "lose-support", "hi": 0.3, "lo": 0.17, "mean": 0.91, "meanDir": "down", "beat": null, "drift": {"hi": -0.05, "lo": 0.02}, "tmed": {"hi": 48.7, "lo": 85.3}, "condHi": 0.37, "flip": 0.24}, "ev": 0.68, "z": {"val": 1.06, "mom": -0.89, "risk": 0.59, "size": 0.85, "fcf": 0.18, "flow": 0.74, "disloc": 1.05, "mfi": 1.36, "ema": 0.51, "contra": -0.28}, "disloc": 1.05, "contra": {"s": 0.23, "dir": "up", "conf": ["momentum"]}, "evPct": 68, "alerts": [], "val": {"pe": 23.043325, "fpe": 20.162067, "peg": 1.8415, "evb": 15.459, "epsg": -0.043, "revg": 0.048, "peSec": 25.5, "evSec": 16.7, "peV": "supported", "pegV": "supported", "overall": "supported", "reason": "PEG 1.8415 between 1.0 and 2.0 \u2014 multiple roughly fair for the growth rate. P/E 23.043325 broadly in line with sector 25.5 \u2014 supported. Projected multiple: forward P/E 20.162067 vs trailing 23.043325 (-13%) \u2014 market prices multiple COMPRESSION, i.e. earnings expected to grow into the price. Price-to-(adjusted) EBITDA: EV/EBITDA 15.459 vs sector 16.7 (-7%). Earnings growth -4% NOT corroborated by revenue growth 5%."}, "deps": [{"f": "Consumer Disc. sector", "corr": 0.81, "pcorr": 0.77, "sens": 3.01, "sig": true, "stab": "stable", "dir": "with", "lag": 0, "unexp": false}, {"f": "S&P 500", "corr": 0.46, "pcorr": 0.46, "sens": 1.71, "sig": true, "stab": "stable", "dir": "with", "lag": 0, "unexp": false}, {"f": "credit (HYG)", "corr": 0.55, "pcorr": 0.36, "sens": 2.03, "sig": true, "stab": "stable", "dir": "with", "lag": 0, "unexp": false}, {"f": "WTI oil", "corr": -0.31, "pcorr": -0.25, "sens": -1.16, "sig": true, "stab": "stable", "dir": "against", "lag": 0, "unexp": false}, {"f": "10Y yield", "corr": -0.31, "pcorr": -0.17, "sens": -1.15, "sig": true, "stab": "fading", "dir": "against", "lag": 0, "unexp": false}, {"f": "US dollar", "corr": -0.35, "pcorr": -0.15, "sens": -1.32, "sig": true, "stab": "fading", "dir": "against", "lag": 0, "unexp": false}], "macroR2": 28, "secRel": 2.29, "opp": 0.03, "oppPct": 52}