{"t": "HON", "n": "Honeywell", "sec": "Industrials", "idx": ["NDX", "SPX"], "mcap": 140905447424, "wr": [-0.00021, -0.00771, 0.01009, -0.07151, -0.01319, 0.00233, -0.00733, 0.01959, -0.02753, 0.0007, -0.02373, -0.01189, 0.01594, -0.03213, -0.00519, 0.08613, -0.03785, -0.02099, 0.02021, -0.05305, 0.02153, -0.00447, 0.01218, 0.02814, -0.01015, 0.03983, 0.02606, 0.04228, -0.01154, 0.08636, 0.03123, -0.00795, 0.00046, -0.00547, -0.02089, -0.01872, -0.01685, 0.01901, 0.02436, -0.00634, -0.08726, -0.00314, 0.00292, 0.00606, 0.06884, 0.03782, -0.10459, 0.0737, -0.02216], "insider": null, "inst": null, "short": {"fails": 22126, "prevFails": 28, "trend": "rising", "level": "low"}, "ret": {"1w": -2.22, "1m": -2.43, "3m": -2.37, "6m": 16.03, "12m": 0.97}, "vol": 27.2, "beta": 0.79, "ff": {"MKT": 0.0, "SMB": 0.0, "HML": 0.0, "MOM": 0.0}, "flow": {"net1m": -0.03, "net3m": -0.126, "in": 11700518417, "out": 12421969284, "din": 0, "dout": 1148654656}, "fcf": 2936875008, "fcfY": 2.08, "opt": null, "mfi": 45.1, "atr": 3.57, "brk": 0, "hl": 35.7, "vr": 1.0, "jump": 0.08, "pvol": 31.4, "regime": "random-walk", "mb": {"MKT": 0.27, "DXY": -0.06, "VIX": 0.09}, "drv": "MKT", "ema21d": -0.44, "ema21sig": -0.06, "ema21sl": 1.07, "touch": {"up": {"d": 1.95, "p": 0.34}, "dn": {"d": 2.08, "p": 0.28}}, "odds": {"ema": 0.95, "emaDir": "reclaim", "hi": 0.34, "lo": 0.28, "mean": 0.98, "meanDir": "down", "beat": null, "drift": {"hi": -0.21, "lo": 0.13}, "tmed": {"hi": 42.0, "lo": 54.9}, "condHi": 0.41, "flip": 0.49}, "ev": 0.29, "z": {"val": 0.66, "mom": 0.4, "risk": 0.26, "size": 0.79, "fcf": -0.08, "flow": 0.01, "disloc": 0.1, "mfi": -0.14, "ema": 0.13, "contra": 1.04}, "disloc": 0.1, "contra": {"s": 0.41, "dir": "down", "conf": ["momentum", "value"]}, "evPct": 54, "alerts": [], "val": {"pe": 36.513954, "fpe": 19.42751, "peg": 2.0889, "evb": 19.627, "epsg": -0.419, "revg": 0.024, "peSec": 34.4, "evSec": 17.8, "peV": "supported", "pegV": "rejected", "overall": "mixed", "reason": "PEG 2.0889 > 2.0 \u2014 price NOT justified by earnings growth (stretched). P/E 36.513954 broadly in line with sector 34.4 \u2014 supported. Projected multiple: forward P/E 19.42751 vs trailing 36.513954 (-47%) \u2014 market prices multiple COMPRESSION, i.e. earnings expected to grow into the price. Price-to-(adjusted) EBITDA: EV/EBITDA 19.627 vs sector 17.8 (+10%). Earnings growth -42% NOT corroborated by revenue growth 2%."}, "deps": [{"f": "Industrials sector", "corr": 0.71, "pcorr": 0.67, "sens": 2.69, "sig": true, "stab": "stable", "dir": "with", "lag": 0, "unexp": false}, {"f": "S&P 500", "corr": 0.35, "pcorr": 0.35, "sens": 1.32, "sig": true, "stab": "stable", "dir": "with", "lag": 1, "unexp": false}, {"f": "credit (HYG)", "corr": 0.44, "pcorr": 0.29, "sens": 1.65, "sig": true, "stab": "stable", "dir": "with", "lag": 0, "unexp": false}], "macroR2": 20, "secRel": -10.83, "opp": -0.05, "oppPct": 47}