{"t": "IBM", "n": "IBM", "sec": "Technology", "idx": ["DOW", "SPX"], "mcap": 249013223424, "wr": [-0.00882, -0.00364, -0.02833, 0.00032, -0.07712, -0.03066, -0.04196, 0.01033, 0.00944, 0.00956, 0.03977, 0.03109, 0.06204, 0.01876, 0.00527, -0.04254, 0.03272, 0.08793, 0.00761, -0.01882, -0.04743, 0.0626, -0.00207, 0.00422, -0.02671, 0.01581, -0.0107, 0.00228, -0.01854, -0.01136, -0.01737, -0.0508, -0.06059, -0.05568, 0.06008, -0.03457, 0.01086, -0.03475, 0.02685, -0.07012, 0.09841, -0.08478, 0.00095, -0.00323, -0.04553, 0.1575, 0.26229, -0.12359, -0.04312, -0.01403], "insider": null, "inst": null, "short": {"fails": 13613, "prevFails": 1813, "trend": "rising", "level": "low"}, "ret": {"1w": -1.4, "1m": 4.37, "3m": 6.6, "6m": -13.2, "12m": -7.51}, "vol": 44.5, "beta": 1.29, "ff": {"MKT": 0.0, "SMB": 0.0, "HML": 0.0, "MOM": 0.0}, "flow": {"net1m": 0.18, "net3m": 0.178, "in": 40316376188, "out": 28029864345, "din": 4146522990, "dout": 0}, "fcf": 13080750080, "fcfY": 5.25, "opt": {"pw": 130.0, "cw": 130.0, "pcr": null, "gex": 130.0}, "mfi": 26.3, "atr": 4.85, "brk": 0, "hl": 21.7, "vr": 1.11, "jump": 0.01, "pvol": 45.6, "regime": "random-walk", "mb": {"MKT": 0.26}, "drv": "MKT", "ema21d": -0.44, "ema21sig": -0.04, "ema21sl": -1.49, "touch": {"up": {"d": 5.0, "p": 0.06}, "dn": {"d": 3.92, "p": 0.07}}, "odds": {"ema": 0.97, "emaDir": "reclaim", "hi": 0.06, "lo": 0.07, "mean": 0.58, "meanDir": "down", "beat": null, "drift": {"hi": 0.04, "lo": -0.09}, "tmed": {"hi": 161.3, "lo": 151.5}, "condHi": 0.08, "flip": 0.36}, "ev": 0.13, "z": {"val": 0.91, "mom": -1.14, "risk": 0.97, "size": 0.83, "fcf": 0.72, "flow": 0.95, "disloc": 1.11, "mfi": -1.35, "ema": 0.18, "contra": 1.05}, "disloc": 1.11, "contra": {"s": 0.41, "dir": "down", "conf": ["flow", "value"]}, "evPct": 45, "alerts": [], "val": {"pe": 23.425287, "fpe": 19.686636, "peg": 2.3553, "evb": 18.489, "epsg": 0.142, "revg": 0.095, "peSec": 30.7, "evSec": 28.1, "peV": "supported", "pegV": "rejected", "overall": "mixed", "reason": "PEG 2.3553 > 2.0 \u2014 price NOT justified by earnings growth (stretched). P/E 23.425287 is a 24% discount to sector 30.7 \u2014 relatively cheap, supported. Projected multiple: forward P/E 19.686636 vs trailing 23.425287 (-16%) \u2014 market prices multiple COMPRESSION, i.e. earnings expected to grow into the price. Price-to-(adjusted) EBITDA: EV/EBITDA 18.489 vs sector 28.1 (-34%). Earnings growth 14% corroborated by revenue growth 10%."}, "deps": [{"f": "Technology sector", "corr": 0.6, "pcorr": 0.55, "sens": 3.68, "sig": true, "stab": "stable", "dir": "with", "lag": 0, "unexp": false}, {"f": "S&P 500", "corr": 0.35, "pcorr": 0.35, "sens": 2.15, "sig": true, "stab": "stable", "dir": "with", "lag": 0, "unexp": false}, {"f": "credit (HYG)", "corr": 0.32, "pcorr": 0.13, "sens": 2.0, "sig": true, "stab": "stable", "dir": "with", "lag": 0, "unexp": false}], "macroR2": 14, "secRel": -30.31, "opp": -0.78, "oppPct": 12}