{"t": "INTC", "n": "Intel", "sec": "Technology", "idx": ["NDX", "SPX"], "mcap": 664839258112, "wr": [0.02582, -0.032, 0.03526, -0.1341, 0.00344, 0.08868, 0.05941, 0.05565, -0.00966, 0.0, 0.24218, 0.11187, 0.09738, 0.0134, -0.0254, 0.03583, 0.05241, -0.07271, -0.03571, -0.06377, 0.20642, 0.02096, -0.08694, -0.02618, -0.0038, 0.0916, 0.18107, 0.14718, -0.10083, -0.00369, -0.00638, -0.076, 0.01883, 0.01078, -0.01523, 0.02055, -0.04504, 0.1424, 0.23819, 0.09811, 0.20496, 0.20693, 0.25397, -0.12928, 0.10177, -0.0877, 0.0086, 0.15952, 0.03457], "insider": null, "inst": null, "short": {"fails": 89638, "prevFails": 2816545, "trend": "falling", "level": "low"}, "ret": {"1w": 3.46, "1m": 10.38, "3m": 186.45, "6m": 249.86, "12m": 478.9}, "vol": 72.1, "beta": 2.84, "ff": {"MKT": 0.0, "SMB": 0.0, "HML": 0.0, "MOM": 0.0}, "flow": {"net1m": 0.021, "net3m": 0.186, "in": 163170745132, "out": 156582977281, "din": 0, "dout": 17363599511}, "fcf": -8301250048, "fcfY": -1.25, "opt": {"pw": 70.0, "cw": 160.0, "pcr": 1.16, "gex": 115.0}, "mfi": 69.0, "atr": 8.2, "brk": 0, "hl": null, "vr": 0.92, "jump": 0.0, "pvol": 69.9, "regime": "random-walk", "mb": {"MKT": 0.46, "RATE": 0.15}, "drv": "MKT", "ema21d": 10.98, "ema21sig": 0.52, "ema21sl": 5.86, "touch": {"up": {"d": 0.8, "p": 0.77}, "dn": {"d": 8.39, "p": 0.0}}, "odds": {"ema": 0.62, "emaDir": "lose-support", "hi": 0.77, "lo": 0.0, "mean": 0.1, "meanDir": "down", "beat": null, "drift": {"hi": -0.23, "lo": -0.0}, "tmed": {"hi": 4.1, "lo": 252}, "condHi": 0.94, "flip": 0.18}, "ev": 5.04, "z": {"val": -2.78, "mom": 3.0, "risk": 2.45, "size": 0.91, "fcf": -0.93, "flow": 0.23, "disloc": 0.93, "mfi": 1.4, "ema": 1.36, "contra": -0.65}, "disloc": 0.93, "contra": {"s": 0.18, "dir": "up", "conf": ["value"]}, "evPct": 100, "alerts": ["breakout odds 77%", "positive edge +5.04%", "aligned uptrend"], "val": {"pe": null, "fpe": 85.53564, "peg": 1.36, "evb": 51.799, "epsg": null, "revg": 0.072, "peSec": 30.6, "evSec": 28.1, "peV": null, "pegV": "supported", "overall": "supported", "reason": "PEG 1.36 between 1.0 and 2.0 \u2014 multiple roughly fair for the growth rate. Price-to-(adjusted) EBITDA: EV/EBITDA 51.799 vs sector 28.1 (+85%)."}, "deps": [{"f": "S&P 500", "corr": 0.47, "pcorr": 0.47, "sens": 4.73, "sig": true, "stab": "stable", "dir": "with", "lag": 0, "unexp": false}, {"f": "credit (HYG)", "corr": 0.43, "pcorr": 0.17, "sens": 4.28, "sig": true, "stab": "stable", "dir": "with", "lag": 0, "unexp": false}, {"f": "Technology sector", "corr": 0.38, "pcorr": 0.02, "sens": 3.8, "sig": true, "stab": "stable", "dir": "with", "lag": 0, "unexp": false}], "macroR2": 32, "secRel": 149.54, "opp": 2.34, "oppPct": 100}