{"t": "ISRG", "n": "Intuitive", "sec": "Health Care", "idx": ["NDX", "SPX"], "mcap": 142791376896, "wr": [-0.01833, -0.02933, -0.02085, -0.00287, -0.05285, 0.01749, -0.00394, -0.01936, -0.0353, 0.00293, -0.04392, 0.00525, 0.01116, 0.00169, -0.0206, 0.26846, -0.0386, 0.03351, 0.03237, -0.02348, 0.03848, 0.00324, -0.05739, 0.05559, 0.00512, 0.03033, -0.05234, -0.06787, -0.00315, -0.08342, 0.03685, 0.00687, 0.01471, -0.02008, -0.03509, 0.00138, -0.02371, -0.03517, -0.00321, 0.04125, 0.02773, -0.05068, -0.01686, -0.0643, 0.04032, -0.05898, 0.0154, -0.00492, -0.0321], "insider": null, "inst": null, "short": {"fails": 11507, "prevFails": 1652, "trend": "rising", "level": "low"}, "ret": {"1w": -3.21, "1m": -7.97, "3m": -15.99, "6m": -25.66, "12m": -25.06}, "vol": 37.3, "beta": 0.83, "ff": {"MKT": 0.0, "SMB": 0.0, "HML": 0.0, "MOM": 0.0}, "flow": {"net1m": 0.13, "net3m": 0.034, "in": 12138037564, "out": 9348428819, "din": 1073891682, "dout": 0}, "fcf": 2254087424, "fcfY": 1.58, "opt": null, "mfi": 42.6, "atr": 2.74, "brk": 0, "hl": 57.7, "vr": 1.03, "jump": 0.2, "pvol": 27.5, "regime": "random-walk", "mb": {"MKT": 0.11, "RATE": -0.1, "VIX": -0.07}, "drv": "MKT", "ema21d": -3.27, "ema21sig": -0.37, "ema21sl": -1.57, "touch": {"up": {"d": 7.27, "p": 0.04}, "dn": {"d": 0.09, "p": 0.98}}, "odds": {"ema": 0.71, "emaDir": "reclaim", "hi": 0.04, "lo": 0.98, "mean": 0.3, "meanDir": "up", "beat": null, "drift": {"hi": 0.0, "lo": -0.0}, "tmed": {"hi": 196.2, "lo": 0.0}, "condHi": 0.04, "flip": 0.27}, "ev": 0.55, "z": {"val": 1.3, "mom": -1.8, "risk": 0.32, "size": 0.79, "fcf": -0.21, "flow": 0.72, "disloc": -1.05, "mfi": -0.3, "ema": -0.53, "contra": 1.04}, "disloc": -1.05, "contra": {"s": 0.41, "dir": "down", "conf": ["flow", "value"]}, "evPct": 66, "alerts": ["breakdown odds 98%"], "val": {"pe": 49.04866, "fpe": 34.20896, "peg": 2.1128, "evb": 35.597, "epsg": 0.188, "revg": 0.23, "peSec": 29.2, "evSec": 16.7, "peV": "rejected", "pegV": "rejected", "overall": "rejected", "reason": "PEG 2.1128 > 2.0 \u2014 price NOT justified by earnings growth (stretched). P/E 49.04866 sits 68% above sector 29.2 without commensurate growth \u2014 REJECTED as rich. Projected multiple: forward P/E 34.20896 vs trailing 49.04866 (-30%) \u2014 market prices multiple COMPRESSION, i.e. earnings expected to grow into the price. Price-to-(adjusted) EBITDA: EV/EBITDA 35.597 vs sector 16.7 (+113%). Earnings growth 19% corroborated by revenue growth 23%."}, "deps": [{"f": "Health Care sector", "corr": 0.41, "pcorr": 0.37, "sens": 2.12, "sig": true, "stab": "fading", "dir": "with", "lag": 0, "unexp": false}], "macroR2": 13, "secRel": -21.37, "opp": -0.94, "oppPct": 7}