{"t": "IWF", "n": "Growth", "sec": "Style", "idx": ["FACTOR"], "mcap": 0, "wr": [0.01476, 0.02076, 0.00595, 0.01208, 0.00831, 0.00618, 0.01569, -0.02129, 0.01758, 0.00451, 0.01904, 0.01291, -0.00271, 0.01912, 0.00611, -0.02071, 0.01756, 0.02383, -0.02485, -0.00477, -0.03186, 0.04726, 0.00493, -0.01554, 0.00556, 0.00938, -0.00462, 0.00017, -0.02814, 0.02351, -0.04088, 0.00877, -0.01568, 0.00757, -0.00249, -0.02146, -0.01691, -0.03002, 0.01821, 0.03772, 0.06756, 0.00573, 0.00221, 0.02907, 0.00672, 0.00507, 0.03016, -0.04496, 0.01211, -0.03659], "insider": null, "factor": true, "inst": null, "short": {"fails": 855, "prevFails": 50740, "trend": "falling", "level": "low"}, "ret": {"1w": -3.66, "1m": -4.07, "3m": 10.16, "6m": 1.96, "12m": 16.19}, "vol": 16.2, "beta": 1.27, "ff": {"MKT": 0.0, "SMB": 0.0, "HML": 0.0, "MOM": 0.0}, "flow": {"net1m": -0.102, "net3m": 0.133, "in": 5664194260, "out": 6955007333, "din": 0, "dout": 563538664}, "fcf": null, "fcfY": null, "opt": null, "mfi": 35.4, "atr": 1.32, "brk": 1, "hl": 21.5, "vr": 0.91, "jump": 0.27, "pvol": null, "regime": "random-walk", "mb": {"MKT": 0.86}, "drv": "MKT", "ema21d": -2.45, "ema21sig": -0.52, "ema21sl": -0.5, "touch": {"up": {"d": 5.61, "p": 0.13}, "dn": {"d": 10.89, "p": 0.0}}, "odds": {"ema": 0.6, "emaDir": "reclaim", "hi": 0.13, "lo": 0.0, "mean": 0.89, "meanDir": "down", "beat": null, "drift": {"hi": -0.11, "lo": -0.0}, "tmed": {"hi": 106.9, "lo": 252}, "condHi": 0.27, "flip": 0.45}, "ev": 0.96, "z": {"val": -0.14, "mom": -0.34, "risk": 0.94, "size": -1.2, "fcf": 0.0, "flow": -0.32, "disloc": -0.93, "mfi": -0.76, "ema": -0.84, "contra": -2.03}, "disloc": -0.93, "contra": {"s": 0.0, "dir": "down", "conf": []}, "evPct": 78, "alerts": ["ATR breakout"], "val": {"pe": null, "fpe": null, "peg": null, "evb": null, "epsg": null, "revg": null, "peSec": null, "evSec": null, "peV": null, "pegV": null, "overall": "n/a", "reason": "No positive trailing earnings \u2014 P/E and PEG not meaningful; judge on EV/EBITDA and cash flow."}, "deps": [{"f": "S&P 500", "corr": 0.94, "pcorr": 0.94, "sens": 2.11, "sig": true, "stab": "stable", "dir": "with", "lag": 0, "unexp": false}, {"f": "gold", "corr": 0.29, "pcorr": 0.34, "sens": 0.64, "sig": true, "stab": "stable", "dir": "with", "lag": 0, "unexp": false}, {"f": "credit (HYG)", "corr": 0.57, "pcorr": -0.27, "sens": 1.28, "sig": true, "stab": "stable", "dir": "with", "lag": 0, "unexp": false}, {"f": "US dollar", "corr": -0.46, "pcorr": 0.14, "sens": -1.04, "sig": true, "stab": "stable", "dir": "against", "lag": 0, "unexp": false}, {"f": "VIX", "corr": -0.51, "pcorr": 0.09, "sens": -1.14, "sig": true, "stab": "stable", "dir": "against", "lag": 0, "unexp": false}, {"f": "copper", "corr": 0.28, "pcorr": 0.09, "sens": 0.64, "sig": true, "stab": "stable", "dir": "with", "lag": 0, "unexp": false}, {"f": "10Y yield", "corr": -0.34, "pcorr": 0.03, "sens": -0.77, "sig": true, "stab": "stable", "dir": "against", "lag": 0, "unexp": false}], "macroR2": 89, "secRel": 10.16, "opp": -0.05, "oppPct": 47}