{"t": "IWM", "n": "Russell 2000", "sec": "Broad", "idx": ["FACTOR"], "mcap": 0, "wr": [0.01651, 0.02587, -0.01176, 0.02561, -0.02259, -0.00451, 0.04833, -0.02513, 0.04671, 0.00275, 0.01779, 0.01966, -0.02267, 0.01977, 0.00455, -0.00029, 0.00555, -0.00637, -0.01838, -0.01481, -0.03243, 0.08572, 0.00812, 0.01228, -0.00874, -0.00363, 0.02481, 0.02058, 0.02464, -0.01677, -0.01056, 0.017, -0.00132, 0.00525, -0.0347, -0.03642, 0.00267, -0.00077, 0.01556, 0.03983, 0.05542, 0.00315, 0.00951, 0.01751, -0.02312, 0.02709, 0.01354, -0.01685, 0.03953, 0.00231], "insider": null, "factor": true, "inst": null, "short": {"fails": 6977228, "prevFails": 1494288, "trend": "rising", "level": "elevated"}, "ret": {"1w": 0.23, "1m": 3.82, "3m": 19.54, "6m": 17.21, "12m": 39.12}, "vol": 17.7, "beta": 1.1, "ff": {"MKT": 0.0, "SMB": 0.0, "HML": 0.0, "MOM": 0.0}, "flow": {"net1m": 0.083, "net3m": 0.219, "in": 91549379283, "out": 77579191255, "din": 0, "dout": 7784744071}, "fcf": null, "fcfY": null, "opt": null, "mfi": 56.4, "atr": 1.31, "brk": 0, "hl": 67.1, "vr": 0.72, "jump": 0.0, "pvol": null, "regime": "mean-revert", "mb": {"MKT": 0.64, "OIL": -0.11}, "drv": "MKT", "ema21d": 2.15, "ema21sig": 0.38, "ema21sl": 1.15, "touch": {"up": {"d": 0.74, "p": 0.87}, "dn": {"d": 14.55, "p": 0.0}}, "odds": {"ema": 0.71, "emaDir": "lose-support", "hi": 0.87, "lo": 0.0, "mean": 0.23, "meanDir": "down", "beat": null, "drift": {"hi": -0.13, "lo": -0.0}, "tmed": {"hi": 1.3, "lo": 252}, "condHi": 0.89, "flip": 0.21}, "ev": 0.84, "z": {"val": -1.17, "mom": 0.42, "risk": 0.66, "size": -1.26, "fcf": 0.0, "flow": 0.48, "disloc": 1.34, "mfi": 0.55, "ema": 1.04, "contra": -0.71}, "disloc": 1.34, "contra": {"s": 0.18, "dir": "up", "conf": ["value"]}, "evPct": 73, "alerts": ["breakout odds 87%", "rising fails (squeeze watch)", "aligned uptrend"], "val": {"pe": null, "fpe": null, "peg": null, "evb": null, "epsg": null, "revg": null, "peSec": null, "evSec": null, "peV": null, "pegV": null, "overall": "n/a", "reason": "No positive trailing earnings \u2014 P/E and PEG not meaningful; judge on EV/EBITDA and cash flow."}, "deps": [{"f": "S&P 500", "corr": 0.74, "pcorr": 0.74, "sens": 1.83, "sig": true, "stab": "stable", "dir": "with", "lag": 0, "unexp": false}, {"f": "credit (HYG)", "corr": 0.74, "pcorr": 0.47, "sens": 1.81, "sig": true, "stab": "stable", "dir": "with", "lag": 0, "unexp": false}, {"f": "WTI oil", "corr": -0.33, "pcorr": -0.25, "sens": -0.82, "sig": true, "stab": "stable", "dir": "against", "lag": 0, "unexp": false}, {"f": "VIX", "corr": -0.38, "pcorr": 0.07, "sens": -0.94, "sig": true, "stab": "fading", "dir": "against", "lag": 0, "unexp": false}, {"f": "US dollar", "corr": -0.43, "pcorr": -0.06, "sens": -1.06, "sig": true, "stab": "stable", "dir": "against", "lag": 0, "unexp": false}], "macroR2": 60, "secRel": 19.54, "opp": 0.81, "oppPct": 90}