{"t": "JNJ", "n": "Johnson & Johnson", "sec": "Health Care", "idx": ["DOW", "SPX"], "mcap": 575517425664, "wr": [0.02451, 0.00231, 0.05439, 0.02622, -0.01088, 0.01991, 0.02245, 0.02534, -0.00421, 0.01114, -0.00145, -0.02431, 0.0205, 0.04642, 0.02742, 0.00544, 0.00182, -0.01777, -0.011, 0.04429, 0.04005, 0.02543, -0.02412, 0.04779, -0.02462, 0.00577, -0.01335, 0.04326, 0.02041, 0.04454, 0.02964, 0.02725, 0.02512, -0.00869, -0.01577, 0.01006, -0.01834, 0.0069, 0.01588, -0.01884, -0.01795, -0.02853, -0.00136, -0.02584, 0.02435, 0.03366, -0.04073, 0.0387, 0.01508, 0.01451], "insider": null, "inst": null, "short": {"fails": 85580, "prevFails": 7687, "trend": "rising", "level": "low"}, "ret": {"1w": 1.45, "1m": 2.61, "3m": 1.2, "6m": 14.25, "12m": 61.02}, "vol": 17.4, "beta": -0.31, "ff": {"MKT": 0.0, "SMB": 0.0, "HML": 0.0, "MOM": 0.0}, "flow": {"net1m": -0.188, "net3m": -0.126, "in": 15645036720, "out": 22871086974, "din": 1814829756, "dout": 0}, "fcf": 12511375360, "fcfY": 2.17, "opt": {"pw": 215.0, "cw": 245.0, "pcr": 0.72, "gex": 230.0}, "mfi": 64.0, "atr": 2.22, "brk": 0, "hl": 78.7, "vr": 1.06, "jump": 0.24, "pvol": 19.0, "regime": "random-walk", "mb": {"MKT": -0.15}, "drv": "MKT", "ema21d": 2.79, "ema21sig": 0.56, "ema21sl": 0.31, "touch": {"up": {"d": 0.75, "p": 0.74}, "dn": {"d": 3.58, "p": 0.1}}, "odds": {"ema": 0.58, "emaDir": "lose-support", "hi": 0.74, "lo": 0.1, "mean": 0.52, "meanDir": "down", "beat": null, "drift": {"hi": 0.42, "lo": -0.21}, "tmed": {"hi": 5.0, "lo": 126.6}, "condHi": 0.8, "flip": 0.38}, "ev": 0.43, "z": {"val": -2.32, "mom": 0.27, "risk": -1.31, "size": 0.86, "fcf": -0.06, "flow": -0.74, "disloc": -0.66, "mfi": 1.04, "ema": 1.43, "contra": 1.07}, "disloc": -0.66, "contra": {"s": 0.41, "dir": "up", "conf": ["flow", "value"]}, "evPct": 60, "alerts": ["breakout odds 74%"], "val": {"pe": 27.70336, "fpe": 18.818262, "peg": 3.0061, "evb": 17.18, "epsg": -0.529, "revg": 0.099, "peSec": 29.2, "evSec": 16.4, "peV": "supported", "pegV": "rejected", "overall": "mixed", "reason": "PEG 3.0061 > 2.0 \u2014 price NOT justified by earnings growth (stretched). P/E 27.70336 broadly in line with sector 29.2 \u2014 supported. Projected multiple: forward P/E 18.818262 vs trailing 27.70336 (-32%) \u2014 market prices multiple COMPRESSION, i.e. earnings expected to grow into the price. Price-to-(adjusted) EBITDA: EV/EBITDA 17.18 vs sector 16.4 (+4%). Earnings growth -53% NOT corroborated by revenue growth 10%."}, "deps": [{"f": "Health Care sector", "corr": 0.41, "pcorr": 0.49, "sens": 0.99, "sig": true, "stab": "stable", "dir": "with", "lag": 0, "unexp": false}], "macroR2": 9, "secRel": -4.18, "opp": 0.44, "oppPct": 76}