{"t": "JPM", "n": "JPMorgan", "sec": "Financials", "idx": ["DOW", "SPX"], "mcap": 895331926016, "wr": [0.03253, -0.02027, 0.00939, 0.03828, 0.00967, -0.02763, -0.00281, 0.00589, 0.02409, 0.01517, 0.00573, 0.0251, 0.0007, -0.01882, -0.00174, -0.02288, -0.0134, 0.05059, 0.01286, -0.01257, -0.03587, 0.04927, 0.00626, 0.01105, -0.00411, 0.02062, 0.03821, -0.07086, -0.0285, -0.0042, 0.05486, -0.02033, -0.00891, -0.00623, -0.04109, -0.03631, 0.01796, 0.01281, 0.01008, 0.05722, 0.00136, -0.00648, 0.01359, -0.03319, -0.0142, 0.02878, -0.03199, 0.04899, 0.02665, 0.04615], "insider": null, "inst": null, "short": {"fails": 87358, "prevFails": 4455, "trend": "rising", "level": "low"}, "ret": {"1w": 4.61, "1m": 9.06, "3m": 16.63, "6m": 5.92, "12m": 21.12}, "vol": 20.4, "beta": 0.31, "ff": {"MKT": 0.0, "SMB": 0.0, "HML": 0.0, "MOM": 0.0}, "flow": {"net1m": 0.213, "net3m": 0.143, "in": 37631504799, "out": 24397704344, "din": 2521000871, "dout": 0}, "fcf": null, "fcfY": null, "opt": {"pw": 305.0, "cw": 340.0, "pcr": 0.74, "gex": 322.5}, "mfi": 71.6, "atr": 2.37, "brk": 0, "hl": 11.7, "vr": 0.78, "jump": 0.27, "pvol": 21.0, "regime": "mean-revert", "mb": {"VIX": -0.34}, "drv": "VIX", "ema21d": 5.36, "ema21sig": 0.84, "ema21sl": 2.78, "touch": {"up": {"d": 0.0, "p": 1.0}, "dn": {"d": 6.66, "p": 0.01}}, "odds": {"ema": 0.42, "emaDir": "lose-support", "hi": 1.0, "lo": 0.01, "mean": 0.18, "meanDir": "down", "beat": null, "drift": {"hi": 0.07, "lo": -0.0}, "tmed": {"hi": 0.0, "lo": 252}, "condHi": 0.87, "flip": 0.33}, "ev": -0.16, "z": {"val": -0.17, "mom": -0.13, "risk": -0.43, "size": 0.93, "fcf": 0.0, "flow": 1.09, "disloc": 1.58, "mfi": 1.56, "ema": 2.0, "contra": 1.05}, "disloc": 1.58, "contra": {"s": 0.41, "dir": "up", "conf": ["momentum", "value"]}, "evPct": 30, "alerts": ["breakout odds 100%", "mean-revert setup (rich vs EMA21)"], "val": {"pe": 16.002874, "fpe": 14.179083, "peg": 1.7378, "evb": null, "epsg": 0.172, "revg": 0.127, "peSec": 20.2, "evSec": 20.7, "peV": "supported", "pegV": "supported", "overall": "supported", "reason": "PEG 1.7378 between 1.0 and 2.0 \u2014 multiple roughly fair for the growth rate. P/E 16.002874 is a 21% discount to sector 20.2 \u2014 relatively cheap, supported. Projected multiple: forward P/E 14.179083 vs trailing 16.002874 (-11%) \u2014 market prices multiple COMPRESSION, i.e. earnings expected to grow into the price. Earnings growth 17% corroborated by revenue growth 13%."}, "deps": [{"f": "Financials sector", "corr": 0.81, "pcorr": 0.86, "sens": 2.3, "sig": true, "stab": "stable", "dir": "with", "lag": 0, "unexp": false}, {"f": "VIX", "corr": -0.42, "pcorr": -0.39, "sens": -1.19, "sig": true, "stab": "stable", "dir": "against", "lag": 0, "unexp": false}, {"f": "gold", "corr": -0.33, "pcorr": -0.37, "sens": -0.92, "sig": true, "stab": "stable", "dir": "against", "lag": 0, "unexp": false}], "macroR2": 21, "secRel": -2.62, "opp": 0.44, "oppPct": 75}