{"t": "KO", "n": "Coca-Cola", "sec": "Consumer Staples", "idx": ["DOW", "SPX"], "mcap": 345532366848, "wr": [0.02079, -0.03056, -0.00302, -0.00159, -0.00593, 0.01105, 0.01367, 0.00341, -0.02645, -0.00843, -0.00923, -0.00962, -0.00722, 0.00182, 0.00408, 0.01838, 0.03477, -0.01373, 0.00116, 0.02911, 0.00197, 0.02682, -0.03595, 0.00743, -0.00652, 0.00143, -0.03307, 0.05012, 0.01081, 0.01458, 0.05872, 0.01616, 0.00394, 0.02015, -0.04311, 0.00753, -0.01985, -0.01138, 0.02718, 0.00978, -0.02233, 0.01175, 0.02545, -0.00204, 0.0306, 0.00817, -0.03486, 0.01144, 0.02379, -0.00742], "insider": null, "inst": null, "short": {"fails": 27780, "prevFails": 21180, "trend": "rising", "level": "low"}, "ret": {"1w": -0.74, "1m": -0.8, "3m": 6.99, "6m": 15.4, "12m": 17.62}, "vol": 15.4, "beta": 0.03, "ff": {"MKT": 0.0, "SMB": 0.0, "HML": 0.0, "MOM": 0.0}, "flow": {"net1m": -0.174, "net3m": 0.021, "in": 12309850030, "out": 17501211011, "din": 973458281, "dout": 0}, "fcf": 3124250112, "fcfY": 0.9, "opt": {"pw": 79.0, "cw": 80.0, "pcr": 0.34, "gex": 79.5}, "mfi": 46.6, "atr": 2.22, "brk": 0, "hl": 101.4, "vr": 0.95, "jump": 0.0, "pvol": 19.4, "regime": "random-walk", "mb": {"RATE": -0.1}, "drv": "RATE", "ema21d": 0.5, "ema21sig": 0.1, "ema21sl": -0.02, "touch": {"up": {"d": 1.54, "p": 0.49}, "dn": {"d": 3.45, "p": 0.1}}, "odds": {"ema": 0.92, "emaDir": "lose-support", "hi": 0.49, "lo": 0.1, "mean": 0.54, "meanDir": "down", "beat": null, "drift": {"hi": 0.12, "lo": -0.05}, "tmed": {"hi": 22.4, "lo": 126.6}, "condHi": 0.52, "flip": 0.18}, "ev": 0.91, "z": {"val": -0.27, "mom": 0.37, "risk": -0.83, "size": 0.86, "fcf": -0.38, "flow": -0.64, "disloc": -0.45, "mfi": -0.04, "ema": 0.47, "contra": 1.35}, "disloc": -0.45, "contra": {"s": 0.45, "dir": "down", "conf": ["momentum", "trend"]}, "evPct": 77, "alerts": [], "val": {"pe": 25.01869, "fpe": 23.054531, "peg": 4.066, "evb": 22.642, "epsg": 0.182, "revg": 0.121, "peSec": 27.3, "evSec": 18.2, "peV": "supported", "pegV": "rejected", "overall": "mixed", "reason": "PEG 4.066 > 2.0 \u2014 price NOT justified by earnings growth (stretched). P/E 25.01869 broadly in line with sector 27.3 \u2014 supported. Projected multiple: forward P/E 23.054531 vs trailing 25.01869 (-8%) \u2014 market prices multiple COMPRESSION, i.e. earnings expected to grow into the price. Price-to-(adjusted) EBITDA: EV/EBITDA 22.642 vs sector 18.2 (+24%). Earnings growth 18% corroborated by revenue growth 12%."}, "deps": [{"f": "Consumer Staples sector", "corr": 0.88, "pcorr": 0.88, "sens": 1.89, "sig": true, "stab": "stable", "dir": "with", "lag": 0, "unexp": false}], "macroR2": 5, "secRel": 3.33, "opp": 0.39, "oppPct": 74}