{"t": "LIN", "n": "Linde", "sec": "Materials", "idx": ["NDX", "SPX"], "mcap": 236842024960, "wr": [-0.01149, -0.02461, 0.02245, -0.008, 0.01126, 0.0088, 0.01415, 0.00073, -0.01826, 0.02371, -0.0157, -0.00466, -0.00908, -0.02411, -0.03038, 0.01315, -0.04481, -0.03394, 0.03207, -0.04696, 0.00443, -0.02261, 0.04172, 0.01247, 0.01213, 0.0249, 0.01313, -0.00802, 0.02765, 0.04835, -0.0123, 0.04834, 0.01714, -0.01695, 0.00408, -0.00124, 0.01162, 0.01435, 0.00109, -0.0217, 0.03671, -0.00466, -0.02906, 0.02626, 0.02266, -0.03897, 0.01226, 0.03897, -0.01768], "insider": null, "inst": null, "short": {"fails": 10951, "prevFails": 7506, "trend": "rising", "level": "low"}, "ret": {"1w": -1.77, "1m": -0.71, "3m": 4.92, "6m": 23.87, "12m": 8.9}, "vol": 17.5, "beta": 0.05, "ff": {"MKT": 0.0, "SMB": 0.0, "HML": 0.0, "MOM": 0.0}, "flow": {"net1m": -0.331, "net3m": -0.122, "in": 8973064806, "out": 17857710171, "din": 0, "dout": 1104339350}, "fcf": 4694499840, "fcfY": 1.98, "opt": {"pw": 500.0, "cw": 520.0, "pcr": 1.18, "gex": 510.0}, "mfi": 48.1, "atr": 2.15, "brk": 0, "hl": 87.7, "vr": 1.06, "jump": 0.0, "pvol": 18.7, "regime": "random-walk", "mb": {"RATE": -0.14}, "drv": "RATE", "ema21d": 0.22, "ema21sig": 0.04, "ema21sl": 0.44, "touch": {"up": {"d": 1.03, "p": 0.66}, "dn": {"d": 3.08, "p": 0.17}}, "odds": {"ema": 0.96, "emaDir": "lose-support", "hi": 0.66, "lo": 0.17, "mean": 0.71, "meanDir": "down", "beat": null, "drift": {"hi": -0.13, "lo": 0.07}, "tmed": {"hi": 8.9, "lo": 87.4}, "condHi": 0.71, "flip": 0.28}, "ev": 0.33, "z": {"val": 0.23, "mom": 0.81, "risk": -0.79, "size": 0.83, "fcf": -0.11, "flow": -1.34, "disloc": -0.07, "mfi": 0.06, "ema": 0.34, "contra": 0.68}, "disloc": -0.07, "contra": {"s": 0.36, "dir": "up", "conf": ["flow", "MFI"]}, "evPct": 56, "alerts": ["breakout odds 66%"], "val": {"pe": 33.946983, "fpe": 25.989855, "peg": 2.1869, "evb": 19.346, "epsg": 0.134, "revg": 0.082, "peSec": 31.1, "evSec": 17.1, "peV": "supported", "pegV": "rejected", "overall": "mixed", "reason": "PEG 2.1869 > 2.0 \u2014 price NOT justified by earnings growth (stretched). P/E 33.946983 broadly in line with sector 31.1 \u2014 supported. Projected multiple: forward P/E 25.989855 vs trailing 33.946983 (-23%) \u2014 market prices multiple COMPRESSION, i.e. earnings expected to grow into the price. Price-to-(adjusted) EBITDA: EV/EBITDA 19.346 vs sector 17.1 (+13%). Earnings growth 13% corroborated by revenue growth 8%."}, "deps": [{"f": "Materials sector", "corr": 0.48, "pcorr": 0.52, "sens": 1.17, "sig": true, "stab": "stable", "dir": "with", "lag": 0, "unexp": false}], "macroR2": 9, "secRel": 3.22, "opp": 0.36, "oppPct": 70}