{"t": "LLY", "n": "Eli Lilly", "sec": "Health Care", "idx": ["SPX"], "mcap": 987228995584, "wr": [-0.0028, 0.0142, 0.00366, 0.01151, -0.04858, -0.01804, -0.11506, 0.0704, 0.04073, 0.0119, 0.018, 0.00879, -0.06336, 0.1473, 0.0433, -0.04205, 0.00203, 0.02857, 0.11005, 0.09113, 0.02146, 0.03084, -0.06059, 0.01702, 0.04275, 0.0068, -0.01362, 0.01236, 0.00123, -0.05074, 0.08138, -0.08302, 0.00957, -0.00117, -0.03792, -0.00611, -0.06114, -0.02234, 0.04301, 0.00416, -0.01324, -0.04646, 0.08979, -0.01545, 0.06136, 0.05979, 0.01615, 0.06186, -0.01723, -0.01972], "insider": null, "inst": null, "short": {"fails": 3841, "prevFails": 7852, "trend": "falling", "level": "low"}, "ret": {"1w": -1.97, "1m": 3.95, "3m": 20.87, "6m": 8.11, "12m": 43.29}, "vol": 36.4, "beta": -0.1, "ff": {"MKT": 0.0, "SMB": 0.0, "HML": 0.0, "MOM": 0.0}, "flow": {"net1m": -0.03, "net3m": 0.032, "in": 35443827757, "out": 37618131305, "din": 3666759522, "dout": 0}, "fcf": 9156599808, "fcfY": 0.93, "opt": {"pw": 560.0, "cw": 835.0, "pcr": 0.0, "gex": 697.5}, "mfi": 51.3, "atr": 3.37, "brk": 0, "hl": 61.2, "vr": 0.99, "jump": 0.02, "pvol": 29.9, "regime": "random-walk", "mb": {}, "drv": null, "ema21d": 0.93, "ema21sig": 0.08, "ema21sl": 0.61, "touch": {"up": {"d": 1.44, "p": 0.67}, "dn": {"d": 6.9, "p": 0.02}}, "odds": {"ema": 0.93, "emaDir": "lose-support", "hi": 0.67, "lo": 0.02, "mean": 0.34, "meanDir": "down", "beat": null, "drift": {"hi": 0.03, "lo": 0.0}, "tmed": {"hi": 8.6, "lo": 252}, "condHi": 0.67, "flip": 0.72}, "ev": 2.8, "z": {"val": -0.31, "mom": -0.02, "risk": -1.02, "size": 0.94, "fcf": -0.38, "flow": 0.0, "disloc": 0.02, "mfi": 0.26, "ema": 0.43, "contra": 0.68}, "disloc": 0.02, "contra": {"s": 0.36, "dir": "down", "conf": ["MFI", "trend"]}, "evPct": 97, "alerts": ["breakout odds 67%", "vol regime shifting"], "val": {"pe": 39.369843, "fpe": 24.902365, "peg": 1.4774, "evb": 28.312, "epsg": 1.699, "revg": 0.555, "peSec": 29.3, "evSec": 16.9, "peV": "supported", "pegV": "supported", "overall": "supported", "reason": "PEG 1.4774 between 1.0 and 2.0 \u2014 multiple roughly fair for the growth rate. P/E 39.369843 (34% premium to sector 29.3) is SUPPORTED by 170% earnings growth. Projected multiple: forward P/E 24.902365 vs trailing 39.369843 (-37%) \u2014 market prices multiple COMPRESSION, i.e. earnings expected to grow into the price. Price-to-(adjusted) EBITDA: EV/EBITDA 28.312 vs sector 16.9 (+68%). Earnings growth 170% corroborated by revenue growth 56%."}, "deps": [{"f": "Health Care sector", "corr": 0.54, "pcorr": 0.57, "sens": 2.72, "sig": true, "stab": "stable", "dir": "with", "lag": 0, "unexp": false}], "macroR2": 1, "secRel": 15.49, "opp": 0.82, "oppPct": 88}