{"t": "LMT", "n": "Lockheed", "sec": "Industrials", "idx": ["SPX"], "mcap": 116127981568, "wr": [0.01247, -0.00618, 0.01816, -0.11046, -0.00169, 0.03862, 0.01775, 0.00775, 0.01899, 0.01257, 0.03038, 0.00614, 0.02263, 0.03101, 0.01682, -0.02858, -0.01054, 0.00342, -0.04247, -0.02787, 0.02722, -0.02221, -0.00486, 0.06203, -0.01274, 0.03109, 0.06785, 0.06946, 0.05003, 0.01883, 0.00919, 0.04304, 0.06014, -0.03733, 0.02622, -0.00331, -0.02347, -0.01597, -0.00724, -0.01456, -0.03508, -0.13296, -0.00132, -0.01221, 0.01876, 0.03339, -0.02505, 0.00691, 0.01979, -0.05032], "insider": null, "inst": null, "short": {"fails": 520, "prevFails": 1644, "trend": "falling", "level": "low"}, "ret": {"1w": -5.03, "1m": -4.93, "3m": -20.48, "6m": 6.12, "12m": 12.4}, "vol": 27.7, "beta": -0.28, "ff": {"MKT": 0.0, "SMB": 0.0, "HML": 0.0, "MOM": 0.0}, "flow": {"net1m": -0.455, "net3m": -0.32, "in": 3688511543, "out": 9851981530, "din": 414916809, "dout": 0}, "fcf": 3987124992, "fcfY": 3.43, "opt": null, "mfi": 50.3, "atr": 2.85, "brk": 0, "hl": 76.9, "vr": 1.16, "jump": 0.0, "pvol": 24.1, "regime": "trending", "mb": {"VIX": 0.09}, "drv": "VIX", "ema21d": -3.6, "ema21sig": -0.47, "ema21sl": -1.05, "touch": {"up": {"d": 9.05, "p": 0.0}, "dn": {"d": 0.7, "p": 0.79}}, "odds": {"ema": 0.63, "emaDir": "reclaim", "hi": 0.0, "lo": 0.79, "mean": 0.28, "meanDir": "up", "beat": null, "drift": {"hi": -0.0, "lo": -0.21}, "tmed": {"hi": 252, "lo": 3.2}, "condHi": 0.0, "flip": 0.58}, "ev": -1.58, "z": {"val": 0.36, "mom": -0.12, "risk": -1.28, "size": 0.77, "fcf": 0.26, "flow": -1.91, "disloc": -0.76, "mfi": 0.2, "ema": -0.74, "contra": 0.37}, "disloc": -0.76, "contra": {"s": 0.32, "dir": "down", "conf": ["value", "MFI"]}, "evPct": 6, "alerts": ["breakdown odds 79%"], "val": {"pe": 24.3908, "fpe": 15.695525, "peg": 1.0438, "evb": 16.877, "epsg": -0.115, "revg": 0.003, "peSec": 34.4, "evSec": 17.8, "peV": "supported", "pegV": "supported", "overall": "supported", "reason": "PEG 1.0438 between 1.0 and 2.0 \u2014 multiple roughly fair for the growth rate. P/E 24.3908 is a 29% discount to sector 34.4 \u2014 relatively cheap, supported. Projected multiple: forward P/E 15.695525 vs trailing 24.3908 (-36%) \u2014 market prices multiple COMPRESSION, i.e. earnings expected to grow into the price. Price-to-(adjusted) EBITDA: EV/EBITDA 16.877 vs sector 17.8 (-5%). Earnings growth -12% NOT corroborated by revenue growth 0%."}, "deps": [{"f": "Industrials sector", "corr": 0.37, "pcorr": 0.47, "sens": 1.44, "sig": true, "stab": "stable", "dir": "with", "lag": 0, "unexp": false}], "macroR2": 4, "secRel": -28.94, "opp": -1.07, "oppPct": 5}