{"t": "LOW", "n": "Lowe's", "sec": "Consumer Disc.", "idx": ["SPX"], "mcap": 119733387264, "wr": [0.03937, -0.01343, -0.03977, 0.06106, -0.00516, 0.04775, 0.07571, 0.00316, 0.00595, 0.02281, 0.0296, -0.01773, -0.045, -0.03209, -0.05119, 0.03592, 0.0081, -0.01661, -0.03532, 0.00052, -0.01313, 0.06151, 0.0247, -0.00475, -0.0277, 0.0141, 0.01091, 0.11262, 0.01497, -0.02775, 0.02387, 0.04057, -0.03087, -0.04957, -0.03661, -0.05991, -0.04068, 0.02751, -0.02118, 0.05709, 0.03071, -0.02422, -0.04549, -0.0177, -0.04703, -0.01552, -0.03409, 0.0013, 0.05876, -0.0302], "insider": null, "inst": null, "short": {"fails": 3108, "prevFails": 9493, "trend": "falling", "level": "low"}, "ret": {"1w": -3.02, "1m": -0.69, "3m": -6.59, "6m": -12.84, "12m": -1.02}, "vol": 27.9, "beta": 0.79, "ff": {"MKT": 0.0, "SMB": 0.0, "HML": 0.0, "MOM": 0.0}, "flow": {"net1m": -0.145, "net3m": -0.13, "in": 5857005995, "out": 7840586099, "din": 0, "dout": 566229266}, "fcf": 4816124928, "fcfY": 4.02, "opt": null, "mfi": 65.0, "atr": 2.86, "brk": 0, "hl": 30.5, "vr": 0.98, "jump": 0.08, "pvol": 24.9, "regime": "random-walk", "mb": {"MKT": 0.08, "DXY": -0.22, "RATE": -0.08, "OIL": -0.16}, "drv": "DXY", "ema21d": -1.87, "ema21sig": -0.25, "ema21sl": 0.06, "touch": {"up": {"d": 6.31, "p": 0.03}, "dn": {"d": 1.13, "p": 0.67}}, "odds": {"ema": 0.8, "emaDir": "reclaim", "hi": 0.03, "lo": 0.67, "mean": 0.39, "meanDir": "up", "beat": null, "drift": {"hi": -0.0, "lo": 0.04}, "tmed": {"hi": 219.3, "lo": 8.6}, "condHi": 0.04, "flip": 0.23}, "ev": -1.62, "z": {"val": 0.8, "mom": -1.09, "risk": 0.23, "size": 0.73, "fcf": 0.41, "flow": -0.55, "disloc": -0.14, "mfi": 1.11, "ema": -0.33, "contra": 0.37}, "disloc": -0.14, "contra": {"s": 0.32, "dir": "down", "conf": ["value", "MFI"]}, "evPct": 5, "alerts": ["breakdown odds 67%"], "val": {"pe": 18.050718, "fpe": 15.843831, "peg": 1.4004, "evb": 12.859, "epsg": -0.007, "revg": 0.103, "peSec": 25.5, "evSec": 16.6, "peV": "supported", "pegV": "supported", "overall": "supported", "reason": "PEG 1.4004 between 1.0 and 2.0 \u2014 multiple roughly fair for the growth rate. P/E 18.050718 is a 29% discount to sector 25.5 \u2014 relatively cheap, supported. Projected multiple: forward P/E 15.843831 vs trailing 18.050718 (-12%) \u2014 market prices multiple COMPRESSION, i.e. earnings expected to grow into the price. Price-to-(adjusted) EBITDA: EV/EBITDA 12.859 vs sector 16.6 (-22%). Earnings growth -1% NOT corroborated by revenue growth 10%."}, "deps": [{"f": "Consumer Disc. sector", "corr": 0.69, "pcorr": 0.68, "sens": 2.67, "sig": true, "stab": "stable", "dir": "with", "lag": 0, "unexp": false}, {"f": "S&P 500", "corr": 0.34, "pcorr": 0.34, "sens": 1.31, "sig": true, "stab": "stable", "dir": "with", "lag": 0, "unexp": false}, {"f": "credit (HYG)", "corr": 0.46, "pcorr": 0.33, "sens": 1.78, "sig": true, "stab": "stable", "dir": "with", "lag": 0, "unexp": false}, {"f": "US dollar", "corr": -0.39, "pcorr": -0.26, "sens": -1.51, "sig": true, "stab": "fading", "dir": "against", "lag": 0, "unexp": false}, {"f": "WTI oil", "corr": -0.31, "pcorr": -0.26, "sens": -1.21, "sig": true, "stab": "stable", "dir": "against", "lag": 0, "unexp": false}, {"f": "10Y yield", "corr": -0.33, "pcorr": -0.24, "sens": -1.29, "sig": true, "stab": "fading", "dir": "against", "lag": 0, "unexp": false}], "macroR2": 25, "secRel": -3.9, "opp": -0.75, "oppPct": 12}