{"t": "MA", "n": "Mastercard", "sec": "Financials", "idx": ["SPX"], "mcap": 431250800640, "wr": [0.00224, -0.01697, 0.01183, -0.0053, 0.01792, 0.01541, 0.02558, -0.00341, 0.00843, -0.0116, -0.00455, -0.03199, 0.01768, -0.02085, -0.02599, 0.04345, -0.03501, -0.00072, 0.00414, -0.04984, 0.04291, -0.0091, 0.04841, 0.00052, 0.00991, 0.00422, -0.0595, -0.03196, -0.01175, 0.06166, -0.02901, -0.032, -0.01055, 0.01921, -0.05213, -0.01241, 0.01957, -0.0146, 0.01232, 0.0454, -0.03286, -0.01728, 4e-05, -0.00258, 0.00878, -0.0066, -0.01934, 0.01023, -0.00524], "insider": null, "inst": null, "short": {"fails": 10379, "prevFails": 765, "trend": "rising", "level": "low"}, "ret": {"1w": -0.52, "1m": -2.1, "3m": -0.45, "6m": -14.39, "12m": -13.04}, "vol": 18.8, "beta": 0.56, "ff": {"MKT": 0.0, "SMB": 0.0, "HML": 0.0, "MOM": 0.0}, "flow": {"net1m": 0.004, "net3m": 0.003, "in": 19492153138, "out": 19326903840, "din": 1449907618, "dout": 0}, "fcf": 16148124672, "fcfY": 3.74, "opt": {"pw": 445.0, "cw": 510.0, "pcr": 1.33, "gex": 477.5}, "mfi": 53.8, "atr": 2.24, "brk": 0, "hl": 35.4, "vr": 0.75, "jump": 0.0, "pvol": 19.9, "regime": "mean-revert", "mb": {"MKT": 0.2, "VIX": -0.11, "OIL": -0.1}, "drv": "MKT", "ema21d": -0.6, "ema21sig": -0.1, "ema21sl": -0.05, "touch": {"up": {"d": 3.4, "p": 0.23}, "dn": {"d": 1.51, "p": 0.57}}, "odds": {"ema": 0.92, "emaDir": "reclaim", "hi": 0.23, "lo": 0.57, "mean": 0.74, "meanDir": "up", "beat": null, "drift": {"hi": 0.05, "lo": -0.1}, "tmed": {"hi": 66.2, "lo": 14.6}, "condHi": 0.27, "flip": 0.35}, "ev": -0.18, "z": {"val": 1.32, "mom": -1.2, "risk": -0.06, "size": 0.87, "fcf": 0.34, "flow": 0.16, "disloc": -0.4, "mfi": 0.42, "ema": 0.05, "contra": 1.34}, "disloc": -0.4, "contra": {"s": 0.45, "dir": "up", "conf": ["momentum", "trend"]}, "evPct": 30, "alerts": [], "val": {"pe": 28.017796, "fpe": 21.425938, "peg": 1.4895, "evb": 20.676, "epsg": 0.212, "revg": 0.158, "peSec": 20.2, "evSec": 20.7, "peV": "supported", "pegV": "supported", "overall": "supported", "reason": "PEG 1.4895 between 1.0 and 2.0 \u2014 multiple roughly fair for the growth rate. P/E 28.017796 (39% premium to sector 20.2) is SUPPORTED by 21% earnings growth. Projected multiple: forward P/E 21.425938 vs trailing 28.017796 (-24%) \u2014 market prices multiple COMPRESSION, i.e. earnings expected to grow into the price. Price-to-(adjusted) EBITDA: EV/EBITDA 20.676 vs sector 20.7 (+0%). Earnings growth 21% corroborated by revenue growth 16%."}, "deps": [{"f": "Financials sector", "corr": 0.57, "pcorr": 0.48, "sens": 1.49, "sig": true, "stab": "stable", "dir": "with", "lag": 0, "unexp": false}, {"f": "gold", "corr": -0.28, "pcorr": -0.39, "sens": -0.74, "sig": true, "stab": "stable", "dir": "against", "lag": 0, "unexp": false}, {"f": "S&P 500", "corr": 0.36, "pcorr": 0.36, "sens": 0.94, "sig": true, "stab": "stable", "dir": "with", "lag": 0, "unexp": false}, {"f": "VIX", "corr": -0.31, "pcorr": -0.14, "sens": -0.8, "sig": true, "stab": "fading", "dir": "against", "lag": 0, "unexp": false}, {"f": "credit (HYG)", "corr": 0.29, "pcorr": 0.06, "sens": 0.75, "sig": true, "stab": "stable", "dir": "with", "lag": 0, "unexp": false}], "macroR2": 17, "secRel": -19.7, "opp": -0.71, "oppPct": 15}