{"t": "MCD", "n": "McDonald's", "sec": "Consumer Disc.", "idx": ["DOW", "SPX"], "mcap": 193016020992, "wr": [0.02065, -0.01503, 0.02007, -0.00261, 0.01842, 0.01334, -0.00842, 0.02626, -0.00527, 0.02363, -0.027, -0.02364, 0.00385, -0.00801, -0.02024, 0.03921, 0.00537, -0.01479, -0.01329, 0.03073, -0.01112, 0.02518, 0.0041, 0.01764, -0.00278, -0.02314, -0.01867, 0.02203, -0.01212, 0.02326, 0.03481, -0.00148, 0.01207, 0.02268, -0.0157, -0.01081, -0.04424, -0.0021, -0.00579, -0.00475, 0.01858, -0.03854, -0.04249, -0.03799, 0.00232, 0.02127, -0.02182, 0.01287, 0.03002, -0.05054], "insider": null, "inst": null, "short": {"fails": 12216, "prevFails": 12954, "trend": "flat", "level": "low"}, "ret": {"1w": -5.05, "1m": -3.11, "3m": -11.65, "6m": -13.16, "12m": -4.54}, "vol": 16.2, "beta": 0.09, "ff": {"MKT": 0.0, "SMB": 0.0, "HML": 0.0, "MOM": 0.0}, "flow": {"net1m": 0.083, "net3m": -0.073, "in": 13657030534, "out": 11570464931, "din": 1027309470, "dout": 0}, "fcf": 5952249856, "fcfY": 3.08, "opt": null, "mfi": 55.8, "atr": 2.02, "brk": 0, "hl": 33.1, "vr": 0.81, "jump": 0.04, "pvol": 17.3, "regime": "mean-revert", "mb": {"RATE": -0.13}, "drv": "RATE", "ema21d": -2.86, "ema21sig": -0.59, "ema21sl": -0.46, "touch": {"up": {"d": 6.92, "p": 0.01}, "dn": {"d": 0.28, "p": 0.91}}, "odds": {"ema": 0.55, "emaDir": "reclaim", "hi": 0.01, "lo": 0.91, "mean": 0.21, "meanDir": "up", "beat": null, "drift": {"hi": 0.0, "lo": -0.09}, "tmed": {"hi": 252, "lo": 0.6}, "condHi": 0.01, "flip": 0.21}, "ev": -0.38, "z": {"val": 1.01, "mom": -1.14, "risk": -0.75, "size": 0.81, "fcf": 0.17, "flow": 0.51, "disloc": -0.88, "mfi": 0.55, "ema": -0.99, "contra": 1.35}, "disloc": -0.88, "contra": {"s": 0.45, "dir": "up", "conf": ["momentum", "trend"]}, "evPct": 23, "alerts": ["breakdown odds 91%"], "val": {"pe": 22.377264, "fpe": 19.106417, "peg": 2.4773, "evb": 16.594, "epsg": 0.069, "revg": 0.094, "peSec": 25.5, "evSec": 16.7, "peV": "supported", "pegV": "rejected", "overall": "mixed", "reason": "PEG 2.4773 > 2.0 \u2014 price NOT justified by earnings growth (stretched). P/E 22.377264 is a 12% discount to sector 25.5 \u2014 relatively cheap, supported. Projected multiple: forward P/E 19.106417 vs trailing 22.377264 (-15%) \u2014 market prices multiple COMPRESSION, i.e. earnings expected to grow into the price. Price-to-(adjusted) EBITDA: EV/EBITDA 16.594 vs sector 16.7 (+0%). Earnings growth 7% corroborated by revenue growth 9%."}, "deps": [{"f": "Consumer Disc. sector", "corr": 0.43, "pcorr": 0.54, "sens": 0.96, "sig": true, "stab": "stable", "dir": "with", "lag": 0, "unexp": false}], "macroR2": 9, "secRel": -8.96, "opp": -0.86, "oppPct": 10}