{"t": "MDLZ", "n": "Mondelez", "sec": "Consumer Staples", "idx": ["NDX", "SPX"], "mcap": 78379655168, "wr": [-0.0306, 0.00927, 0.04002, -0.07225, -0.04654, 0.00193, 0.01576, -0.02232, -0.01392, 0.01888, 0.01934, -0.01091, -0.00452, -0.01263, 0.00984, -0.00958, -0.05294, -0.02752, 0.01388, -0.02141, 0.03265, -0.0462, -0.01584, 0.00851, 0.00991, -0.03315, 0.06088, 0.02521, 0.00663, 0.02893, 0.03485, -0.04604, 0.02217, -0.02936, -0.06583, 0.03937, 0.0193, 0.00796, 0.02537, -0.02966, 0.00629, 0.06527, 0.00293, -0.01803, 0.02184, -0.0115, 0.00901, -0.00162, -0.00715], "insider": null, "inst": null, "short": {"fails": 3946, "prevFails": 56330, "trend": "falling", "level": "low"}, "ret": {"1w": -0.71, "1m": -1.13, "3m": 9.03, "6m": 15.02, "12m": -9.14}, "vol": 21.9, "beta": 0.3, "ff": {"MKT": 0.0, "SMB": 0.0, "HML": 0.0, "MOM": 0.0}, "flow": {"net1m": -0.177, "net3m": -0.028, "in": 4606457239, "out": 6585616324, "din": 582013736, "dout": 0}, "fcf": 2847500032, "fcfY": 3.63, "opt": null, "mfi": 31.0, "atr": 2.39, "brk": 0, "hl": 22.0, "vr": 0.97, "jump": 0.0, "pvol": 20.4, "regime": "random-walk", "mb": {"DXY": -0.22}, "drv": "DXY", "ema21d": -0.56, "ema21sig": -0.09, "ema21sl": -0.72, "touch": {"up": {"d": 2.14, "p": 0.44}, "dn": {"d": 3.42, "p": 0.19}}, "odds": {"ema": 0.93, "emaDir": "reclaim", "hi": 0.44, "lo": 0.19, "mean": 0.78, "meanDir": "down", "beat": null, "drift": {"hi": 0.2, "lo": -0.16}, "tmed": {"hi": 27.2, "lo": 80.1}, "condHi": 0.51, "flip": 0.38}, "ev": 0.69, "z": {"val": 1.07, "mom": 0.35, "risk": -0.43, "size": 0.74, "fcf": 0.31, "flow": -0.65, "disloc": 0.56, "mfi": -1.04, "ema": 0.07, "contra": 1.04}, "disloc": 0.56, "contra": {"s": 0.41, "dir": "down", "conf": ["momentum", "value"]}, "evPct": 69, "alerts": [], "val": {"pe": 29.497585, "fpe": 18.031586, "peg": 0.9771, "evb": 18.509, "epsg": 0.413, "revg": 0.082, "peSec": 27.4, "evSec": 18.0, "peV": "supported", "pegV": "supported", "overall": "supported", "reason": "PEG 0.9771 \u2264 1.0 \u2014 earnings growth more than covers the multiple (cheap for growth). P/E 29.497585 (8% premium to sector 27.4) is SUPPORTED by 41% earnings growth. Projected multiple: forward P/E 18.031586 vs trailing 29.497585 (-39%) \u2014 market prices multiple COMPRESSION, i.e. earnings expected to grow into the price. Price-to-(adjusted) EBITDA: EV/EBITDA 18.509 vs sector 18.0 (+3%). Earnings growth 41% corroborated by revenue growth 8%."}, "deps": [{"f": "Consumer Staples sector", "corr": 0.59, "pcorr": 0.6, "sens": 1.8, "sig": true, "stab": "stable", "dir": "with", "lag": 0, "unexp": false}, {"f": "US dollar", "corr": -0.32, "pcorr": -0.28, "sens": -0.97, "sig": true, "stab": "stable", "dir": "against", "lag": 0, "unexp": false}, {"f": "2s10s slope", "corr": -0.28, "pcorr": -0.25, "sens": -0.84, "sig": true, "stab": "fading", "dir": "against", "lag": 0, "unexp": false}], "macroR2": 13, "secRel": 5.36, "opp": 0.26, "oppPct": 65}