{"t": "META", "n": "Meta", "sec": "Communication", "idx": ["NDX", "SPX"], "mcap": 1427101581312, "wr": [0.01885, -0.04076, 0.01518, -0.02574, 0.11044, 0.01048, -0.04148, -0.00045, 0.0017, 0.00301, 0.03909, -0.03952, -0.02919, 0.00889, -0.02923, 0.0308, -0.092, -0.07132, -0.01462, -0.03401, 0.0998, 0.03931, -0.04335, 0.0234, -0.00012, 0.00293, -0.0447, -0.02873, 0.09098, 0.00039, -0.00045, -0.03576, 0.01897, 0.00542, -0.0339, -0.04851, -0.09751, 0.04917, 0.09644, 0.09318, -0.01964, -0.09819, 0.00145, 0.00755, -0.00646, -0.01604, -0.02511, 0.01476, -0.05271], "insider": null, "inst": null, "short": {"fails": 213544, "prevFails": 1281, "trend": "rising", "level": "moderate"}, "ret": {"1w": -5.27, "1m": -7.79, "3m": -7.25, "6m": -12.51, "12m": -21.57}, "vol": 34.7, "beta": 1.73, "ff": {"MKT": 0.0, "SMB": 0.0, "HML": 0.0, "MOM": 0.0}, "flow": {"net1m": -0.177, "net3m": 0.02, "in": 94531384955, "out": 135184745634, "din": 0, "dout": 6964799110}, "fcf": 25558249472, "fcfY": 1.79, "opt": {"pw": 540.0, "cw": 600.0, "pcr": 0.68, "gex": 570.0}, "mfi": 40.3, "atr": 3.84, "brk": 0, "hl": 26.2, "vr": 0.92, "jump": 0.5, "pvol": 33.4, "regime": "random-walk", "mb": {"MKT": 0.44, "DXY": -0.07, "RATE": -0.13}, "drv": "MKT", "ema21d": -4.59, "ema21sig": -0.44, "ema21sl": -1.68, "touch": {"up": {"d": 5.82, "p": 0.05}, "dn": {"d": 1.71, "p": 0.52}}, "odds": {"ema": 0.65, "emaDir": "reclaim", "hi": 0.05, "lo": 0.52, "mean": 0.43, "meanDir": "up", "beat": null, "drift": {"hi": -0.01, "lo": 0.02}, "tmed": {"hi": 172.1, "lo": 19.5}, "condHi": 0.09, "flip": 0.25}, "ev": -2.3, "z": {"val": 1.26, "mom": -1.1, "risk": 1.59, "size": 0.97, "fcf": -0.16, "flow": -0.65, "disloc": -0.15, "mfi": -0.44, "ema": -0.68, "contra": -0.65}, "disloc": -0.15, "contra": {"s": 0.18, "dir": "down", "conf": ["value"]}, "evPct": 2, "alerts": ["recent jump (event-driven)"], "val": {"pe": 20.42878, "fpe": 15.5106945, "peg": 0.8147, "evb": 13.107, "epsg": 0.624, "revg": 0.331, "peSec": 18.1, "evSec": 10.4, "peV": "supported", "pegV": "supported", "overall": "supported", "reason": "PEG 0.8147 \u2264 1.0 \u2014 earnings growth more than covers the multiple (cheap for growth). P/E 20.42878 (13% premium to sector 18.1) is SUPPORTED by 62% earnings growth. Projected multiple: forward P/E 15.5106945 vs trailing 20.42878 (-24%) \u2014 market prices multiple COMPRESSION, i.e. earnings expected to grow into the price. Price-to-(adjusted) EBITDA: EV/EBITDA 13.107 vs sector 10.4 (+26%). Earnings growth 62% corroborated by revenue growth 33%."}, "deps": [{"f": "S&P 500", "corr": 0.6, "pcorr": 0.6, "sens": 2.89, "sig": true, "stab": "stable", "dir": "with", "lag": 0, "unexp": false}, {"f": "gold", "corr": 0.4, "pcorr": 0.36, "sens": 1.94, "sig": true, "stab": "stable", "dir": "with", "lag": 0, "unexp": false}, {"f": "Communication sector", "corr": 0.49, "pcorr": 0.28, "sens": 2.33, "sig": true, "stab": "stable", "dir": "with", "lag": 0, "unexp": false}, {"f": "10Y yield", "corr": -0.4, "pcorr": -0.24, "sens": -1.9, "sig": true, "stab": "stable", "dir": "against", "lag": 0, "unexp": false}, {"f": "credit (HYG)", "corr": 0.52, "pcorr": 0.2, "sens": 2.52, "sig": true, "stab": "stable", "dir": "with", "lag": 0, "unexp": false}, {"f": "US dollar", "corr": -0.43, "pcorr": -0.16, "sens": -2.05, "sig": true, "stab": "stable", "dir": "against", "lag": 0, "unexp": false}], "macroR2": 41, "secRel": 0.55, "opp": -0.91, "oppPct": 8}