{"t": "MMM", "n": "3M", "sec": "Industrials", "idx": ["DOW", "SPX"], "mcap": 84410441728, "wr": [0.02629, 0.01411, 0.01013, -0.04278, -0.02785, 0.02865, 0.06219, -0.03402, 0.01618, -0.00645, 0.0254, -0.02552, -0.01525, 0.03771, -0.03728, -0.00962, 0.13335, -0.03001, -0.01562, 0.04132, -0.03108, 0.0452, -0.02656, 0.00848, -0.04109, -0.00148, 0.02776, 0.01931, -0.07992, 0.00038, 0.05034, 0.05531, -0.04084, 0.00679, -0.05994, -0.04552, -0.04286, 0.00897, 0.00333, 0.04049, 0.02814, -0.05539, -0.02391, 0.00554, 0.02045, 0.04793, -0.00991, 0.01935, 0.02847, 0.02281], "insider": null, "inst": null, "short": {"fails": 5611, "prevFails": 9106, "trend": "falling", "level": "low"}, "ret": {"1w": 2.28, "1m": 6.17, "3m": 13.99, "6m": -3.26, "12m": 10.0}, "vol": 27.8, "beta": 0.93, "ff": {"MKT": 0.0, "SMB": 0.0, "HML": 0.0, "MOM": 0.0}, "flow": {"net1m": 0.485, "net3m": 0.196, "in": 9126503322, "out": 3162300447, "din": 0, "dout": 455757614}, "fcf": 2322374912, "fcfY": 2.75, "opt": null, "mfi": 88.0, "atr": 2.62, "brk": 0, "hl": 13.3, "vr": 0.94, "jump": 0.0, "pvol": 25.2, "regime": "random-walk", "mb": {"MKT": 0.12, "VIX": -0.25, "OIL": -0.21}, "drv": "VIX", "ema21d": 3.48, "ema21sig": 0.47, "ema21sl": 1.99, "touch": {"up": {"d": 0.33, "p": 0.91}, "dn": {"d": 4.96, "p": 0.06}}, "odds": {"ema": 0.65, "emaDir": "lose-support", "hi": 0.91, "lo": 0.06, "mean": 0.28, "meanDir": "down", "beat": null, "drift": {"hi": -0.09, "lo": 0.01}, "tmed": {"hi": 0.6, "lo": 161.1}, "condHi": 0.99, "flip": 0.34}, "ev": -0.0, "z": {"val": 0.44, "mom": -0.62, "risk": 0.45, "size": 0.75, "fcf": 0.09, "flow": 2.12, "disloc": 0.23, "mfi": 2.02, "ema": 1.26, "contra": -0.3}, "disloc": 0.23, "contra": {"s": 0.23, "dir": "up", "conf": ["momentum"]}, "evPct": 40, "alerts": ["breakout odds 91%"], "val": {"pe": 31.123077, "fpe": 17.088493, "peg": 1.7128, "evb": 14.706, "epsg": -0.397, "revg": 0.013, "peSec": 34.3, "evSec": 17.8, "peV": "supported", "pegV": "supported", "overall": "supported", "reason": "PEG 1.7128 between 1.0 and 2.0 \u2014 multiple roughly fair for the growth rate. P/E 31.123077 broadly in line with sector 34.3 \u2014 supported. Projected multiple: forward P/E 17.088493 vs trailing 31.123077 (-45%) \u2014 market prices multiple COMPRESSION, i.e. earnings expected to grow into the price. Price-to-(adjusted) EBITDA: EV/EBITDA 14.706 vs sector 17.8 (-17%). Earnings growth -40% NOT corroborated by revenue growth 1%."}, "deps": [{"f": "Industrials sector", "corr": 0.64, "pcorr": 0.57, "sens": 2.48, "sig": true, "stab": "stable", "dir": "with", "lag": 0, "unexp": false}, {"f": "S&P 500", "corr": 0.4, "pcorr": 0.4, "sens": 1.55, "sig": true, "stab": "stable", "dir": "with", "lag": 0, "unexp": false}, {"f": "WTI oil", "corr": -0.35, "pcorr": -0.31, "sens": -1.35, "sig": true, "stab": "stable", "dir": "against", "lag": 0, "unexp": true}, {"f": "VIX", "corr": -0.43, "pcorr": -0.27, "sens": -1.67, "sig": true, "stab": "stable", "dir": "against", "lag": 0, "unexp": false}, {"f": "10Y yield", "corr": -0.29, "pcorr": -0.16, "sens": -1.11, "sig": true, "stab": "stable", "dir": "against", "lag": 0, "unexp": false}, {"f": "credit (HYG)", "corr": 0.35, "pcorr": 0.12, "sens": 1.36, "sig": true, "stab": "stable", "dir": "with", "lag": 0, "unexp": false}], "macroR2": 31, "secRel": 5.53, "opp": 0.26, "oppPct": 65}