{"t": "MPC", "n": "Marathon Pet.", "sec": "Energy", "idx": ["SPX"], "mcap": 72552095744, "wr": [0.05484, -0.03849, 0.02999, -0.03808, -0.04883, -0.00437, 0.031, 0.07279, 0.00613, 0.01861, 0.01492, 0.06167, -0.02138, -0.02434, -0.03418, 0.08176, -0.00168, -0.01488, 0.00965, -0.02962, 0.03119, -0.01652, -0.02498, -0.09393, -0.02804, 0.04169, 0.03186, 0.00927, -0.03082, 0.139, 0.06492, -0.05361, 0.02341, 0.08102, 0.05847, 0.02482, 0.05314, -0.0265, -0.07906, -0.04011, 0.0489, 0.0982, -0.0052, 0.04149, 0.00232, 0.01575, 0.02903, -0.05752, -0.00933], "insider": null, "inst": null, "short": {"fails": 9119, "prevFails": 0, "trend": "rising", "level": "low"}, "ret": {"1w": -0.93, "1m": -2.41, "3m": 5.8, "6m": 34.96, "12m": 49.09}, "vol": 34.2, "beta": -0.44, "ff": {"MKT": 0.0, "SMB": 0.0, "HML": 0.0, "MOM": 0.0}, "flow": {"net1m": -0.229, "net3m": -0.107, "in": 4789034282, "out": 7637910662, "din": 257999303, "dout": 0}, "fcf": 3518749952, "fcfY": 4.85, "opt": null, "mfi": 27.4, "atr": 3.47, "brk": 0, "hl": 94.0, "vr": 1.09, "jump": 0.15, "pvol": 29.9, "regime": "random-walk", "mb": {"OIL": 0.36}, "drv": "OIL", "ema21d": -1.7, "ema21sig": -0.18, "ema21sl": -1.44, "touch": {"up": {"d": 2.17, "p": 0.43}, "dn": {"d": 4.14, "p": 0.09}}, "odds": {"ema": 0.85, "emaDir": "reclaim", "hi": 0.43, "lo": 0.09, "mean": 0.85, "meanDir": "down", "beat": null, "drift": {"hi": 0.03, "lo": -0.02}, "tmed": {"hi": 28.3, "lo": 128.9}, "condHi": 0.54, "flip": 0.2}, "ev": 1.94, "z": {"val": -0.62, "mom": 1.4, "risk": -1.48, "size": 0.74, "fcf": 0.62, "flow": -0.88, "disloc": 0.19, "mfi": -1.27, "ema": -0.12, "contra": -0.28}, "disloc": 0.19, "contra": {"s": 0.23, "dir": "down", "conf": ["momentum"]}, "evPct": 91, "alerts": [], "val": {"pe": 16.371542, "fpe": 10.381573, "peg": 1.2267, "evb": 10.86, "epsg": null, "revg": 0.088, "peSec": 19.8, "evSec": 10.6, "peV": "supported", "pegV": "supported", "overall": "supported", "reason": "PEG 1.2267 between 1.0 and 2.0 \u2014 multiple roughly fair for the growth rate. P/E 16.371542 is a 17% discount to sector 19.8 \u2014 relatively cheap, supported. Projected multiple: forward P/E 10.381573 vs trailing 16.371542 (-37%) \u2014 market prices multiple COMPRESSION, i.e. earnings expected to grow into the price. Price-to-(adjusted) EBITDA: EV/EBITDA 10.86 vs sector 10.6 (+3%)."}, "deps": [{"f": "Energy sector", "corr": 0.8, "pcorr": 0.79, "sens": 3.79, "sig": true, "stab": "stable", "dir": "with", "lag": 0, "unexp": false}, {"f": "WTI oil", "corr": 0.44, "pcorr": 0.42, "sens": 2.08, "sig": true, "stab": "stable", "dir": "with", "lag": 0, "unexp": false}], "macroR2": 23, "secRel": 10.93, "opp": 0.78, "oppPct": 87}