{"t": "MRK", "n": "Merck", "sec": "Health Care", "idx": ["DOW", "SPX"], "mcap": 295391002624, "wr": [0.01855, 0.02322, -0.01529, 0.0188, -0.02655, -0.02826, 0.04116, 0.02358, -0.00697, -0.00024, 0.01309, -0.03306, -0.0482, 0.15348, -0.02246, -0.04091, 0.03885, -0.01032, -0.0058, 0.08335, 0.02195, 0.10382, -0.04875, 0.00582, 0.01649, 0.0547, 0.0211, -0.0056, 0.02633, -0.03789, 0.10692, 0.00828, 0.02137, -0.02101, -0.02707, -0.00138, -0.00746, 0.04142, 0.01631, 0.00455, -0.01935, -0.06022, 0.00232, -0.00695, 0.0, 0.09903, -0.05915, 0.03777, -0.03174, 0.04091], "insider": null, "inst": null, "short": {"fails": 3593, "prevFails": 22602, "trend": "falling", "level": "low"}, "ret": {"1w": 4.09, "1m": -1.59, "3m": 5.48, "6m": 22.02, "12m": 53.88}, "vol": 31.7, "beta": 0.12, "ff": {"MKT": 0.0, "SMB": 0.0, "HML": 0.0, "MOM": 0.0}, "flow": {"net1m": -0.077, "net3m": -0.049, "in": 13176938725, "out": 15361652539, "din": 1170824065, "dout": 0}, "fcf": 14049250304, "fcfY": 4.76, "opt": {"pw": 113.0, "cw": 125.0, "pcr": 0.45, "gex": 119.0}, "mfi": 41.9, "atr": 2.78, "brk": 0, "hl": 109.1, "vr": 1.06, "jump": 0.37, "pvol": 23.8, "regime": "random-walk", "mb": {"VIX": -0.1}, "drv": "VIX", "ema21d": 2.68, "ema21sig": 0.34, "ema21sl": -0.21, "touch": {"up": {"d": 0.81, "p": 0.78}, "dn": {"d": 3.37, "p": 0.21}}, "odds": {"ema": 0.74, "emaDir": "lose-support", "hi": 0.78, "lo": 0.21, "mean": 0.67, "meanDir": "down", "beat": null, "drift": {"hi": 0.32, "lo": -0.21}, "tmed": {"hi": 3.7, "lo": 72.4}, "condHi": 0.81, "flip": 0.18}, "ev": -0.21, "z": {"val": -0.77, "mom": 0.72, "risk": -0.71, "size": 0.85, "fcf": 0.6, "flow": -0.21, "disloc": -1.07, "mfi": -0.34, "ema": 0.98, "contra": 1.35}, "disloc": -1.07, "contra": {"s": 0.45, "dir": "down", "conf": ["momentum", "trend"]}, "evPct": 27, "alerts": ["breakout odds 78%"], "val": {"pe": 32.588554, "fpe": 12.505306, "peg": 5.3699, "evb": 11.48, "epsg": null, "revg": 0.049, "peSec": 29.3, "evSec": 16.9, "peV": "supported", "pegV": "rejected", "overall": "mixed", "reason": "PEG 5.3699 > 2.0 \u2014 price NOT justified by earnings growth (stretched). P/E 32.588554 broadly in line with sector 29.3 \u2014 supported. Projected multiple: forward P/E 12.505306 vs trailing 32.588554 (-62%) \u2014 market prices multiple COMPRESSION, i.e. earnings expected to grow into the price. Price-to-(adjusted) EBITDA: EV/EBITDA 11.48 vs sector 16.9 (-32%)."}, "deps": [{"f": "Health Care sector", "corr": 0.82, "pcorr": 0.84, "sens": 3.59, "sig": true, "stab": "stable", "dir": "with", "lag": 0, "unexp": false}], "macroR2": 5, "secRel": 0.1, "opp": 0.39, "oppPct": 72}