{"t": "MS", "n": "Morgan Stanley", "sec": "Financials", "idx": ["SPX"], "mcap": 356513710080, "wr": [0.03804, 0.0034, -0.01243, 0.01731, 0.0192, -0.01834, 0.04572, -0.02463, 0.0365, 0.0077, 0.03953, 0.01764, -0.00182, -0.02296, 0.00625, 0.024, -0.00444, 0.03735, -0.00511, 0.0134, -0.04172, 0.06906, 0.04037, 0.01076, -0.00802, 0.01673, 0.0434, -0.02658, 0.00306, -0.00535, -0.00695, -0.01888, -0.01307, 0.01789, -0.08417, -0.05032, 0.02708, 0.02952, 0.01581, 0.07135, 0.06294, -0.00397, 0.0166, 0.01535, -0.003, 0.04426, 0.04964, 0.00583, 0.02704, 0.03693], "insider": null, "inst": null, "short": {"fails": 4246, "prevFails": 10001, "trend": "falling", "level": "low"}, "ret": {"1w": 3.69, "1m": 12.44, "3m": 43.33, "6m": 28.08, "12m": 70.34}, "vol": 21.8, "beta": 1.03, "ff": {"MKT": 0.0, "SMB": 0.0, "HML": 0.0, "MOM": 0.0}, "flow": {"net1m": 0.234, "net3m": 0.23, "in": 17229718471, "out": 10703853920, "din": 0, "dout": 1367029433}, "fcf": null, "fcfY": null, "opt": {"pw": 110.0, "cw": 145.0, "pcr": null, "gex": 127.5}, "mfi": 60.5, "atr": 2.78, "brk": 0, "hl": 209.3, "vr": 0.73, "jump": 0.0, "pvol": 25.0, "regime": "mean-revert", "mb": {"MKT": 0.27, "VIX": -0.3, "OIL": -0.26}, "drv": "VIX", "ema21d": 5.82, "ema21sig": 0.78, "ema21sl": 3.26, "touch": {"up": {"d": 0.17, "p": 0.95}, "dn": {"d": 10.92, "p": 0.0}}, "odds": {"ema": 0.45, "emaDir": "lose-support", "hi": 0.95, "lo": 0.0, "mean": 0.03, "meanDir": "down", "beat": null, "drift": {"hi": -0.05, "lo": -0.0}, "tmed": {"hi": 0.2, "lo": 252}, "condHi": 0.93, "flip": 0.21}, "ev": 0.45, "z": {"val": -2.15, "mom": 1.03, "risk": 0.59, "size": 0.86, "fcf": 0.0, "flow": 1.2, "disloc": 1.87, "mfi": 0.86, "ema": 1.92, "contra": -0.68}, "disloc": 1.87, "contra": {"s": 0.18, "dir": "up", "conf": ["value"]}, "evPct": 62, "alerts": ["breakout odds 95%", "mean-revert setup (rich vs EMA21)", "aligned uptrend"], "val": {"pe": 20.492294, "fpe": 17.780752, "peg": 2.7302, "evb": null, "epsg": 0.319, "revg": 0.163, "peSec": 20.2, "evSec": 20.7, "peV": "supported", "pegV": "rejected", "overall": "mixed", "reason": "PEG 2.7302 > 2.0 \u2014 price NOT justified by earnings growth (stretched). P/E 20.492294 broadly in line with sector 20.2 \u2014 supported. Projected multiple: forward P/E 17.780752 vs trailing 20.492294 (-13%) \u2014 market prices multiple COMPRESSION, i.e. earnings expected to grow into the price. Earnings growth 32% corroborated by revenue growth 16%."}, "deps": [{"f": "Financials sector", "corr": 0.85, "pcorr": 0.78, "sens": 2.57, "sig": true, "stab": "stable", "dir": "with", "lag": 0, "unexp": false}, {"f": "S&P 500", "corr": 0.56, "pcorr": 0.56, "sens": 1.71, "sig": true, "stab": "stable", "dir": "with", "lag": 0, "unexp": false}, {"f": "WTI oil", "corr": -0.41, "pcorr": -0.39, "sens": -1.25, "sig": true, "stab": "stable", "dir": "against", "lag": 0, "unexp": false}, {"f": "VIX", "corr": -0.55, "pcorr": -0.34, "sens": -1.68, "sig": true, "stab": "stable", "dir": "against", "lag": 0, "unexp": false}, {"f": "credit (HYG)", "corr": 0.49, "pcorr": 0.18, "sens": 1.48, "sig": true, "stab": "stable", "dir": "with", "lag": 0, "unexp": false}, {"f": "US dollar", "corr": -0.3, "pcorr": -0.05, "sens": -0.9, "sig": true, "stab": "stable", "dir": "against", "lag": 0, "unexp": true}], "macroR2": 53, "secRel": 24.08, "opp": 1.27, "oppPct": 95}