{"t": "MSFT", "n": "Microsoft", "sec": "Technology", "idx": ["NDX", "SPX"], "mcap": 2777788973056, "wr": [0.00396, 0.02329, 0.00419, 0.00049, 0.01457, 0.0228, -0.00831, -0.02855, 0.00366, 0.00243, -0.0137, 0.01485, -0.00279, 0.01718, 0.01291, -0.02065, 0.01749, 0.00999, -0.05451, 0.01245, -0.04762, 0.02838, -0.01799, -0.00958, 0.01544, 0.00243, -0.01763, -0.01638, -0.05643, 0.08448, -0.14002, -0.02371, -0.01237, 0.00818, 0.0223, -0.02148, -0.03195, -0.05925, 0.02047, -0.00694, 0.14, 0.00433, -0.02397, 0.00164, 0.01638, -0.00579, 0.10022, -0.10592, -0.0291, -0.06459], "insider": null, "inst": null, "short": {"fails": 40813, "prevFails": 242511, "trend": "falling", "level": "low"}, "ret": {"1w": -6.46, "1m": -10.66, "3m": -3.67, "6m": -21.51, "12m": -23.09}, "vol": 31.6, "beta": 1.7, "ff": {"MKT": 0.0, "SMB": 0.0, "HML": 0.0, "MOM": 0.0}, "flow": {"net1m": -0.058, "net3m": 0.011, "in": 156598778308, "out": 175840398944, "din": 15170334565, "dout": 0}, "fcf": 37011251200, "fcfY": 1.33, "opt": {"pw": 335.0, "cw": 335.0, "pcr": null, "gex": 335.0}, "mfi": 13.3, "atr": 3.13, "brk": 0, "hl": 138.0, "vr": 1.07, "jump": 0.0, "pvol": 26.5, "regime": "random-walk", "mb": {"MKT": 0.56}, "drv": "MKT", "ema21d": -6.38, "ema21sig": -0.84, "ema21sl": -3.21, "touch": {"up": {"d": 7.4, "p": 0.01}, "dn": {"d": 1.53, "p": 0.52}}, "odds": {"ema": 0.38, "emaDir": "reclaim", "hi": 0.01, "lo": 0.52, "mean": 0.32, "meanDir": "up", "beat": null, "drift": {"hi": 0.01, "lo": -0.16}, "tmed": {"hi": 252, "lo": 19.4}, "condHi": 0.01, "flip": 0.17}, "ev": -2.26, "z": {"val": 1.42, "mom": -1.58, "risk": 1.55, "size": 1.02, "fcf": -0.28, "flow": -0.12, "disloc": -0.3, "mfi": -2.07, "ema": -1.52, "contra": -0.68}, "disloc": -0.3, "contra": {"s": 0.18, "dir": "down", "conf": ["value"]}, "evPct": 3, "alerts": [], "val": {"pe": 22.27159, "fpe": 19.32916, "peg": 1.1333, "evb": 15.315, "epsg": 0.234, "revg": 0.183, "peSec": 30.7, "evSec": 28.1, "peV": "supported", "pegV": "supported", "overall": "supported", "reason": "PEG 1.1333 between 1.0 and 2.0 \u2014 multiple roughly fair for the growth rate. P/E 22.27159 (27% discount to sector 30.7) is SUPPORTED by 23% earnings growth. Projected multiple: forward P/E 19.32916 vs trailing 22.27159 (-13%) \u2014 market prices multiple COMPRESSION, i.e. earnings expected to grow into the price. Price-to-(adjusted) EBITDA: EV/EBITDA 15.315 vs sector 28.1 (-45%). Earnings growth 23% corroborated by revenue growth 18%."}, "deps": [{"f": "S&P 500", "corr": 0.64, "pcorr": 0.64, "sens": 2.82, "sig": true, "stab": "stable", "dir": "with", "lag": 0, "unexp": false}, {"f": "Technology sector", "corr": 0.77, "pcorr": 0.56, "sens": 3.36, "sig": true, "stab": "stable", "dir": "with", "lag": 0, "unexp": false}, {"f": "nat gas", "corr": 0.41, "pcorr": 0.45, "sens": 1.8, "sig": true, "stab": "stable", "dir": "with", "lag": 0, "unexp": false}, {"f": "gold", "corr": 0.39, "pcorr": 0.28, "sens": 1.72, "sig": true, "stab": "stable", "dir": "with", "lag": 0, "unexp": false}, {"f": "credit (HYG)", "corr": 0.32, "pcorr": -0.2, "sens": 1.42, "sig": true, "stab": "stable", "dir": "with", "lag": 0, "unexp": false}, {"f": "10Y yield", "corr": -0.31, "pcorr": -0.1, "sens": -1.34, "sig": true, "stab": "stable", "dir": "against", "lag": 0, "unexp": false}, {"f": "VIX", "corr": -0.32, "pcorr": 0.08, "sens": -1.38, "sig": true, "stab": "stable", "dir": "against", "lag": 0, "unexp": false}], "macroR2": 43, "secRel": -40.58, "opp": -1.99, "oppPct": 2}