{"t": "NEE", "n": "NextEra", "sec": "Utilities", "idx": ["SPX"], "mcap": 180258865152, "wr": [0.02325, 0.00808, 0.01521, -0.02608, -0.02513, -0.00634, 0.02495, 0.05367, -0.03006, -0.03345, 0.00635, -0.00743, 0.05453, 0.04729, 0.07073, 0.01601, -0.02116, -0.01934, 0.00441, 0.02427, 0.00369, 0.03054, -0.03662, -0.0178, -0.02584, 0.00918, 0.00972, 0.00728, 0.02707, 0.04437, 0.02741, 0.01545, 0.00306, 0.00382, -0.00259, 0.00658, 0.00741, -0.01353, 0.02183, 0.00998, -0.02232, 0.03588, 0.01753, -0.03971, 0.00279, -0.05152, -0.05522, 0.01154, 0.02512, 0.0036], "insider": null, "inst": null, "short": {"fails": 126311, "prevFails": 4332, "trend": "rising", "level": "moderate"}, "ret": {"1w": 0.36, "1m": -1.68, "3m": -5.79, "6m": 7.36, "12m": 24.56}, "vol": 19.8, "beta": -0.15, "ff": {"MKT": 0.0, "SMB": 0.0, "HML": 0.0, "MOM": 0.0}, "flow": {"net1m": 0.054, "net3m": -0.006, "in": 11002256397, "out": 9865109267, "din": 1113270262, "dout": 0}, "fcf": -18453374976, "fcfY": -10.24, "opt": null, "mfi": 56.9, "atr": 1.74, "brk": 0, "hl": 45.6, "vr": 0.81, "jump": 0.0, "pvol": 18.1, "regime": "mean-revert", "mb": {"OIL": 0.11}, "drv": "OIL", "ema21d": -0.22, "ema21sig": -0.03, "ema21sl": -0.25, "touch": {"up": {"d": 7.13, "p": 0.09}, "dn": {"d": 2.24, "p": 0.56}}, "odds": {"ema": 0.97, "emaDir": "reclaim", "hi": 0.09, "lo": 0.56, "mean": 0.53, "meanDir": "up", "beat": null, "drift": {"hi": 0.01, "lo": -0.04}, "tmed": {"hi": 136.4, "lo": 15.8}, "condHi": 0.1, "flip": 0.85}, "ev": -1.07, "z": {"val": -0.36, "mom": -0.06, "risk": -1.09, "size": 0.81, "fcf": -3.22, "flow": 0.38, "disloc": -0.17, "mfi": 0.62, "ema": 0.2, "contra": 0.68}, "disloc": -0.17, "contra": {"s": 0.36, "dir": "down", "conf": ["flow", "MFI"]}, "evPct": 11, "alerts": ["vol regime shifting"], "val": {"pe": 21.936548, "fpe": 19.636576, "peg": 1.8972, "evb": 20.768, "epsg": 1.6, "revg": 0.073, "peSec": 20.0, "evSec": 13.5, "peV": "supported", "pegV": "supported", "overall": "supported", "reason": "PEG 1.8972 between 1.0 and 2.0 \u2014 multiple roughly fair for the growth rate. P/E 21.936548 broadly in line with sector 20.0 \u2014 supported. Projected multiple: forward P/E 19.636576 vs trailing 21.936548 (-10%) \u2014 market prices multiple COMPRESSION, i.e. earnings expected to grow into the price. Price-to-(adjusted) EBITDA: EV/EBITDA 20.768 vs sector 13.5 (+54%). Earnings growth 160% corroborated by revenue growth 7%."}, "deps": [{"f": "Utilities sector", "corr": 0.6, "pcorr": 0.59, "sens": 1.63, "sig": true, "stab": "stable", "dir": "with", "lag": 0, "unexp": false}], "macroR2": 5, "secRel": -6.94, "opp": -0.31, "oppPct": 39}