{"t": "NEM", "n": "Newmont", "sec": "Materials", "idx": ["SPX"], "mcap": 104449359872, "wr": [-0.00136, -0.00511, 0.05081, 0.01449, 0.09003, 0.00942, 0.00642, 0.04913, 0.03784, 0.0637, -0.0167, 0.06831, 0.03299, -0.01412, 0.15327, -0.09525, -0.07423, 0.00267, 0.08712, -0.08605, 0.10968, -0.01069, 0.09336, 0.0321, -0.01461, 0.09408, 0.04973, 0.03734, 0.10966, -0.11444, 0.06632, 0.00642, 0.01651, -0.08743, -0.01387, -0.13347, 0.00161, 0.14785, 0.06006, -0.03639, 0.03605, -0.10008, 0.07264, -0.06394, -0.01302, 0.00746, -0.08504, 0.06879, -0.07524], "insider": null, "inst": null, "short": {"fails": 50928, "prevFails": 44843, "trend": "flat", "level": "low"}, "ret": {"1w": -7.52, "1m": -8.89, "3m": -1.14, "6m": 0.13, "12m": 68.08}, "vol": 49.4, "beta": 1.37, "ff": {"MKT": 0.0, "SMB": 0.0, "HML": 0.0, "MOM": 0.0}, "flow": {"net1m": -0.118, "net3m": 0.052, "in": 8268360798, "out": 10479052673, "din": 0, "dout": 545348497}, "fcf": 9804874752, "fcfY": 9.39, "opt": null, "mfi": 32.5, "atr": 5.13, "brk": 0, "hl": 40.9, "vr": 0.86, "jump": 0.1, "pvol": 37.3, "regime": "random-walk", "mb": {"DXY": -0.28, "RATE": -0.22, "VIX": 0.08, "OIL": -0.17}, "drv": "DXY", "ema21d": -6.04, "ema21sig": -0.43, "ema21sl": -0.64, "touch": {"up": {"d": 4.54, "p": 0.13}, "dn": {"d": 1.01, "p": 0.7}}, "odds": {"ema": 0.66, "emaDir": "reclaim", "hi": 0.13, "lo": 0.7, "mean": 0.43, "meanDir": "up", "beat": null, "drift": {"hi": -0.09, "lo": 0.2}, "tmed": {"hi": 104.0, "lo": 6.7}, "condHi": 0.17, "flip": 0.27}, "ev": -0.6, "z": {"val": -0.57, "mom": -0.44, "risk": 1.08, "size": 0.76, "fcf": 1.78, "flow": -0.39, "disloc": -1.84, "mfi": -0.94, "ema": -0.66, "contra": -1.97}, "disloc": -1.84, "contra": {"s": 0.0, "dir": "down", "conf": []}, "evPct": 20, "alerts": ["breakdown odds 70%"], "val": {"pe": 12.690012, "fpe": 8.587601, "peg": 2.7807, "evb": 6.204, "epsg": 0.786, "revg": 0.458, "peSec": 31.1, "evSec": 16.9, "peV": "supported", "pegV": "rejected", "overall": "mixed", "reason": "PEG 2.7807 > 2.0 \u2014 price NOT justified by earnings growth (stretched). P/E 12.690012 is a 59% discount to sector 31.1 \u2014 relatively cheap, supported. Projected multiple: forward P/E 8.587601 vs trailing 12.690012 (-32%) \u2014 market prices multiple COMPRESSION, i.e. earnings expected to grow into the price. Price-to-(adjusted) EBITDA: EV/EBITDA 6.204 vs sector 16.9 (-63%). Earnings growth 79% corroborated by revenue growth 46%."}, "deps": [{"f": "Materials sector", "corr": 0.56, "pcorr": 0.49, "sens": 3.84, "sig": true, "stab": "stable", "dir": "with", "lag": 0, "unexp": false}, {"f": "gold", "corr": 0.46, "pcorr": 0.42, "sens": 3.13, "sig": true, "stab": "stable", "dir": "with", "lag": 0, "unexp": false}, {"f": "10Y yield", "corr": -0.47, "pcorr": -0.39, "sens": -3.2, "sig": true, "stab": "stable", "dir": "against", "lag": 0, "unexp": false}, {"f": "US dollar", "corr": -0.45, "pcorr": -0.34, "sens": -3.07, "sig": true, "stab": "stable", "dir": "against", "lag": 0, "unexp": false}, {"f": "S&P 500", "corr": 0.33, "pcorr": 0.33, "sens": 2.28, "sig": true, "stab": "stable", "dir": "with", "lag": 0, "unexp": false}, {"f": "2s10s slope", "corr": -0.38, "pcorr": -0.33, "sens": -2.61, "sig": true, "stab": "stable", "dir": "against", "lag": 0, "unexp": false}, {"f": "WTI oil", "corr": -0.35, "pcorr": -0.3, "sens": -2.41, "sig": true, "stab": "stable", "dir": "against", "lag": 0, "unexp": true}], "macroR2": 40, "secRel": -2.84, "opp": -0.51, "oppPct": 24}