{"t": "NFLX", "n": "Netflix", "sec": "Communication", "idx": ["NDX", "SPX"], "mcap": 306630361088, "wr": [0.01133, -0.00411, -0.02947, -0.05881, 0.00631, -0.00483, 0.02203, 0.00782, 0.00794, 0.02777, -0.04293, 0.00356, 0.00038, -0.03783, 0.05896, -0.03857, -0.05914, -0.02208, 0.00736, 0.05215, -0.0845, 0.01808, -0.06823, -0.05038, -0.0084, -0.00254, -0.03717, -0.00364, -0.05492, -0.00843, -0.05293, -0.00674, -0.03291, 0.09857, 0.17236, -0.04901, -0.02725, 0.01722, 0.05722, 0.04409, -0.05533, -0.05005, -0.00411, -0.04964, -0.00537, 0.01816, -0.03104, -0.03739, -0.01174, -0.10836], "insider": null, "inst": null, "short": {"fails": 288487, "prevFails": 912300, "trend": "falling", "level": "moderate"}, "ret": {"1w": -10.84, "1m": -17.81, "3m": -20.62, "6m": -23.5, "12m": -43.07}, "vol": 34.1, "beta": 0.46, "ff": {"MKT": 0.0, "SMB": 0.0, "HML": 0.0, "MOM": 0.0}, "flow": {"net1m": -0.354, "net3m": -0.097, "in": 22578060520, "out": 47284754042, "din": 0, "dout": 3679699081}, "fcf": 25993676800, "fcfY": 8.48, "opt": {"pw": 73.0, "cw": 79.0, "pcr": 0.38, "gex": 76.0}, "mfi": 22.5, "atr": 3.18, "brk": 0, "hl": 158.2, "vr": 1.17, "jump": 0.32, "pvol": 27.4, "regime": "trending", "mb": {"MKT": 0.15, "OIL": 0.29}, "drv": "OIL", "ema21d": -10.08, "ema21sig": -1.03, "ema21sl": -4.0, "touch": {"up": {"d": 15.1, "p": 0.0}, "dn": {"d": 0.0, "p": 1.0}}, "odds": {"ema": 0.28, "emaDir": "reclaim", "hi": 0.0, "lo": 1.0, "mean": 0.03, "meanDir": "up", "beat": null, "drift": {"hi": -0.0, "lo": 0.0}, "tmed": {"hi": 252, "lo": 0.0}, "condHi": 0.0, "flip": 0.46}, "ev": 0.0, "z": {"val": 1.78, "mom": -1.62, "risk": -0.23, "size": 0.81, "fcf": 1.54, "flow": -1.49, "disloc": -0.83, "mfi": -1.65, "ema": -2.02, "contra": -0.71}, "disloc": -0.83, "contra": {"s": 0.18, "dir": "down", "conf": ["value"]}, "evPct": 40, "alerts": ["breakdown odds 100%"], "val": {"pe": 23.490324, "fpe": 18.953867, "peg": 1.4315, "evb": 21.8, "epsg": 0.864, "revg": 0.162, "peSec": 18.1, "evSec": 10.4, "peV": "supported", "pegV": "supported", "overall": "supported", "reason": "PEG 1.4315 between 1.0 and 2.0 \u2014 multiple roughly fair for the growth rate. P/E 23.490324 (30% premium to sector 18.1) is SUPPORTED by 86% earnings growth. Projected multiple: forward P/E 18.953867 vs trailing 23.490324 (-19%) \u2014 market prices multiple COMPRESSION, i.e. earnings expected to grow into the price. Price-to-(adjusted) EBITDA: EV/EBITDA 21.8 vs sector 10.4 (+110%). Earnings growth 86% corroborated by revenue growth 16%."}, "deps": [{"f": "Communication sector", "corr": 0.47, "pcorr": 0.46, "sens": 2.24, "sig": true, "stab": "stable", "dir": "with", "lag": 0, "unexp": false}, {"f": "WTI oil", "corr": 0.33, "pcorr": 0.38, "sens": 1.56, "sig": true, "stab": "stable", "dir": "with", "lag": 0, "unexp": false}], "macroR2": 19, "secRel": -12.82, "opp": -1.27, "oppPct": 4}