{"t": "NKE", "n": "Nike", "sec": "Consumer Disc.", "idx": ["DOW", "SPX"], "mcap": 62759993344, "wr": [0.19521, 0.00204, -0.01985, 0.06449, -0.00091, -0.01565, 0.02279, -0.01218, 0.0236, -0.0297, -0.01354, -0.03, -0.03967, 0.07698, -0.0873, -0.01793, 0.04249, -0.0686, -0.04638, 0.06689, -0.06967, 0.05209, 0.02554, 0.02445, -0.12984, 0.04258, 0.06764, 0.01454, -0.01342, -0.04846, 0.03181, -0.02912, 0.05229, -0.0253, -0.08671, -0.06705, -0.01275, -0.02564, -0.15133, -0.03553, 0.08001, -0.02911, -0.00649, -0.00586, -0.0512, 0.06662, 0.03741, -0.05879, 0.04557, -0.06239], "insider": null, "inst": null, "short": {"fails": 18934, "prevFails": 250, "trend": "rising", "level": "low"}, "ret": {"1w": -6.24, "1m": -4.28, "3m": -19.99, "6m": -36.2, "12m": -29.11}, "vol": 43.2, "beta": 1.42, "ff": {"MKT": 0.0, "SMB": 0.0, "HML": 0.0, "MOM": 0.0}, "flow": {"net1m": -0.021, "net3m": -0.185, "in": 9696184953, "out": 10119558775, "din": 0, "dout": 1209562313}, "fcf": 1313874944, "fcfY": 2.09, "opt": null, "mfi": 42.6, "atr": 3.34, "brk": 0, "hl": 252, "vr": 1.01, "jump": 0.08, "pvol": 29.9, "regime": "random-walk", "mb": {"MKT": 0.19, "DXY": -0.16, "OIL": -0.16}, "drv": "MKT", "ema21d": -4.11, "ema21sig": -0.37, "ema21sl": -0.44, "touch": {"up": {"d": 7.51, "p": 0.05}, "dn": {"d": 0.62, "p": 0.85}}, "odds": {"ema": 0.71, "emaDir": "reclaim", "hi": 0.05, "lo": 0.85, "mean": 0.63, "meanDir": "up", "beat": null, "drift": {"hi": -0.02, "lo": 0.13}, "tmed": {"hi": 183.5, "lo": 1.6}, "condHi": 0.06, "flip": 0.36}, "ev": -0.49, "z": {"val": 1.37, "mom": -2.35, "risk": 1.15, "size": 0.72, "fcf": -0.08, "flow": 0.04, "disloc": -0.25, "mfi": -0.3, "ema": -0.52, "contra": -0.68}, "disloc": -0.25, "contra": {"s": 0.18, "dir": "down", "conf": ["value"]}, "evPct": 21, "alerts": ["breakdown odds 85%"], "val": {"pe": 27.88158, "fpe": 23.403763, "peg": 1.5075, "evb": 17.05, "epsg": -0.348, "revg": 0.001, "peSec": 25.5, "evSec": 16.7, "peV": "supported", "pegV": "supported", "overall": "supported", "reason": "PEG 1.5075 between 1.0 and 2.0 \u2014 multiple roughly fair for the growth rate. P/E 27.88158 broadly in line with sector 25.5 \u2014 supported. Projected multiple: forward P/E 23.403763 vs trailing 27.88158 (-16%) \u2014 market prices multiple COMPRESSION, i.e. earnings expected to grow into the price. Price-to-(adjusted) EBITDA: EV/EBITDA 17.05 vs sector 16.7 (+2%). Earnings growth -35% NOT corroborated by revenue growth 0%."}, "deps": [{"f": "Consumer Disc. sector", "corr": 0.67, "pcorr": 0.6, "sens": 3.99, "sig": true, "stab": "stable", "dir": "with", "lag": 0, "unexp": false}, {"f": "gold", "corr": -0.29, "pcorr": -0.4, "sens": -1.73, "sig": true, "stab": "stable", "dir": "against", "lag": 0, "unexp": false}, {"f": "S&P 500", "corr": 0.39, "pcorr": 0.39, "sens": 2.36, "sig": true, "stab": "stable", "dir": "with", "lag": 0, "unexp": false}, {"f": "WTI oil", "corr": -0.31, "pcorr": -0.24, "sens": -1.83, "sig": true, "stab": "stable", "dir": "against", "lag": 0, "unexp": false}, {"f": "2s10s slope", "corr": -0.28, "pcorr": -0.21, "sens": -1.7, "sig": true, "stab": "fading", "dir": "against", "lag": 0, "unexp": false}, {"f": "US dollar", "corr": -0.37, "pcorr": -0.2, "sens": -2.19, "sig": true, "stab": "fading", "dir": "against", "lag": 0, "unexp": false}, {"f": "credit (HYG)", "corr": 0.38, "pcorr": 0.17, "sens": 2.28, "sig": true, "stab": "stable", "dir": "with", "lag": 0, "unexp": false}], "macroR2": 24, "secRel": -17.3, "opp": -1.18, "oppPct": 5}