{"t": "NOW", "n": "ServiceNow", "sec": "Technology", "idx": ["SPX"], "mcap": 98943696896, "wr": [0.01563, 0.0018, -0.04611, -0.0109, 0.02201, -0.06667, -0.05372, 0.03122, -0.00255, 0.01191, 0.0442, 0.01008, -0.03074, -0.00926, 0.00863, -0.02556, 0.04995, -0.00478, -0.08121, -0.01057, -0.05794, 0.01493, 0.05164, 0.01252, -0.10232, -0.0047, -0.03733, -0.07137, -0.09328, 0.03448, -0.14311, -0.09444, 0.06751, 0.01798, 0.10137, -0.06156, 0.00266, -0.08502, -0.01582, -0.18627, 0.16458, -0.06714, 0.01098, 0.00022, 0.04266, 0.07426, 0.33027, -0.1595, -0.08792, -0.07883], "insider": null, "inst": null, "short": {"fails": 6358, "prevFails": 21496, "trend": "falling", "level": "low"}, "ret": {"1w": -7.88, "1m": -6.06, "3m": -15.3, "6m": -44.55, "12m": -51.85}, "vol": 59.1, "beta": 1.56, "ff": {"MKT": 0.0, "SMB": 0.0, "HML": 0.0, "MOM": 0.0}, "flow": {"net1m": -0.022, "net3m": 0.033, "in": 35757393320, "out": 37347289402, "din": 2736546962, "dout": 0}, "fcf": 5108125184, "fcfY": 5.16, "opt": null, "mfi": 21.0, "atr": 6.62, "brk": 0, "hl": 115.5, "vr": 0.99, "jump": 0.0, "pvol": 55.5, "regime": "random-walk", "mb": {"MKT": 0.22, "RATE": -0.05}, "drv": "MKT", "ema21d": -6.79, "ema21sig": -0.46, "ema21sl": -3.99, "touch": {"up": {"d": 6.29, "p": 0.02}, "dn": {"d": 2.04, "p": 0.33}}, "odds": {"ema": 0.64, "emaDir": "reclaim", "hi": 0.02, "lo": 0.33, "mean": 0.8, "meanDir": "up", "beat": null, "drift": {"hi": 0.01, "lo": -0.11}, "tmed": {"hi": 252, "lo": 44.0}, "condHi": 0.03, "flip": 0.61}, "ev": -3.62, "z": {"val": 1.54, "mom": -2.51, "risk": 1.3, "size": 0.72, "fcf": 0.7, "flow": 0.01, "disloc": 0.87, "mfi": -1.75, "ema": -0.78, "contra": -0.71}, "disloc": 0.87, "contra": {"s": 0.18, "dir": "down", "conf": ["value"]}, "evPct": 1, "alerts": [], "val": {"pe": 57.107147, "fpe": 19.086119, "peg": 0.9024, "evb": 32.261, "epsg": 0.023, "revg": 0.221, "peSec": 30.6, "evSec": 28.2, "peV": "supported", "pegV": "supported", "overall": "supported", "reason": "PEG 0.9024 \u2264 1.0 \u2014 earnings growth more than covers the multiple (cheap for growth). P/E 57.107147 (86% premium to sector 30.6) is SUPPORTED by 2% earnings growth. Projected multiple: forward P/E 19.086119 vs trailing 57.107147 (-67%) \u2014 market prices multiple COMPRESSION, i.e. earnings expected to grow into the price. Price-to-(adjusted) EBITDA: EV/EBITDA 32.261 vs sector 28.2 (+14%). Earnings growth 2% corroborated by revenue growth 22%."}, "deps": [{"f": "Technology sector", "corr": 0.66, "pcorr": 0.69, "sens": 5.38, "sig": true, "stab": "stable", "dir": "with", "lag": 0, "unexp": false}, {"f": "S&P 500", "corr": 0.32, "pcorr": 0.32, "sens": 2.58, "sig": true, "stab": "stable", "dir": "with", "lag": 0, "unexp": false}], "macroR2": 12, "secRel": -52.21, "opp": -2.12, "oppPct": 2}