{"t": "NVDA", "n": "NVIDIA", "sec": "Technology", "idx": ["NDX", "SPX"], "mcap": 4845168754688, "wr": [0.03651, 0.06249, 0.05212, -0.00344, 0.04971, 0.00084, 0.01209, -0.03409, 0.03535, -0.05474, 0.03216, -0.00525, 0.00823, 0.06303, 0.01948, -0.05588, 0.00193, 0.1138, -0.073, -0.00649, -0.03329, -0.02015, 0.03062, -0.04051, 0.03411, 0.03995, -0.00521, -0.00764, -0.0134, 0.04473, -0.09049, 0.09105, -0.01131, -0.01602, -0.00838, -0.00104, -0.02501, -0.04099, 0.03591, 0.06336, 0.06918, 0.03268, -0.04715, 0.0844, 0.04703, -0.04434, 0.04194, -0.06898, 0.01826, -0.05841], "insider": null, "inst": null, "short": {"fails": 47250, "prevFails": 558060, "trend": "falling", "level": "low"}, "ret": {"1w": -5.84, "1m": -6.99, "3m": 12.16, "6m": 14.43, "12m": 35.43}, "vol": 33.2, "beta": 1.63, "ff": {"MKT": 0.0, "SMB": 0.0, "HML": 0.0, "MOM": 0.0}, "flow": {"net1m": -0.216, "net3m": 0.076, "in": 282513844061, "out": 437728395782, "din": 0, "dout": 30430875537}, "fcf": 46335873024, "fcfY": 0.96, "opt": {"pw": 170.0, "cw": 210.0, "pcr": 0.92, "gex": 190.0}, "mfi": 41.5, "atr": 3.9, "brk": 1, "hl": 12.9, "vr": 0.8, "jump": 0.26, "pvol": 32.3, "regime": "mean-revert", "mb": {"MKT": 0.51}, "drv": "MKT", "ema21d": -4.39, "ema21sig": -0.43, "ema21sl": -0.91, "touch": {"up": {"d": 4.54, "p": 0.11}, "dn": {"d": 4.5, "p": 0.06}}, "odds": {"ema": 0.66, "emaDir": "reclaim", "hi": 0.11, "lo": 0.06, "mean": 0.89, "meanDir": "up", "beat": null, "drift": {"hi": -0.13, "lo": 0.04}, "tmed": {"hi": 116.8, "lo": 163.2}, "condHi": 0.18, "flip": 0.17}, "ev": 0.9, "z": {"val": -0.2, "mom": 0.32, "risk": 1.45, "size": 1.02, "fcf": -0.37, "flow": -0.83, "disloc": -0.56, "mfi": -0.37, "ema": -0.65, "contra": -0.3}, "disloc": -0.56, "contra": {"s": 0.23, "dir": "down", "conf": ["momentum"]}, "evPct": 76, "alerts": ["ATR breakout", "mean-revert setup (cheap vs EMA21)"], "val": {"pe": 30.68098, "fpe": 15.715283, "peg": 0.6421, "evb": 29.004, "epsg": 2.145, "revg": 0.852, "peSec": 30.7, "evSec": 28.1, "peV": "supported", "pegV": "supported", "overall": "supported", "reason": "PEG 0.6421 \u2264 1.0 \u2014 earnings growth more than covers the multiple (cheap for growth). P/E 30.68098 (0% premium to sector 30.7) is SUPPORTED by 214% earnings growth. Projected multiple: forward P/E 15.715283 vs trailing 30.68098 (-49%) \u2014 market prices multiple COMPRESSION, i.e. earnings expected to grow into the price. Price-to-(adjusted) EBITDA: EV/EBITDA 29.004 vs sector 28.1 (+3%). Earnings growth 214% corroborated by revenue growth 85%."}, "deps": [{"f": "S&P 500", "corr": 0.59, "pcorr": 0.59, "sens": 2.7, "sig": true, "stab": "stable", "dir": "with", "lag": 0, "unexp": false}, {"f": "copper", "corr": 0.41, "pcorr": 0.33, "sens": 1.91, "sig": true, "stab": "stable", "dir": "with", "lag": 0, "unexp": false}, {"f": "Technology sector", "corr": 0.6, "pcorr": 0.29, "sens": 2.77, "sig": true, "stab": "stable", "dir": "with", "lag": 0, "unexp": false}, {"f": "gold", "corr": 0.3, "pcorr": 0.24, "sens": 1.36, "sig": true, "stab": "stable", "dir": "with", "lag": 0, "unexp": false}, {"f": "VIX", "corr": -0.27, "pcorr": 0.09, "sens": -1.26, "sig": true, "stab": "stable", "dir": "against", "lag": 0, "unexp": false}], "macroR2": 36, "secRel": -24.75, "opp": -0.44, "oppPct": 30}