{"t": "O", "n": "Realty Income", "sec": "Real Estate", "idx": ["SPX"], "mcap": 57376264192, "wr": [0.00157, -0.01522, -0.00228, 0.01919, -0.01883, 0.00694, 0.01722, 0.03472, -0.02254, -3e-05, 0.03226, -0.01745, 0.0115, 0.00933, -0.02364, 0.01074, 0.01569, -0.03836, -0.02273, 0.00462, -0.00512, 0.02813, 0.0151, -0.013, -0.02408, 0.00852, 0.01555, 0.03152, 0.04322, -0.02784, 0.04443, 0.03266, 0.0155, 0.01679, -0.02307, 0.00355, -0.03675, -0.03784, 0.03678, 0.02475, 0.02102, -0.02704, 0.01191, -0.02962, -0.01292, 0.01473, -0.03559, 0.00772, 0.03549, -0.00982], "insider": null, "inst": null, "short": {"fails": 47713, "prevFails": 11902, "trend": "rising", "level": "low"}, "ret": {"1w": -0.98, "1m": -0.35, "3m": -0.48, "6m": 9.45, "12m": 12.05}, "vol": 16.9, "beta": 0.26, "ff": {"MKT": 0.0, "SMB": 0.0, "HML": 0.0, "MOM": 0.0}, "flow": {"net1m": -0.115, "net3m": 0.107, "in": 3624177486, "out": 4564142157, "din": 236072946, "dout": 0}, "fcf": 1797902592, "fcfY": 3.13, "opt": null, "mfi": 55.0, "atr": 1.84, "brk": 0, "hl": 41.9, "vr": 0.97, "jump": 0.23, "pvol": 16.4, "regime": "random-walk", "mb": {"MKT": 0.08, "RATE": -0.09}, "drv": "RATE", "ema21d": 0.38, "ema21sig": 0.08, "ema21sl": -0.3, "touch": {"up": {"d": 2.65, "p": 0.32}, "dn": {"d": 1.99, "p": 0.43}}, "odds": {"ema": 0.94, "emaDir": "lose-support", "hi": 0.32, "lo": 0.43, "mean": 0.92, "meanDir": "up", "beat": null, "drift": {"hi": 0.14, "lo": -0.22}, "tmed": {"hi": 46.2, "lo": 28.4}, "condHi": 0.34, "flip": 0.21}, "ev": -0.02, "z": {"val": 0.12, "mom": 0.05, "risk": -0.51, "size": 0.72, "fcf": 0.18, "flow": -0.38, "disloc": 0.12, "mfi": 0.5, "ema": 0.43, "contra": -0.3}, "disloc": 0.12, "contra": {"s": 0.23, "dir": "up", "conf": ["flow"]}, "evPct": 35, "alerts": [], "val": {"pe": 50.434425, "fpe": 35.745613, "peg": 5.68, "evb": 17.082, "epsg": 0.179, "revg": 0.12, "peSec": 36.0, "evSec": 22.4, "peV": "rejected", "pegV": "rejected", "overall": "rejected", "reason": "PEG 5.68 > 2.0 \u2014 price NOT justified by earnings growth (stretched). P/E 50.434425 sits 40% above sector 36.0 without commensurate growth \u2014 REJECTED as rich. Projected multiple: forward P/E 35.745613 vs trailing 50.434425 (-29%) \u2014 market prices multiple COMPRESSION, i.e. earnings expected to grow into the price. Price-to-(adjusted) EBITDA: EV/EBITDA 17.082 vs sector 22.4 (-24%). Earnings growth 18% corroborated by revenue growth 12%."}, "deps": [{"f": "Real Estate sector", "corr": 0.76, "pcorr": 0.75, "sens": 1.78, "sig": true, "stab": "stable", "dir": "with", "lag": 0, "unexp": false}, {"f": "credit (HYG)", "corr": 0.4, "pcorr": 0.38, "sens": 0.93, "sig": true, "stab": "stable", "dir": "with", "lag": 0, "unexp": false}, {"f": "nat gas", "corr": -0.32, "pcorr": -0.35, "sens": -0.75, "sig": true, "stab": "stable", "dir": "against", "lag": 0, "unexp": false}], "macroR2": 9, "secRel": -7.33, "opp": -0.04, "oppPct": 49}