{"t": "ORCL", "n": "Oracle", "sec": "Technology", "idx": ["SPX"], "mcap": 475738603520, "wr": [0.01714, 0.07695, 0.02546, 0.00249, 0.03597, 0.02326, -0.04777, -0.03735, 0.00319, -0.05432, 0.38054, -0.03651, -0.01783, -0.00875, 0.03011, 0.05401, -0.10521, -0.08277, -0.05096, -0.10759, -0.03162, -0.04148, 0.0774, -0.1269, 0.01053, 0.01776, -0.00834, 0.04684, -0.14044, -0.00621, -0.15122, 0.07152, -0.00395, -0.0398, 0.02981, 0.02823, -0.02287, -0.08173, 0.025, -0.05334, 0.26772, -0.01017, -0.00837, 0.14037, -0.01531, -0.00451, 0.29191, -0.1464, -0.09055, -0.14265], "insider": null, "inst": null, "short": {"fails": 25358, "prevFails": 32028, "trend": "falling", "level": "low"}, "ret": {"1w": -14.27, "1m": -14.01, "3m": 6.57, "6m": -12.53, "12m": -22.51}, "vol": 73.9, "beta": 2.32, "ff": {"MKT": 0.0, "SMB": 0.0, "HML": 0.0, "MOM": 0.0}, "flow": {"net1m": -0.158, "net3m": 0.049, "in": 48786758602, "out": 67131687575, "din": 0, "dout": 5484253534}, "fcf": -20337874944, "fcfY": -4.28, "opt": {"pw": 95.0, "cw": 100.0, "pcr": null, "gex": 97.5}, "mfi": 18.0, "atr": 8.46, "brk": 0, "hl": 50.7, "vr": 1.12, "jump": 0.11, "pvol": 59.3, "regime": "random-walk", "mb": {"MKT": 0.25, "RATE": -0.12}, "drv": "MKT", "ema21d": -14.33, "ema21sig": -0.8, "ema21sl": -4.41, "touch": {"up": {"d": 5.94, "p": 0.02}, "dn": {"d": 1.95, "p": 0.31}}, "odds": {"ema": 0.39, "emaDir": "reclaim", "hi": 0.02, "lo": 0.31, "mean": 0.63, "meanDir": "up", "beat": null, "drift": {"hi": -0.03, "lo": 0.13}, "tmed": {"hi": 238.7, "lo": 47.0}, "condHi": 0.03, "flip": 0.23}, "ev": -4.12, "z": {"val": 1.03, "mom": -1.1, "risk": 2.44, "size": 0.88, "fcf": -1.7, "flow": -0.58, "disloc": -0.01, "mfi": -1.88, "ema": -1.44, "contra": -0.68}, "disloc": -0.01, "contra": {"s": 0.18, "dir": "down", "conf": ["value"]}, "evPct": 1, "alerts": [], "val": {"pe": 28.329332, "fpe": 15.125817, "peg": 0.9894, "evb": 18.893, "epsg": 0.219, "revg": 0.206, "peSec": 30.7, "evSec": 28.1, "peV": "supported", "pegV": "supported", "overall": "supported", "reason": "PEG 0.9894 \u2264 1.0 \u2014 earnings growth more than covers the multiple (cheap for growth). P/E 28.329332 (8% discount to sector 30.7) is SUPPORTED by 22% earnings growth. Projected multiple: forward P/E 15.125817 vs trailing 28.329332 (-47%) \u2014 market prices multiple COMPRESSION, i.e. earnings expected to grow into the price. Price-to-(adjusted) EBITDA: EV/EBITDA 18.893 vs sector 28.1 (-33%). Earnings growth 22% corroborated by revenue growth 21%."}, "deps": [{"f": "Technology sector", "corr": 0.67, "pcorr": 0.64, "sens": 6.85, "sig": true, "stab": "stable", "dir": "with", "lag": 0, "unexp": false}, {"f": "S&P 500", "corr": 0.38, "pcorr": 0.38, "sens": 3.85, "sig": true, "stab": "stable", "dir": "with", "lag": 0, "unexp": false}, {"f": "10Y yield", "corr": -0.29, "pcorr": -0.18, "sens": -3.01, "sig": true, "stab": "stable", "dir": "against", "lag": 0, "unexp": false}], "macroR2": 19, "secRel": -30.34, "opp": -1.67, "oppPct": 3}