{"t": "PEP", "n": "PepsiCo", "sec": "Consumer Staples", "idx": ["NDX", "SPX"], "mcap": 194173960192, "wr": [0.03213, -0.00577, 0.00647, 0.07617, -0.01922, -0.01442, 0.06072, 0.00924, -0.0205, -0.00508, -0.0085, -0.02427, -0.00576, 0.01708, 0.01686, 0.05501, -0.0076, -0.02614, -0.04046, 0.0243, 0.00745, 0.01807, -0.01547, 0.03882, -0.01653, -0.02646, -0.03661, 0.03253, 0.02272, 0.01199, 0.11906, 0.01787, -0.02696, 0.01817, -0.04106, -0.00262, -0.03852, -0.0125, 0.04097, 0.00032, 0.00388, -0.01414, 0.01267, -0.01772, -0.03557, 0.00972, -0.0601, 0.00452, 0.03959, -0.02872], "insider": null, "inst": null, "short": {"fails": 24888, "prevFails": 48253, "trend": "falling", "level": "low"}, "ret": {"1w": -2.87, "1m": -4.67, "3m": -6.02, "6m": -3.87, "12m": 12.68}, "vol": 23.8, "beta": 0.17, "ff": {"MKT": 0.0, "SMB": 0.0, "HML": 0.0, "MOM": 0.0}, "flow": {"net1m": 0.033, "net3m": -0.06, "in": 14135940625, "out": 13238989194, "din": 1077648143, "dout": 0}, "fcf": 8746250240, "fcfY": 4.5, "opt": null, "mfi": 54.2, "atr": 2.07, "brk": 0, "hl": 19.7, "vr": 1.11, "jump": 0.12, "pvol": 20.2, "regime": "random-walk", "mb": {"DXY": -0.16}, "drv": "DXY", "ema21d": -1.3, "ema21sig": -0.21, "ema21sl": -0.67, "touch": {"up": {"d": 5.02, "p": 0.11}, "dn": {"d": 0.68, "p": 0.82}}, "odds": {"ema": 0.84, "emaDir": "reclaim", "hi": 0.11, "lo": 0.82, "mean": 0.42, "meanDir": "up", "beat": null, "drift": {"hi": 0.03, "lo": -0.12}, "tmed": {"hi": 114.7, "lo": 2.4}, "condHi": 0.13, "flip": 0.19}, "ev": -0.01, "z": {"val": 0.28, "mom": -0.65, "risk": -0.63, "size": 0.81, "fcf": 0.53, "flow": 0.29, "disloc": -0.8, "mfi": 0.45, "ema": -0.18, "contra": 1.35}, "disloc": -0.8, "contra": {"s": 0.45, "dir": "up", "conf": ["momentum", "trend"]}, "evPct": 36, "alerts": ["breakdown odds 82%"], "val": {"pe": 22.334906, "fpe": 15.606134, "peg": 1.515, "evb": 12.634, "epsg": 0.278, "revg": 0.085, "peSec": 27.7, "evSec": 18.2, "peV": "supported", "pegV": "supported", "overall": "supported", "reason": "PEG 1.515 between 1.0 and 2.0 \u2014 multiple roughly fair for the growth rate. P/E 22.334906 is a 19% discount to sector 27.7 \u2014 relatively cheap, supported. Projected multiple: forward P/E 15.606134 vs trailing 22.334906 (-30%) \u2014 market prices multiple COMPRESSION, i.e. earnings expected to grow into the price. Price-to-(adjusted) EBITDA: EV/EBITDA 12.634 vs sector 18.2 (-31%). Earnings growth 28% corroborated by revenue growth 8%."}, "deps": [{"f": "Consumer Staples sector", "corr": 0.74, "pcorr": 0.74, "sens": 2.44, "sig": true, "stab": "stable", "dir": "with", "lag": 0, "unexp": false}, {"f": "nat gas", "corr": -0.33, "pcorr": -0.34, "sens": -1.08, "sig": true, "stab": "stable", "dir": "against", "lag": 0, "unexp": false}], "macroR2": 7, "secRel": -9.68, "opp": -0.44, "oppPct": 31}