{"t": "PFE", "n": "Pfizer", "sec": "Health Care", "idx": ["SPX"], "mcap": 140890259456, "wr": [0.03003, 0.02077, -0.03717, 0.03048, -0.04492, 0.00504, 0.0514, 0.00874, -0.01221, -0.02114, 0.01304, -0.02856, -0.02277, 0.14746, -0.06795, -0.04002, 0.01816, -0.0154, 0.02305, 0.0561, -0.0539, 0.05492, 0.01127, -0.00692, -0.02553, -0.00754, 0.0172, -0.01101, 0.02942, 0.01557, 0.03558, 0.03547, -0.03137, 0.00894, -0.01808, 0.00939, 0.02048, 0.00584, 0.0272, -0.04944, 0.02377, -0.02032, -0.02481, -0.00859, -0.01363, 0.0225, -0.01042, -0.00039, 0.01483, -0.04923], "insider": null, "inst": null, "short": {"fails": 92017, "prevFails": 305790, "trend": "falling", "level": "low"}, "ret": {"1w": -4.92, "1m": -4.56, "3m": -8.33, "6m": -1.16, "12m": 8.79}, "vol": 26.0, "beta": 0.67, "ff": {"MKT": 0.0, "SMB": 0.0, "HML": 0.0, "MOM": 0.0}, "flow": {"net1m": -0.264, "net3m": -0.054, "in": 7891591446, "out": 13540667770, "din": 0, "dout": 2026226656}, "fcf": 12376625152, "fcfY": 8.78, "opt": null, "mfi": 29.0, "atr": 2.09, "brk": 0, "hl": 17.8, "vr": 0.89, "jump": 0.33, "pvol": 16.9, "regime": "random-walk", "mb": {"MKT": 0.09, "DXY": -0.3}, "drv": "DXY", "ema21d": -3.73, "ema21sig": -0.54, "ema21sl": -0.83, "touch": {"up": {"d": 6.51, "p": 0.06}, "dn": {"d": 0.0, "p": 1.0}}, "odds": {"ema": 0.58, "emaDir": "reclaim", "hi": 0.06, "lo": 1.0, "mean": 0.39, "meanDir": "up", "beat": null, "drift": {"hi": -0.04, "lo": 0.0}, "tmed": {"hi": 158.5, "lo": 0.0}, "condHi": 0.09, "flip": 0.32}, "ev": 0.82, "z": {"val": 0.45, "mom": -0.5, "risk": 0.08, "size": 0.79, "fcf": 1.62, "flow": -1.05, "disloc": 0.05, "mfi": -1.17, "ema": -0.89, "contra": -0.68}, "disloc": 0.05, "contra": {"s": 0.18, "dir": "down", "conf": ["value"]}, "evPct": 72, "alerts": ["breakdown odds 100%"], "val": {"pe": 18.87023, "fpe": 8.737483, "peg": 13.77, "evb": 7.574, "epsg": -0.101, "revg": 0.054, "peSec": 29.3, "evSec": 16.9, "peV": "supported", "pegV": "rejected", "overall": "mixed", "reason": "PEG 13.77 > 2.0 \u2014 price NOT justified by earnings growth (stretched). P/E 18.87023 is a 36% discount to sector 29.3 \u2014 relatively cheap, supported. Projected multiple: forward P/E 8.737483 vs trailing 18.87023 (-54%) \u2014 market prices multiple COMPRESSION, i.e. earnings expected to grow into the price. Price-to-(adjusted) EBITDA: EV/EBITDA 7.574 vs sector 16.9 (-55%). Earnings growth -10% NOT corroborated by revenue growth 5%."}, "deps": [{"f": "Health Care sector", "corr": 0.68, "pcorr": 0.65, "sens": 2.45, "sig": true, "stab": "fading", "dir": "with", "lag": 0, "unexp": false}, {"f": "US dollar", "corr": -0.42, "pcorr": -0.33, "sens": -1.51, "sig": true, "stab": "stable", "dir": "against", "lag": 0, "unexp": false}, {"f": "S&P 500", "corr": 0.31, "pcorr": 0.31, "sens": 1.11, "sig": true, "stab": "fading", "dir": "with", "lag": 1, "unexp": false}, {"f": "credit (HYG)", "corr": 0.37, "pcorr": 0.23, "sens": 1.34, "sig": true, "stab": "stable", "dir": "with", "lag": 0, "unexp": false}], "macroR2": 20, "secRel": -13.71, "opp": -0.54, "oppPct": 22}