{"t": "PG", "n": "Procter & Gamble", "sec": "Consumer Staples", "idx": ["DOW", "SPX"], "mcap": 351292456960, "wr": [-0.02295, -0.02406, 0.03664, -0.03412, -0.00013, 0.01668, 0.02638, -0.01599, 0.01421, -0.00352, -0.00826, -0.03286, -0.00066, -0.00967, -0.00651, 0.01745, -0.01041, -0.02306, 0.01252, 0.00155, -0.0002, -0.03179, -0.00425, 0.01134, 0.00076, -0.03223, 0.03095, 0.01262, 0.01593, 0.06468, 0.01995, -0.009, 0.03273, -0.0596, -0.02266, -0.03761, -0.01671, 0.00492, 0.01425, 0.01219, 0.0161, -0.00621, -0.0057, -0.03312, 0.02027, -0.0288, 0.03436, 0.03694, 0.00266], "insider": null, "inst": null, "short": {"fails": 34094, "prevFails": 1200, "trend": "rising", "level": "low"}, "ret": {"1w": 0.27, "1m": 4.45, "3m": 4.94, "6m": 7.17, "12m": -3.73}, "vol": 17.4, "beta": 0.21, "ff": {"MKT": 0.0, "SMB": 0.0, "HML": 0.0, "MOM": 0.0}, "flow": {"net1m": -0.067, "net3m": 0.069, "in": 12699492637, "out": 14517076065, "din": 1083432775, "dout": 0}, "fcf": 12733750272, "fcfY": 3.62, "opt": {"pw": 138.0, "cw": 155.0, "pcr": 0.67, "gex": 146.5}, "mfi": 66.3, "atr": 2.04, "brk": 0, "hl": 13.8, "vr": 0.99, "jump": 0.15, "pvol": 20.0, "regime": "random-walk", "mb": {"DXY": -0.14, "RATE": -0.1, "OIL": -0.07}, "drv": "DXY", "ema21d": 2.31, "ema21sig": 0.42, "ema21sl": 1.18, "touch": {"up": {"d": 0.53, "p": 0.84}, "dn": {"d": 3.47, "p": 0.18}}, "odds": {"ema": 0.68, "emaDir": "lose-support", "hi": 0.84, "lo": 0.18, "mean": 0.45, "meanDir": "down", "beat": null, "drift": {"hi": 0.28, "lo": -0.16}, "tmed": {"hi": 1.8, "lo": 83.1}, "condHi": 0.9, "flip": 0.29}, "ev": -0.37, "z": {"val": 0.89, "mom": -0.07, "risk": -0.56, "size": 0.86, "fcf": 0.31, "flow": -0.16, "disloc": 1.24, "mfi": 1.22, "ema": 1.15, "contra": 1.34}, "disloc": 1.24, "contra": {"s": 0.45, "dir": "up", "conf": ["momentum", "flow"]}, "evPct": 24, "alerts": ["breakout odds 84%"], "val": {"pe": 22.055555, "fpe": 21.288185, "peg": 4.1483, "evb": 15.055, "epsg": 0.058, "revg": 0.074, "peSec": 27.7, "evSec": 18.0, "peV": "supported", "pegV": "rejected", "overall": "mixed", "reason": "PEG 4.1483 > 2.0 \u2014 price NOT justified by earnings growth (stretched). P/E 22.055555 is a 20% discount to sector 27.7 \u2014 relatively cheap, supported. Projected multiple: forward P/E 21.288185 vs trailing 22.055555 (-3%) \u2014 market prices multiple COMPRESSION, i.e. earnings expected to grow into the price. Price-to-(adjusted) EBITDA: EV/EBITDA 15.055 vs sector 18.0 (-17%). Earnings growth 6% corroborated by revenue growth 7%."}, "deps": [{"f": "Consumer Staples sector", "corr": 0.77, "pcorr": 0.78, "sens": 1.87, "sig": true, "stab": "stable", "dir": "with", "lag": 0, "unexp": false}, {"f": "2s10s slope", "corr": -0.29, "pcorr": -0.26, "sens": -0.69, "sig": true, "stab": "stable", "dir": "against", "lag": 0, "unexp": false}], "macroR2": 11, "secRel": 1.28, "opp": 0.23, "oppPct": 64}