{"t": "PLD", "n": "Prologis", "sec": "Real Estate", "idx": ["SPX"], "mcap": 136105639936, "wr": [-0.01433, -0.00178, 0.03553, -0.00154, -0.01373, -0.02544, 0.00435, 0.03757, 0.02269, -0.00062, 0.01963, 0.01191, -0.01693, 0.0257, -0.01438, 0.05872, 0.03796, -0.01224, -0.00185, 0.0, -0.0071, 0.04394, -0.00428, 0.01719, -0.01505, 0.00982, -0.00794, 0.02165, 0.00706, -0.03058, 0.06065, 0.03738, -0.00601, 0.02604, -0.03372, -0.04316, 0.00185, -0.0103, 0.03106, 0.02557, 0.05766, -0.02068, -0.00486, 0.01895, -0.02471, 0.03821, -0.04716, 0.02705, 0.04006, -0.01479], "insider": null, "inst": null, "short": {"fails": 4814, "prevFails": 146, "trend": "rising", "level": "low"}, "ret": {"1w": -1.48, "1m": 0.28, "3m": 11.6, "6m": 14.17, "12m": 38.68}, "vol": 19.1, "beta": 0.45, "ff": {"MKT": 0.0, "SMB": 0.0, "HML": 0.0, "MOM": 0.0}, "flow": {"net1m": -0.082, "net3m": 0.033, "in": 5150475983, "out": 6074219321, "din": 239934263, "dout": 0}, "fcf": 4854310400, "fcfY": 3.57, "opt": null, "mfi": 67.4, "atr": 2.25, "brk": 0, "hl": 87.8, "vr": 0.76, "jump": 0.1, "pvol": 20.9, "regime": "mean-revert", "mb": {"MKT": 0.2}, "drv": "MKT", "ema21d": 1.19, "ema21sig": 0.19, "ema21sl": -0.07, "touch": {"up": {"d": 0.74, "p": 0.79}, "dn": {"d": 5.32, "p": 0.04}}, "odds": {"ema": 0.85, "emaDir": "lose-support", "hi": 0.79, "lo": 0.04, "mean": 0.56, "meanDir": "down", "beat": null, "drift": {"hi": 0.11, "lo": -0.02}, "tmed": {"hi": 3.2, "lo": 189.1}, "condHi": 0.87, "flip": 0.28}, "ev": 0.84, "z": {"val": -1.07, "mom": 0.3, "risk": -0.23, "size": 0.78, "fcf": 0.29, "flow": -0.23, "disloc": -0.44, "mfi": 1.29, "ema": 0.67, "contra": 1.05}, "disloc": -0.44, "contra": {"s": 0.41, "dir": "up", "conf": ["flow", "value"]}, "evPct": 74, "alerts": ["breakout odds 79%"], "val": {"pe": 36.494976, "fpe": 43.263287, "peg": 111.8864, "evb": 26.578, "epsg": 0.652, "revg": 0.083, "peSec": 36.0, "evSec": 22.4, "peV": "supported", "pegV": "rejected", "overall": "mixed", "reason": "PEG 111.8864 > 2.0 \u2014 price NOT justified by earnings growth (stretched). P/E 36.494976 broadly in line with sector 36.0 \u2014 supported. Projected multiple: forward P/E 43.263287 vs trailing 36.494976 (+19%) \u2014 market prices multiple EXPANSION, i.e. earnings expected to fall or a re-rate higher. Price-to-(adjusted) EBITDA: EV/EBITDA 26.578 vs sector 22.4 (+19%). Earnings growth 65% corroborated by revenue growth 8%."}, "deps": [{"f": "Real Estate sector", "corr": 0.73, "pcorr": 0.71, "sens": 1.94, "sig": true, "stab": "stable", "dir": "with", "lag": 0, "unexp": false}, {"f": "credit (HYG)", "corr": 0.46, "pcorr": 0.37, "sens": 1.21, "sig": true, "stab": "stable", "dir": "with", "lag": 0, "unexp": false}, {"f": "nat gas", "corr": -0.32, "pcorr": -0.37, "sens": -0.84, "sig": true, "stab": "stable", "dir": "against", "lag": 0, "unexp": false}, {"f": "S&P 500", "corr": 0.28, "pcorr": 0.28, "sens": 0.75, "sig": true, "stab": "stable", "dir": "with", "lag": 0, "unexp": false}], "macroR2": 12, "secRel": 4.75, "opp": 0.45, "oppPct": 76}