{"t": "PM", "n": "Philip Morris", "sec": "Consumer Staples", "idx": ["SPX"], "mcap": 278498869248, "wr": [0.00253, 0.02972, -0.10149, -0.01518, 0.02972, -0.00665, 0.04202, -0.0501, -0.01852, 0.04189, -0.03657, 0.01385, -0.03713, 0.00262, -0.00555, 0.01103, -0.07571, 0.0284, 0.03502, 0.00322, 0.01176, -0.0614, 0.03951, 0.02076, 0.04193, -0.04187, 0.0689, 0.01785, 0.05793, 0.01008, 0.0326, -0.01487, 0.0218, -0.09493, 0.01355, -0.0417, -0.00539, -0.02702, 0.01486, -0.01658, 0.04062, 0.01328, 0.02771, 0.1089, -0.00327, -0.08641, 0.01969, 0.03266, -0.01716], "insider": null, "inst": null, "short": {"fails": 25928, "prevFails": 25410, "trend": "flat", "level": "low"}, "ret": {"1w": -1.72, "1m": -5.45, "3m": 9.38, "6m": 18.4, "12m": 3.44}, "vol": 30.3, "beta": -0.16, "ff": {"MKT": 0.0, "SMB": 0.0, "HML": 0.0, "MOM": 0.0}, "flow": {"net1m": -0.224, "net3m": 0.095, "in": 6848636526, "out": 10812678506, "din": 595663481, "dout": 0}, "fcf": 8575249920, "fcfY": 3.08, "opt": {"pw": 177.5, "cw": 200.0, "pcr": 0.65, "gex": 188.75}, "mfi": 47.7, "atr": 2.88, "brk": 0, "hl": 21.3, "vr": 1.03, "jump": 0.13, "pvol": 26.4, "regime": "random-walk", "mb": {}, "drv": null, "ema21d": -0.21, "ema21sig": -0.03, "ema21sl": -0.21, "touch": {"up": {"d": 2.56, "p": 0.39}, "dn": {"d": 4.94, "p": 0.06}}, "odds": {"ema": 0.98, "emaDir": "reclaim", "hi": 0.39, "lo": 0.06, "mean": 0.64, "meanDir": "down", "beat": null, "drift": {"hi": 0.18, "lo": -0.07}, "tmed": {"hi": 34.7, "lo": 161.7}, "condHi": 0.39, "flip": 0.23}, "ev": 2.02, "z": {"val": 0.59, "mom": 0.52, "risk": -1.08, "size": 0.84, "fcf": 0.17, "flow": -0.86, "disloc": -1.04, "mfi": 0.03, "ema": 0.19, "contra": 1.04}, "disloc": -1.04, "contra": {"s": 0.41, "dir": "down", "conf": ["momentum", "value"]}, "evPct": 92, "alerts": [], "val": {"pe": 25.167606, "fpe": 19.574614, "peg": 2.4167, "evb": 17.586, "epsg": -0.093, "revg": 0.091, "peSec": 27.3, "evSec": 18.2, "peV": "supported", "pegV": "rejected", "overall": "mixed", "reason": "PEG 2.4167 > 2.0 \u2014 price NOT justified by earnings growth (stretched). P/E 25.167606 broadly in line with sector 27.3 \u2014 supported. Projected multiple: forward P/E 19.574614 vs trailing 25.167606 (-22%) \u2014 market prices multiple COMPRESSION, i.e. earnings expected to grow into the price. Price-to-(adjusted) EBITDA: EV/EBITDA 17.586 vs sector 18.2 (-4%). Earnings growth -9% NOT corroborated by revenue growth 9%."}, "deps": [{"f": "Consumer Staples sector", "corr": 0.64, "pcorr": 0.65, "sens": 2.71, "sig": true, "stab": "stable", "dir": "with", "lag": 0, "unexp": false}, {"f": "credit (HYG)", "corr": -0.28, "pcorr": -0.33, "sens": -1.19, "sig": true, "stab": "stable", "dir": "against", "lag": 0, "unexp": true}], "macroR2": 1, "secRel": 5.72, "opp": 0.58, "oppPct": 81}