{"t": "QCOM", "n": "Qualcomm", "sec": "Technology", "idx": ["NDX", "SPX"], "mcap": 215153033216, "wr": [0.0237, -0.00031, -0.03313, 0.03771, -0.00513, -0.08311, 0.07371, -0.00734, 0.02786, 0.00531, 0.01127, 0.04099, 0.00922, -0.00489, -0.01889, -0.00954, 0.03626, 0.04252, -0.0229, 0.00751, -0.08544, 0.05326, 0.04529, 0.01991, -0.01705, -0.01039, 0.05201, -0.09405, -0.05397, -0.02347, -0.02495, -0.05272, 0.00163, 0.03058, -0.05296, -0.0427, 0.00099, -0.00564, -0.02865, 0.00994, 0.06356, 0.09288, 0.18918, 0.23773, -0.08033, 0.18199, -0.0385, -0.04549, 0.01396, -0.07554], "insider": null, "inst": null, "short": {"fails": 80424, "prevFails": 147865, "trend": "falling", "level": "low"}, "ret": {"1w": -7.55, "1m": -13.97, "3m": 56.07, "6m": 15.65, "12m": 33.86}, "vol": 47.3, "beta": 1.86, "ff": {"MKT": 0.0, "SMB": 0.0, "HML": 0.0, "MOM": 0.0}, "flow": {"net1m": 0.09, "net3m": 0.347, "in": 53514725609, "out": 44697749137, "din": 0, "dout": 4770723161}, "fcf": 9589624832, "fcfY": 4.46, "opt": null, "mfi": 46.2, "atr": 8.38, "brk": 1, "hl": 41.1, "vr": 1.01, "jump": 0.08, "pvol": 74.8, "regime": "random-walk", "mb": {"MKT": 0.45, "RATE": 0.16}, "drv": "MKT", "ema21d": -4.98, "ema21sig": -0.35, "ema21sl": 0.21, "touch": {"up": {"d": 2.69, "p": 0.16}, "dn": {"d": 4.71, "p": 0.0}}, "odds": {"ema": 0.72, "emaDir": "reclaim", "hi": 0.16, "lo": 0.0, "mean": 0.39, "meanDir": "down", "beat": null, "drift": {"hi": -0.24, "lo": -0.0}, "tmed": {"hi": 92.8, "lo": 252}, "condHi": 0.23, "flip": 0.26}, "ev": 3.6, "z": {"val": 0.11, "mom": 0.38, "risk": 1.78, "size": 0.82, "fcf": 0.52, "flow": 0.54, "disloc": -1.16, "mfi": -0.07, "ema": -0.48, "contra": 0.68}, "disloc": -1.16, "contra": {"s": 0.36, "dir": "up", "conf": ["MFI", "trend"]}, "evPct": 98, "alerts": ["positive edge +3.6%", "ATR breakout"], "val": {"pe": 21.949463, "fpe": 19.125599, "peg": 0.94, "evb": 16.972, "epsg": 1.73, "revg": -0.035, "peSec": 30.7, "evSec": 28.1, "peV": "supported", "pegV": "supported", "overall": "supported", "reason": "PEG 0.94 \u2264 1.0 \u2014 earnings growth more than covers the multiple (cheap for growth). P/E 21.949463 (28% discount to sector 30.7) is SUPPORTED by 173% earnings growth. Projected multiple: forward P/E 19.125599 vs trailing 21.949463 (-13%) \u2014 market prices multiple COMPRESSION, i.e. earnings expected to grow into the price. Price-to-(adjusted) EBITDA: EV/EBITDA 16.972 vs sector 28.1 (-40%). Earnings growth 173% NOT corroborated by revenue growth -4%."}, "deps": [{"f": "S&P 500", "corr": 0.47, "pcorr": 0.47, "sens": 3.09, "sig": true, "stab": "stable", "dir": "with", "lag": 0, "unexp": false}, {"f": "Technology sector", "corr": 0.56, "pcorr": 0.36, "sens": 3.71, "sig": true, "stab": "stable", "dir": "with", "lag": 0, "unexp": false}, {"f": "VIX", "corr": -0.31, "pcorr": -0.06, "sens": -2.01, "sig": true, "stab": "fading", "dir": "against", "lag": 0, "unexp": false}], "macroR2": 31, "secRel": 19.16, "opp": 0.84, "oppPct": 89}