{"t": "QQQ", "n": "Nasdaq 100", "sec": "Broad", "idx": ["FACTOR"], "mcap": 0, "wr": [0.01336, 0.01693, 0.00187, 0.0117, 0.00747, -0.00123, 0.02295, -0.02488, 0.01341, 0.00303, 0.01539, 0.01924, -0.00185, 0.02055, 0.00821, -0.01754, 0.01765, 0.02534, -0.02297, -0.00535, -0.03736, 0.05734, 0.01006, -0.01896, 0.00559, 0.00749, 0.00411, 0.00452, -0.0159, 0.02749, -0.04338, 0.01215, -0.01572, 0.00956, -0.00054, -0.01913, -0.0071, -0.03121, 0.0195, 0.0446, 0.06183, 0.02316, 0.01547, 0.055, -0.00323, 0.01215, 0.03512, -0.03591, 0.039, -0.03974], "insider": null, "factor": true, "inst": null, "short": {"fails": 238009, "prevFails": 2240906, "trend": "falling", "level": "moderate"}, "ret": {"1w": -3.97, "1m": -0.43, "3m": 20.63, "6m": 16.73, "12m": 32.85}, "vol": 17.5, "beta": 1.38, "ff": {"MKT": 0.0, "SMB": 0.0, "HML": 0.0, "MOM": 0.0}, "flow": {"net1m": -0.121, "net3m": 0.164, "in": 318399332928, "out": 406363373813, "din": 0, "dout": 37753370862}, "fcf": null, "fcfY": null, "opt": null, "mfi": 33.8, "atr": 1.91, "brk": 1, "hl": 76.9, "vr": 0.87, "jump": 0.24, "pvol": null, "regime": "random-walk", "mb": {"MKT": 0.86}, "drv": "MKT", "ema21d": -1.0, "ema21sig": -0.19, "ema21sl": 0.62, "touch": {"up": {"d": 2.33, "p": 0.4}, "dn": {"d": 11.47, "p": 0.0}}, "odds": {"ema": 0.85, "emaDir": "reclaim", "hi": 0.4, "lo": 0.0, "mean": 0.27, "meanDir": "down", "beat": null, "drift": {"hi": -0.45, "lo": -0.0}, "tmed": {"hi": 32.3, "lo": 252}, "condHi": 0.67, "flip": 0.51}, "ev": 1.78, "z": {"val": -0.93, "mom": 0.44, "risk": 1.09, "size": -1.2, "fcf": 0.0, "flow": -0.41, "disloc": 1.97, "mfi": -0.86, "ema": -0.14, "contra": -0.3}, "disloc": 1.97, "contra": {"s": 0.23, "dir": "down", "conf": ["momentum"]}, "evPct": 88, "alerts": ["ATR breakout"], "val": {"pe": null, "fpe": null, "peg": null, "evb": null, "epsg": null, "revg": null, "peSec": null, "evSec": null, "peV": null, "pegV": null, "overall": "n/a", "reason": "No positive trailing earnings \u2014 P/E and PEG not meaningful; judge on EV/EBITDA and cash flow."}, "deps": [{"f": "S&P 500", "corr": 0.94, "pcorr": 0.94, "sens": 2.29, "sig": true, "stab": "stable", "dir": "with", "lag": 0, "unexp": false}, {"f": "VIX", "corr": -0.44, "pcorr": 0.33, "sens": -1.07, "sig": true, "stab": "stable", "dir": "against", "lag": 0, "unexp": false}, {"f": "credit (HYG)", "corr": 0.58, "pcorr": -0.24, "sens": 1.41, "sig": true, "stab": "stable", "dir": "with", "lag": 0, "unexp": false}, {"f": "10Y yield", "corr": -0.29, "pcorr": 0.17, "sens": -0.72, "sig": true, "stab": "stable", "dir": "against", "lag": 0, "unexp": false}, {"f": "copper", "corr": 0.29, "pcorr": -0.13, "sens": 0.7, "sig": true, "stab": "stable", "dir": "with", "lag": 0, "unexp": false}, {"f": "US dollar", "corr": -0.41, "pcorr": 0.07, "sens": -0.99, "sig": true, "stab": "stable", "dir": "against", "lag": 0, "unexp": false}], "macroR2": 90, "secRel": 20.63, "opp": 0.67, "oppPct": 85}