{"t": "RTX", "n": "RTX", "sec": "Industrials", "idx": ["SPX"], "mcap": 251008319488, "wr": [0.0138, 0.0273, 0.04209, 0.01221, -0.01673, -0.00026, 0.01008, 0.02075, -0.00726, -0.00649, 0.00343, 0.01467, 0.03813, -0.02671, -0.03163, 0.14257, -0.01126, -0.01308, -0.00651, -0.00707, 0.01662, -0.02178, 0.04418, 0.01875, 0.01324, 0.03243, 0.01933, 0.01762, 0.00992, -0.01364, -0.00117, 0.04529, -0.03468, 0.03152, -0.00402, -0.01138, -0.03926, 0.01742, 0.02727, -0.0255, -0.11282, -0.00155, 0.01207, -0.02788, 0.03837, -0.01469, 0.02437, 0.02787, 0.01497], "insider": null, "inst": null, "short": {"fails": 220, "prevFails": 11954, "trend": "falling", "level": "low"}, "ret": {"1w": 1.5, "1m": 5.3, "3m": -6.76, "6m": 5.11, "12m": 31.33}, "vol": 24.6, "beta": 0.28, "ff": {"MKT": 0.0, "SMB": 0.0, "HML": 0.0, "MOM": 0.0}, "flow": {"net1m": 0.146, "net3m": -0.071, "in": 11961047532, "out": 8916899360, "din": 530940674, "dout": 0}, "fcf": 7233375232, "fcfY": 2.88, "opt": {"pw": 170.0, "cw": 190.0, "pcr": 0.78, "gex": 180.0}, "mfi": 60.9, "atr": 2.9, "brk": 0, "hl": 37.3, "vr": 1.01, "jump": 0.0, "pvol": 25.3, "regime": "random-walk", "mb": {}, "drv": null, "ema21d": 2.41, "ema21sig": 0.34, "ema21sl": 1.5, "touch": {"up": {"d": 3.01, "p": 0.24}, "dn": {"d": 2.95, "p": 0.21}}, "odds": {"ema": 0.74, "emaDir": "lose-support", "hi": 0.24, "lo": 0.21, "mean": 0.82, "meanDir": "down", "beat": null, "drift": {"hi": 0.12, "lo": -0.15}, "tmed": {"hi": 64.6, "lo": 73.7}, "condHi": 0.24, "flip": 0.46}, "ev": 0.3, "z": {"val": -0.47, "mom": -0.18, "risk": -0.46, "size": 0.83, "fcf": 0.12, "flow": 0.79, "disloc": 0.41, "mfi": 0.88, "ema": 0.98, "contra": 1.04}, "disloc": 0.41, "contra": {"s": 0.41, "dir": "up", "conf": ["momentum", "value"]}, "evPct": 54, "alerts": [], "val": {"pe": 34.969982, "fpe": 24.589937, "peg": 2.4917, "evb": 18.665, "epsg": 0.325, "revg": 0.087, "peSec": 34.4, "evSec": 17.8, "peV": "supported", "pegV": "rejected", "overall": "mixed", "reason": "PEG 2.4917 > 2.0 \u2014 price NOT justified by earnings growth (stretched). P/E 34.969982 broadly in line with sector 34.4 \u2014 supported. Projected multiple: forward P/E 24.589937 vs trailing 34.969982 (-30%) \u2014 market prices multiple COMPRESSION, i.e. earnings expected to grow into the price. Price-to-(adjusted) EBITDA: EV/EBITDA 18.665 vs sector 17.8 (+5%). Earnings growth 32% corroborated by revenue growth 9%."}, "deps": [{"f": "Industrials sector", "corr": 0.49, "pcorr": 0.48, "sens": 1.66, "sig": true, "stab": "stable", "dir": "with", "lag": 0, "unexp": false}, {"f": "credit (HYG)", "corr": 0.29, "pcorr": 0.27, "sens": 0.99, "sig": true, "stab": "stable", "dir": "with", "lag": 0, "unexp": false}], "macroR2": 4, "secRel": -15.22, "opp": -0.02, "oppPct": 50}