{"t": "SBUX", "n": "Starbucks", "sec": "Consumer Disc.", "idx": ["NDX", "SPX"], "mcap": 115166683136, "wr": [0.00348, -0.02877, 0.03686, -0.03294, -0.04064, 0.05832, -0.04331, -0.02067, -0.00742, -0.05344, 0.01287, 0.00491, 0.03447, -0.08003, 0.05716, 0.01304, -0.0268, -0.01118, 0.05133, -0.03729, 0.05435, -0.02284, 0.0027, 0.03492, -0.03125, 0.04546, 0.0123, 0.06482, -0.01317, 0.01902, 0.02217, -0.02726, 0.0238, 0.00622, 0.0151, -0.04342, -0.04811, -0.00932, 0.06894, 0.0352, -0.0133, 0.07327, -0.00916, 0.02398, -0.03473, -0.06401, -0.01751, 0.0714, -0.00532], "insider": null, "inst": null, "short": {"fails": 40533, "prevFails": 14686, "trend": "rising", "level": "low"}, "ret": {"1w": -0.53, "1m": -2.0, "3m": 6.06, "6m": 19.86, "12m": 9.27}, "vol": 27.8, "beta": 0.71, "ff": {"MKT": 0.0, "SMB": 0.0, "HML": 0.0, "MOM": 0.0}, "flow": {"net1m": 0.05, "net3m": 0.046, "in": 8232714081, "out": 7453538955, "din": 525259230, "dout": 0}, "fcf": -1304087552, "fcfY": -1.13, "opt": null, "mfi": 62.1, "atr": 2.57, "brk": 0, "hl": 32.6, "vr": 0.98, "jump": 0.0, "pvol": 25.4, "regime": "random-walk", "mb": {"MKT": 0.19, "DXY": -0.21, "VIX": 0.13}, "drv": "DXY", "ema21d": 0.79, "ema21sig": 0.1, "ema21sl": 0.25, "touch": {"up": {"d": 2.22, "p": 0.5}, "dn": {"d": 5.71, "p": 0.05}}, "odds": {"ema": 0.92, "emaDir": "lose-support", "hi": 0.5, "lo": 0.05, "mean": 0.81, "meanDir": "down", "beat": null, "drift": {"hi": 0.07, "lo": -0.02}, "tmed": {"hi": 21.2, "lo": 172.9}, "condHi": 0.57, "flip": 0.26}, "ev": 2.12, "z": {"val": 0.39, "mom": 0.6, "risk": 0.15, "size": 0.77, "fcf": -0.9, "flow": 0.36, "disloc": 0.93, "mfi": 0.95, "ema": 0.47, "contra": -1.97}, "disloc": 0.93, "contra": {"s": 0.0, "dir": "up", "conf": []}, "evPct": 93, "alerts": ["aligned uptrend"], "val": {"pe": 77.13741, "fpe": 33.559948, "peg": 1.3327, "evb": 25.556, "epsg": 0.326, "revg": 0.088, "peSec": 25.5, "evSec": 16.7, "peV": "supported", "pegV": "supported", "overall": "supported", "reason": "PEG 1.3327 between 1.0 and 2.0 \u2014 multiple roughly fair for the growth rate. P/E 77.13741 (203% premium to sector 25.5) is SUPPORTED by 33% earnings growth. Projected multiple: forward P/E 33.559948 vs trailing 77.13741 (-56%) \u2014 market prices multiple COMPRESSION, i.e. earnings expected to grow into the price. Price-to-(adjusted) EBITDA: EV/EBITDA 25.556 vs sector 16.7 (+53%). Earnings growth 33% corroborated by revenue growth 9%."}, "deps": [{"f": "Consumer Disc. sector", "corr": 0.49, "pcorr": 0.4, "sens": 1.88, "sig": true, "stab": "stable", "dir": "with", "lag": 0, "unexp": false}, {"f": "S&P 500", "corr": 0.31, "pcorr": 0.31, "sens": 1.19, "sig": true, "stab": "stable", "dir": "with", "lag": 0, "unexp": false}, {"f": "US dollar", "corr": -0.35, "pcorr": -0.23, "sens": -1.33, "sig": true, "stab": "stable", "dir": "against", "lag": 0, "unexp": false}], "macroR2": 24, "secRel": 8.75, "opp": 0.75, "oppPct": 86}