{"t": "SHW", "n": "Sherwin-Williams", "sec": "Materials", "idx": ["DOW", "SPX"], "mcap": 79638642688, "wr": [-0.01058, -0.03323, 0.00906, -0.03196, 0.05648, 0.05161, -0.00245, 0.00074, -0.00441, 0.00793, -0.05186, -0.02706, 0.01117, -0.03106, -0.00528, 0.00088, 0.04868, -0.04093, 0.01552, -0.0297, 0.0478, -0.03078, -0.01327, -0.02382, 0.01362, 0.04569, 0.04675, 0.0009, -0.01883, 0.05523, -0.00526, -0.02551, 0.00808, -0.06743, -0.05291, -0.02304, 0.02954, -0.00485, 0.05695, 0.02809, -0.02272, -0.05834, -0.00371, -0.05277, 0.03259, -0.04601, 0.01591, 0.06907, 0.00831], "insider": null, "inst": null, "short": {"fails": 5358, "prevFails": 9251, "trend": "falling", "level": "low"}, "ret": {"1w": 0.83, "1m": 4.47, "3m": 4.3, "6m": -1.29, "12m": -8.27}, "vol": 25.1, "beta": 0.72, "ff": {"MKT": 0.0, "SMB": 0.0, "HML": 0.0, "MOM": 0.0}, "flow": {"net1m": 0.159, "net3m": 0.039, "in": 8885964500, "out": 6446964283, "din": 939681605, "dout": 0}, "fcf": 2140024960, "fcfY": 2.69, "opt": null, "mfi": 73.6, "atr": 2.75, "brk": 0, "hl": 16.1, "vr": 0.8, "jump": 0.0, "pvol": 23.6, "regime": "mean-revert", "mb": {"MKT": 0.21, "OIL": -0.25}, "drv": "OIL", "ema21d": 3.18, "ema21sig": 0.44, "ema21sl": 1.29, "touch": {"up": {"d": 2.45, "p": 0.36}, "dn": {"d": 3.37, "p": 0.18}}, "odds": {"ema": 0.66, "emaDir": "lose-support", "hi": 0.36, "lo": 0.18, "mean": 0.8, "meanDir": "down", "beat": null, "drift": {"hi": 0.12, "lo": -0.1}, "tmed": {"hi": 37.9, "lo": 84.3}, "condHi": 0.43, "flip": 0.28}, "ev": 0.76, "z": {"val": 0.99, "mom": -0.51, "risk": 0.16, "size": 0.74, "fcf": 0.07, "flow": 0.85, "disloc": 0.62, "mfi": 1.69, "ema": 1.19, "contra": -0.28}, "disloc": 0.62, "contra": {"s": 0.23, "dir": "up", "conf": ["momentum"]}, "evPct": 71, "alerts": [], "val": {"pe": 31.077957, "fpe": 24.38341, "peg": 2.4487, "evb": 20.53, "epsg": 0.075, "revg": 0.068, "peSec": 31.1, "evSec": 17.1, "peV": "supported", "pegV": "rejected", "overall": "mixed", "reason": "PEG 2.4487 > 2.0 \u2014 price NOT justified by earnings growth (stretched). P/E 31.077957 broadly in line with sector 31.1 \u2014 supported. Projected multiple: forward P/E 24.38341 vs trailing 31.077957 (-22%) \u2014 market prices multiple COMPRESSION, i.e. earnings expected to grow into the price. Price-to-(adjusted) EBITDA: EV/EBITDA 20.53 vs sector 17.1 (+20%). Earnings growth 8% corroborated by revenue growth 7%."}, "deps": [{"f": "Materials sector", "corr": 0.58, "pcorr": 0.52, "sens": 2.03, "sig": true, "stab": "stable", "dir": "with", "lag": 0, "unexp": false}, {"f": "S&P 500", "corr": 0.34, "pcorr": 0.34, "sens": 1.19, "sig": true, "stab": "stable", "dir": "with", "lag": 0, "unexp": false}, {"f": "WTI oil", "corr": -0.38, "pcorr": -0.33, "sens": -1.32, "sig": true, "stab": "stable", "dir": "against", "lag": 0, "unexp": true}, {"f": "credit (HYG)", "corr": 0.44, "pcorr": 0.3, "sens": 1.53, "sig": true, "stab": "stable", "dir": "with", "lag": 0, "unexp": false}], "macroR2": 22, "secRel": 2.6, "opp": 0.35, "oppPct": 69}