{"t": "SLB", "n": "Schlumberger", "sec": "Energy", "idx": ["SPX"], "mcap": 71448805376, "wr": [0.05075, 0.02983, -0.04579, 0.0159, -0.0276, -0.03834, 0.021, -0.00566, 0.07854, 0.00884, 0.00056, -0.0358, -0.00432, -0.01388, -0.02873, -0.00634, 0.09386, 0.00861, 0.0011, -0.00138, -0.03085, 0.02984, 0.06964, 0.02574, -0.03473, -0.00473, 0.15119, 0.05203, 0.05708, 0.00721, 0.05075, 0.01001, -0.00039, -0.00097, -0.07943, -0.05992, 0.07316, 0.09389, -0.05487, 0.05016, 0.01425, 0.06627, 0.01371, -0.06413, 0.03961, 0.03431, -0.04417, 0.03829, -0.05022, -0.11022], "insider": null, "inst": null, "short": {"fails": 656561, "prevFails": 4138, "trend": "rising", "level": "elevated"}, "ret": {"1w": -11.02, "1m": -16.13, "3m": 0.46, "6m": 22.49, "12m": 46.55}, "vol": 35.9, "beta": 0.39, "ff": {"MKT": 0.0, "SMB": 0.0, "HML": 0.0, "MOM": 0.0}, "flow": {"net1m": -0.391, "net3m": -0.006, "in": 5451639149, "out": 12444744464, "din": 0, "dout": 1369188305}, "fcf": 3043124992, "fcfY": 4.26, "opt": null, "mfi": 27.0, "atr": 4.3, "brk": 0, "hl": 91.9, "vr": 1.06, "jump": 0.01, "pvol": 33.8, "regime": "random-walk", "mb": {"DXY": -0.08, "RATE": 0.06, "VIX": -0.07}, "drv": "DXY", "ema21d": -10.13, "ema21sig": -1.02, "ema21sl": -4.36, "touch": {"up": {"d": 4.98, "p": 0.05}, "dn": {"d": 0.0, "p": 1.0}}, "odds": {"ema": 0.28, "emaDir": "reclaim", "hi": 0.05, "lo": 1.0, "mean": 0.23, "meanDir": "up", "beat": null, "drift": {"hi": -0.0, "lo": 0.0}, "tmed": {"hi": 177.2, "lo": 0.0}, "condHi": 0.05, "flip": 0.2}, "ev": 1.07, "z": {"val": -0.41, "mom": 0.74, "risk": -0.32, "size": 0.74, "fcf": 0.47, "flow": -1.63, "disloc": -1.83, "mfi": -1.3, "ema": -1.9, "contra": -0.3}, "disloc": -1.83, "contra": {"s": 0.23, "dir": "down", "conf": ["momentum"]}, "evPct": 81, "alerts": ["breakdown odds 100%", "rising fails (squeeze watch)"], "val": {"pe": 21.052864, "fpe": 14.281616, "peg": 1.648, "evb": 10.759, "epsg": -0.138, "revg": 0.027, "peSec": 19.8, "evSec": 10.6, "peV": "supported", "pegV": "supported", "overall": "supported", "reason": "PEG 1.648 between 1.0 and 2.0 \u2014 multiple roughly fair for the growth rate. P/E 21.052864 broadly in line with sector 19.8 \u2014 supported. Projected multiple: forward P/E 14.281616 vs trailing 21.052864 (-32%) \u2014 market prices multiple COMPRESSION, i.e. earnings expected to grow into the price. Price-to-(adjusted) EBITDA: EV/EBITDA 10.759 vs sector 10.6 (+2%). Earnings growth -14% NOT corroborated by revenue growth 3%."}, "deps": [{"f": "Energy sector", "corr": 0.67, "pcorr": 0.72, "sens": 3.35, "sig": true, "stab": "stable", "dir": "with", "lag": 0, "unexp": false}], "macroR2": 9, "secRel": 5.59, "opp": -0.16, "oppPct": 42}