{"t": "SLV", "n": "Silver", "sec": "Commodity", "idx": ["FACTOR"], "mcap": 0, "wr": [0.00368, 0.00825, 0.04273, 0.0372, -0.06108, 0.02507, 0.01892, -0.01629, 0.01626, 0.05544, 0.02329, 0.00529, 0.08002, 0.03656, 0.05126, 0.09975, -0.10148, 0.00362, -0.01782, 0.08886, -0.03458, 0.11861, 0.03398, 0.05949, 0.0861, 0.08337, 0.11665, 0.06634, 0.06819, 0.25774, -0.25019, -0.03309, -0.07249, 0.13294, -0.07682, 0.02976, -0.14121, -0.07476, 0.08261, 0.05001, 0.06587, -0.06573, -0.00727, 0.06912, -0.05438, -0.00985, -0.01009, -0.09, 0.03069, -0.12195], "insider": null, "factor": true, "inst": null, "short": {"fails": 712643, "prevFails": 1365216, "trend": "falling", "level": "elevated"}, "ret": {"1w": -12.2, "1m": -18.48, "3m": -15.15, "6m": -0.66, "12m": 70.9}, "vol": 59.5, "beta": 2.13, "ff": {"MKT": 0.0, "SMB": 0.0, "HML": 0.0, "MOM": 0.0}, "flow": {"net1m": -0.273, "net3m": 0.079, "in": 9769886076, "out": 17111911622, "din": 0, "dout": 1140024017}, "fcf": null, "fcfY": null, "opt": null, "mfi": 32.4, "atr": 3.26, "brk": 1, "hl": 53.0, "vr": 0.92, "jump": 0.47, "pvol": null, "regime": "random-walk", "mb": {"MKT": 0.18, "DXY": -0.36}, "drv": "DXY", "ema21d": -11.34, "ema21sig": -0.62, "ema21sl": -3.34, "touch": {"up": {"d": 13.0, "p": 0.05}, "dn": {"d": 0.0, "p": 1.0}}, "odds": {"ema": 0.51, "emaDir": "reclaim", "hi": 0.05, "lo": 1.0, "mean": 0.31, "meanDir": "up", "beat": null, "drift": {"hi": -0.05, "lo": 0.09}, "tmed": {"hi": 171.1, "lo": 0.0}, "condHi": 0.08, "flip": 0.18}, "ev": 2.12, "z": {"val": -0.31, "mom": -0.48, "risk": 2.17, "size": -1.2, "fcf": 0.0, "flow": -1.1, "disloc": -1.04, "mfi": -0.95, "ema": -1.06, "contra": -2.03}, "disloc": -1.04, "contra": {"s": 0.0, "dir": "down", "conf": []}, "evPct": 93, "alerts": ["breakdown odds 100%", "ATR breakout"], "val": {"pe": null, "fpe": null, "peg": null, "evb": null, "epsg": null, "revg": null, "peSec": null, "evSec": null, "peV": null, "pegV": null, "overall": "n/a", "reason": "No positive trailing earnings \u2014 P/E and PEG not meaningful; judge on EV/EBITDA and cash flow."}, "deps": [{"f": "gold", "corr": 0.73, "pcorr": 0.7, "sens": 6.02, "sig": true, "stab": "stable", "dir": "with", "lag": 0, "unexp": false}, {"f": "nat gas", "corr": 0.46, "pcorr": 0.46, "sens": 3.78, "sig": true, "stab": "stable", "dir": "with", "lag": 0, "unexp": false}, {"f": "S&P 500", "corr": 0.43, "pcorr": 0.43, "sens": 3.54, "sig": true, "stab": "stable", "dir": "with", "lag": 0, "unexp": false}, {"f": "US dollar", "corr": -0.52, "pcorr": -0.41, "sens": -4.33, "sig": true, "stab": "stable", "dir": "against", "lag": 0, "unexp": false}], "macroR2": 34, "secRel": -15.15, "opp": -0.39, "oppPct": 34}