{"t": "SO", "n": "Southern Co", "sec": "Utilities", "idx": ["SPX"], "mcap": 107014692864, "wr": [-0.00368, 0.01457, 0.01961, -0.00242, -0.00232, 0.00116, 0.00942, -0.01738, -0.01512, 0.00283, -0.00738, 0.02449, 0.00213, 0.02386, 0.02393, -0.02316, -0.01123, -0.04386, 0.00297, -0.02053, 0.02879, -0.05312, -0.02133, 0.00995, 0.0265, -0.00023, 0.00034, 0.01828, -0.0092, 0.02219, 0.00631, 0.05433, 0.01368, 0.00882, 0.00658, -0.01646, -0.00842, 0.02127, -0.00308, -0.02717, -0.01079, 0.03444, -0.05077, 0.00817, 0.03007, -0.05838, 0.02527, 0.02783, 0.01183], "insider": null, "inst": null, "short": {"fails": 156928, "prevFails": 251719, "trend": "falling", "level": "moderate"}, "ret": {"1w": 1.18, "1m": 0.4, "3m": -0.53, "6m": 14.24, "12m": 6.21}, "vol": 16.9, "beta": -0.19, "ff": {"MKT": 0.0, "SMB": 0.0, "HML": 0.0, "MOM": 0.0}, "flow": {"net1m": 0.126, "net3m": 0.089, "in": 7188881672, "out": 5585470051, "din": 685375901, "dout": 0}, "fcf": -3950000128, "fcfY": -3.69, "opt": null, "mfi": 80.7, "atr": 1.96, "brk": 0, "hl": 19.4, "vr": 0.86, "jump": 0.02, "pvol": 18.2, "regime": "random-walk", "mb": {"DXY": 0.07, "OIL": 0.1}, "drv": "OIL", "ema21d": 1.88, "ema21sig": 0.4, "ema21sl": 0.35, "touch": {"up": {"d": 1.0, "p": 0.68}, "dn": {"d": 3.17, "p": 0.17}}, "odds": {"ema": 0.69, "emaDir": "lose-support", "hi": 0.68, "lo": 0.17, "mean": 0.77, "meanDir": "down", "beat": null, "drift": {"hi": 0.23, "lo": -0.13}, "tmed": {"hi": 7.9, "lo": 86.4}, "condHi": 0.72, "flip": 0.29}, "ev": 0.27, "z": {"val": 0.36, "mom": 0.31, "risk": -1.13, "size": 0.77, "fcf": -1.55, "flow": 0.7, "disloc": 0.26, "mfi": 2.01, "ema": 1.11, "contra": -1.97}, "disloc": 0.26, "contra": {"s": 0.0, "dir": "up", "conf": []}, "evPct": 52, "alerts": ["breakout odds 68%", "aligned uptrend"], "val": {"pe": 24.278772, "fpe": 19.3101, "peg": 2.6551, "evb": 13.106, "epsg": -0.008, "revg": 0.08, "peSec": 20.0, "evSec": 13.3, "peV": "supported", "pegV": "rejected", "overall": "mixed", "reason": "PEG 2.6551 > 2.0 \u2014 price NOT justified by earnings growth (stretched). P/E 24.278772 broadly in line with sector 20.0 \u2014 supported. Projected multiple: forward P/E 19.3101 vs trailing 24.278772 (-20%) \u2014 market prices multiple COMPRESSION, i.e. earnings expected to grow into the price. Price-to-(adjusted) EBITDA: EV/EBITDA 13.106 vs sector 13.3 (-1%). Earnings growth -1% NOT corroborated by revenue growth 8%."}, "deps": [{"f": "Utilities sector", "corr": 0.89, "pcorr": 0.89, "sens": 2.08, "sig": true, "stab": "stable", "dir": "with", "lag": 0, "unexp": false}], "macroR2": 9, "secRel": -1.68, "opp": 0.37, "oppPct": 71}