{"t": "SOYB", "n": "Soybeans", "sec": "Commodity", "idx": ["FACTOR"], "mcap": 0, "wr": [-0.00729, -0.01652, 0.01167, 0.00738, -0.02244, -0.01077, 0.04498, -0.00227, 0.0109, -0.00943, 0.00272, 0.00271, -0.02255, 0.00969, -0.00183, -0.0087, 0.02818, 0.0319, 0.00044, 0.03177, -0.01561, 0.01114, -0.02415, -0.02215, -0.02265, 0.00772, -0.00721, -0.01408, 0.02073, 0.01309, 0.00757, 0.02785, 0.0129, 0.00807, 0.01095, 0.035, -0.02496, 0.00578, -0.00041, 0.00616, 0.00082, -0.00204, 0.01962, 0.002, -0.012, 0.01457, 0.00319, -0.04018, 0.00041, 0.00539], "insider": null, "factor": true, "inst": null, "short": {"fails": 13328, "prevFails": 88872, "trend": "falling", "level": "low"}, "ret": {"1w": 0.54, "1m": -3.15, "3m": 0.21, "6m": 7.77, "12m": 10.57}, "vol": 12.6, "beta": 0.26, "ff": {"MKT": 0.0, "SMB": 0.0, "HML": 0.0, "MOM": 0.0}, "flow": {"net1m": -0.353, "net3m": -0.018, "in": 20535644, "out": 42936460, "din": 0, "dout": 861585}, "fcf": null, "fcfY": null, "opt": null, "mfi": 22.5, "atr": 0.48, "brk": 0, "hl": 60.0, "vr": 0.91, "jump": 0.22, "pvol": null, "regime": "random-walk", "mb": {"MKT": 0.12}, "drv": "MKT", "ema21d": -0.73, "ema21sig": -0.2, "ema21sl": -0.3, "touch": {"up": {"d": 9.3, "p": 0.24}, "dn": {"d": 1.79, "p": 0.81}}, "odds": {"ema": 0.84, "emaDir": "reclaim", "hi": 0.24, "lo": 0.81, "mean": 0.71, "meanDir": "up", "beat": null, "drift": {"hi": -0.03, "lo": 0.05}, "tmed": {"hi": 64.7, "lo": 2.5}, "condHi": 0.26, "flip": 0.62}, "ev": 0.38, "z": {"val": 0.0, "mom": -0.03, "risk": -0.51, "size": -1.2, "fcf": 0.0, "flow": -1.46, "disloc": -0.9, "mfi": -1.59, "ema": -0.16, "contra": -2.03}, "disloc": -0.9, "contra": {"s": 0.0, "dir": "down", "conf": []}, "evPct": 58, "alerts": ["breakdown odds 81%"], "val": {"pe": null, "fpe": null, "peg": null, "evb": null, "epsg": null, "revg": null, "peSec": null, "evSec": null, "peV": null, "pegV": null, "overall": "n/a", "reason": "No positive trailing earnings \u2014 P/E and PEG not meaningful; judge on EV/EBITDA and cash flow."}, "deps": [{"f": "S&P 500", "corr": 0.24, "pcorr": 0.24, "sens": 0.43, "sig": false, "stab": "fading", "dir": "with", "lag": 1, "unexp": false}], "macroR2": 8, "secRel": 0.21, "opp": -0.04, "oppPct": 48}