{"t": "SPG", "n": "Simon Property", "sec": "Real Estate", "idx": ["SPX"], "mcap": 82356781056, "wr": [0.02592, -0.00816, -0.00896, 0.02644, -0.00169, 0.01251, 0.0302, 0.00892, 0.0232, 0.0188, 0.02519, -0.02072, 0.01399, 0.01314, -0.03335, -0.01174, 0.01115, -0.02999, 0.04263, 0.01588, -0.01928, 0.03471, -0.02018, 0.00931, 0.01599, 0.01455, -0.00704, -0.01031, 0.00428, -0.00761, 0.06438, -0.00419, 0.02541, 0.01442, -0.00775, -0.05619, 0.01994, -0.04971, 0.03779, 0.06307, 0.02822, -0.02458, 0.00636, -0.00158, -0.01039, 0.02195, -0.00837, 0.02289, 0.05154, 0.00501], "insider": null, "inst": null, "short": {"fails": 4123, "prevFails": 34, "trend": "rising", "level": "low"}, "ret": {"1w": 0.5, "1m": 7.2, "3m": 14.54, "6m": 21.77, "12m": 41.8}, "vol": 18.2, "beta": 0.55, "ff": {"MKT": 0.0, "SMB": 0.0, "HML": 0.0, "MOM": 0.0}, "flow": {"net1m": 0.199, "net3m": 0.278, "in": 5649952469, "out": 3772626634, "din": 554531471, "dout": 0}, "fcf": 2494690560, "fcfY": 3.03, "opt": null, "mfi": 60.2, "atr": 2.14, "brk": 0, "hl": 80.9, "vr": 0.86, "jump": 0.06, "pvol": 18.5, "regime": "random-walk", "mb": {"MKT": 0.23, "RATE": -0.14}, "drv": "MKT", "ema21d": 3.39, "ema21sig": 0.62, "ema21sl": 1.2, "touch": {"up": {"d": 0.5, "p": 0.85}, "dn": {"d": 8.73, "p": 0.0}}, "odds": {"ema": 0.54, "emaDir": "lose-support", "hi": 0.85, "lo": 0.0, "mean": 0.15, "meanDir": "down", "beat": null, "drift": {"hi": 0.14, "lo": -0.0}, "tmed": {"hi": 1.7, "lo": 252}, "condHi": 0.94, "flip": 0.23}, "ev": 0.9, "z": {"val": -1.25, "mom": 0.65, "risk": -0.11, "size": 0.7, "fcf": 0.16, "flow": 1.01, "disloc": 1.16, "mfi": 0.8, "ema": 1.56, "contra": -0.71}, "disloc": 1.16, "contra": {"s": 0.18, "dir": "up", "conf": ["value"]}, "evPct": 75, "alerts": ["breakout odds 85%", "aligned uptrend"], "val": {"pe": 15.072323, "fpe": 32.076984, "peg": 4.58, "evb": 20.254, "epsg": 0.164, "revg": 0.193, "peSec": 36.0, "evSec": 22.2, "peV": "supported", "pegV": "rejected", "overall": "mixed", "reason": "PEG 4.58 > 2.0 \u2014 price NOT justified by earnings growth (stretched). P/E 15.072323 is a 58% discount to sector 36.0 \u2014 relatively cheap, supported. Projected multiple: forward P/E 32.076984 vs trailing 15.072323 (+113%) \u2014 market prices multiple EXPANSION, i.e. earnings expected to fall or a re-rate higher. Price-to-(adjusted) EBITDA: EV/EBITDA 20.254 vs sector 22.2 (-9%). Earnings growth 16% corroborated by revenue growth 19%."}, "deps": [{"f": "Real Estate sector", "corr": 0.66, "pcorr": 0.62, "sens": 1.67, "sig": true, "stab": "stable", "dir": "with", "lag": 0, "unexp": false}, {"f": "credit (HYG)", "corr": 0.6, "pcorr": 0.52, "sens": 1.52, "sig": true, "stab": "stable", "dir": "with", "lag": 0, "unexp": false}, {"f": "S&P 500", "corr": 0.36, "pcorr": 0.36, "sens": 0.91, "sig": true, "stab": "stable", "dir": "with", "lag": 0, "unexp": false}, {"f": "2s10s slope", "corr": -0.35, "pcorr": -0.29, "sens": -0.89, "sig": true, "stab": "stable", "dir": "against", "lag": 0, "unexp": false}, {"f": "10Y yield", "corr": -0.31, "pcorr": -0.2, "sens": -0.77, "sig": true, "stab": "stable", "dir": "against", "lag": 0, "unexp": false}], "macroR2": 19, "secRel": 7.69, "opp": 0.84, "oppPct": 91}