{"t": "T", "n": "AT&T", "sec": "Communication", "idx": ["SPX"], "mcap": 158491607040, "wr": [-0.02701, -0.03134, 0.02968, -0.00901, -0.00036, 0.0331, 0.03099, -0.00751, 0.01789, -0.00304, -0.00983, -0.03082, -0.04558, -0.03369, 0.01464, -0.06031, 0.00244, 0.00243, 0.04082, -0.00893, 0.01959, -0.02844, -0.02769, -0.01749, 0.02567, -0.01736, -0.0315, 0.00858, 0.02426, 0.13087, 0.04592, -0.02072, -0.01506, 0.05499, -0.05454, 0.01278, 0.04254, -0.0204, -0.05623, 0.00189, -0.01169, -0.00305, -0.03675, -0.04491, 0.05119, -0.02811, -0.0835, 0.03511, -0.02061], "insider": null, "inst": null, "short": {"fails": 42588, "prevFails": 3021, "trend": "rising", "level": "low"}, "ret": {"1w": -2.06, "1m": -9.7, "3m": -16.91, "6m": -5.13, "12m": -17.57}, "vol": 26.8, "beta": -0.07, "ff": {"MKT": 0.0, "SMB": 0.0, "HML": 0.0, "MOM": 0.0}, "flow": {"net1m": -0.408, "net3m": -0.291, "in": 7202824315, "out": 17132473231, "din": 1366240524, "dout": 0}, "fcf": 8849000448, "fcfY": 5.58, "opt": null, "mfi": 38.9, "atr": 3.03, "brk": 0, "hl": 42.9, "vr": 1.16, "jump": 0.15, "pvol": 25.3, "regime": "trending", "mb": {"DXY": -0.12, "VIX": 0.09}, "drv": "DXY", "ema21d": -2.46, "ema21sig": -0.37, "ema21sl": -2.29, "touch": {"up": {"d": 8.65, "p": 0.0}, "dn": {"d": 1.16, "p": 0.59}}, "odds": {"ema": 0.7, "emaDir": "reclaim", "hi": 0.0, "lo": 0.59, "mean": 0.1, "meanDir": "up", "beat": null, "drift": {"hi": -0.0, "lo": -0.36}, "tmed": {"hi": 252, "lo": 13.7}, "condHi": 0.0, "flip": 0.35}, "ev": -2.07, "z": {"val": 1.29, "mom": -0.71, "risk": -0.96, "size": 0.8, "fcf": 0.81, "flow": -1.68, "disloc": -0.99, "mfi": -0.53, "ema": -0.53, "contra": -0.65}, "disloc": -0.99, "contra": {"s": 0.18, "dir": "down", "conf": ["value"]}, "evPct": 3, "alerts": [], "val": {"pe": 7.503289, "fpe": 8.947378, "peg": 1.5431, "evb": 7.301, "epsg": -0.113, "revg": 0.029, "peSec": 18.1, "evSec": 10.4, "peV": "supported", "pegV": "supported", "overall": "supported", "reason": "PEG 1.5431 between 1.0 and 2.0 \u2014 multiple roughly fair for the growth rate. P/E 7.503289 is a 58% discount to sector 18.1 \u2014 relatively cheap, supported. Projected multiple: forward P/E 8.947378 vs trailing 7.503289 (+19%) \u2014 market prices multiple EXPANSION, i.e. earnings expected to fall or a re-rate higher. Price-to-(adjusted) EBITDA: EV/EBITDA 7.301 vs sector 10.4 (-30%). Earnings growth -11% NOT corroborated by revenue growth 3%."}, "deps": [{"f": "Communication sector", "corr": 0.72, "pcorr": 0.83, "sens": 2.66, "sig": true, "stab": "stable", "dir": "with", "lag": 0, "unexp": false}, {"f": "copper", "corr": -0.32, "pcorr": -0.32, "sens": -1.19, "sig": true, "stab": "stable", "dir": "against", "lag": 0, "unexp": false}], "macroR2": 8, "secRel": -9.11, "opp": -0.9, "oppPct": 9}