{"t": "TMO", "n": "Thermo Fisher", "sec": "Health Care", "idx": ["SPX"], "mcap": 174420541440, "wr": [-0.00377, -0.0085, 0.12106, 0.02265, -0.05938, 0.07985, 0.02067, -0.01352, 0.00281, 0.00392, -0.0201, -0.04548, 0.14316, 0.01852, 0.00393, 0.06545, -0.02743, 0.01755, 0.025, -0.01274, 0.03159, -0.03057, -0.00086, -0.00703, 0.03036, 0.06093, -0.02197, 0.04813, -0.04444, -0.07039, -0.06732, -0.02286, 0.00971, -0.00246, -0.08278, -0.01096, 0.03964, 0.00534, 0.00946, 0.06146, -0.10803, -0.00106, -0.00897, -0.05733, 0.02268, 0.10208, -0.04941, 0.00972, -0.00922], "insider": null, "inst": null, "short": {"fails": 11, "prevFails": 372, "trend": "falling", "level": "low"}, "ret": {"1w": -0.92, "1m": 4.81, "3m": -0.08, "6m": -17.76, "12m": 11.77}, "vol": 35.6, "beta": 1.1, "ff": {"MKT": 0.0, "SMB": 0.0, "HML": 0.0, "MOM": 0.0}, "flow": {"net1m": 0.13, "net3m": 0.053, "in": 12593258643, "out": 9688343351, "din": 576201759, "dout": 0}, "fcf": 5520625152, "fcfY": 3.17, "opt": null, "mfi": 45.9, "atr": 2.72, "brk": 0, "hl": 28.9, "vr": 1.17, "jump": 0.18, "pvol": 27.9, "regime": "trending", "mb": {"MKT": 0.21, "DXY": -0.07, "OIL": -0.2}, "drv": "MKT", "ema21d": -0.24, "ema21sig": -0.03, "ema21sl": -0.53, "touch": {"up": {"d": 4.84, "p": 0.17}, "dn": {"d": 2.46, "p": 0.44}}, "odds": {"ema": 0.98, "emaDir": "reclaim", "hi": 0.17, "lo": 0.44, "mean": 0.83, "meanDir": "up", "beat": null, "drift": {"hi": 0.04, "lo": -0.08}, "tmed": {"hi": 87.5, "lo": 27.5}, "condHi": 0.2, "flip": 0.46}, "ev": -0.71, "z": {"val": 0.39, "mom": -1.38, "risk": 0.7, "size": 0.8, "fcf": 0.19, "flow": 0.72, "disloc": 0.4, "mfi": -0.09, "ema": 0.19, "contra": 1.04}, "disloc": 0.4, "contra": {"s": 0.41, "dir": "down", "conf": ["flow", "value"]}, "evPct": 18, "alerts": [], "val": {"pe": 25.802639, "fpe": 17.223524, "peg": 1.5256, "evb": 18.809, "epsg": 0.113, "revg": 0.062, "peSec": 29.2, "evSec": 16.7, "peV": "supported", "pegV": "supported", "overall": "supported", "reason": "PEG 1.5256 between 1.0 and 2.0 \u2014 multiple roughly fair for the growth rate. P/E 25.802639 is a 12% discount to sector 29.2 \u2014 relatively cheap, supported. Projected multiple: forward P/E 17.223524 vs trailing 25.802639 (-33%) \u2014 market prices multiple COMPRESSION, i.e. earnings expected to grow into the price. Price-to-(adjusted) EBITDA: EV/EBITDA 18.809 vs sector 16.7 (+13%). Earnings growth 11% corroborated by revenue growth 6%."}, "deps": [{"f": "Health Care sector", "corr": 0.6, "pcorr": 0.57, "sens": 2.97, "sig": true, "stab": "fading", "dir": "with", "lag": 0, "unexp": false}, {"f": "S&P 500", "corr": 0.37, "pcorr": 0.37, "sens": 1.83, "sig": true, "stab": "stable", "dir": "with", "lag": 0, "unexp": false}, {"f": "WTI oil", "corr": -0.33, "pcorr": -0.27, "sens": -1.62, "sig": true, "stab": "stable", "dir": "against", "lag": 0, "unexp": false}, {"f": "credit (HYG)", "corr": 0.39, "pcorr": 0.21, "sens": 1.94, "sig": true, "stab": "stable", "dir": "with", "lag": 0, "unexp": false}, {"f": "US dollar", "corr": -0.28, "pcorr": -0.1, "sens": -1.36, "sig": true, "stab": "stable", "dir": "against", "lag": 0, "unexp": false}], "macroR2": 21, "secRel": -5.46, "opp": -0.56, "oppPct": 20}