{"t": "TMUS", "n": "T-Mobile", "sec": "Communication", "idx": ["NDX", "SPX"], "mcap": 199742521344, "wr": [-0.03809, -0.01537, 0.02269, 0.0327, -0.00977, 0.04857, 0.03257, -0.02954, 0.00656, -0.04256, -0.01061, -0.00373, -0.03278, -0.01708, 0.00106, -0.02853, -0.04246, -0.04576, 0.06746, -0.01892, -0.00221, 0.00297, -0.06903, 0.00804, 0.03263, -0.0224, -0.04496, -0.032, 0.01443, 0.08344, 0.03841, 0.02749, -0.00999, 0.03965, -0.02798, -0.03629, 0.0242, -0.04816, -0.02825, 0.01001, -0.03981, 0.03298, -0.01239, -0.04343, 0.03374, -0.01941, -0.0445, 0.05845, -0.02272], "insider": null, "inst": null, "short": {"fails": 916055, "prevFails": 43991, "trend": "rising", "level": "elevated"}, "ret": {"1w": -2.27, "1m": -3.08, "3m": -10.17, "6m": -4.46, "12m": -22.14}, "vol": 25.1, "beta": 0.1, "ff": {"MKT": 0.0, "SMB": 0.0, "HML": 0.0, "MOM": 0.0}, "flow": {"net1m": -0.008, "net3m": -0.136, "in": 10546764231, "out": 10721458271, "din": 1369772097, "dout": 0}, "fcf": 11147374592, "fcfY": 5.58, "opt": null, "mfi": 45.7, "atr": 3.04, "brk": 0, "hl": 62.0, "vr": 1.0, "jump": 0.23, "pvol": 27.1, "regime": "random-walk", "mb": {"DXY": -0.07}, "drv": "DXY", "ema21d": -0.14, "ema21sig": -0.02, "ema21sl": -0.8, "touch": {"up": {"d": 5.02, "p": 0.05}, "dn": {"d": 1.34, "p": 0.56}}, "odds": {"ema": 0.98, "emaDir": "reclaim", "hi": 0.05, "lo": 0.56, "mean": 0.6, "meanDir": "up", "beat": null, "drift": {"hi": 0.03, "lo": -0.25}, "tmed": {"hi": 182.4, "lo": 15.7}, "condHi": 0.05, "flip": 0.18}, "ev": -1.53, "z": {"val": 1.5, "mom": -0.68, "risk": -0.72, "size": 0.81, "fcf": 0.81, "flow": 0.1, "disloc": -0.01, "mfi": -0.1, "ema": 0.22, "contra": -0.65}, "disloc": -0.01, "contra": {"s": 0.18, "dir": "down", "conf": ["value"]}, "evPct": 6, "alerts": ["rising fails (squeeze watch)"], "val": {"pe": 19.593418, "fpe": 13.20674, "peg": 0.7137, "evb": 9.395, "epsg": -0.12, "revg": 0.106, "peSec": 18.1, "evSec": 10.4, "peV": "supported", "pegV": "supported", "overall": "supported", "reason": "PEG 0.7137 \u2264 1.0 \u2014 earnings growth more than covers the multiple (cheap for growth). P/E 19.593418 broadly in line with sector 18.1 \u2014 supported. Projected multiple: forward P/E 13.20674 vs trailing 19.593418 (-33%) \u2014 market prices multiple COMPRESSION, i.e. earnings expected to grow into the price. Price-to-(adjusted) EBITDA: EV/EBITDA 9.395 vs sector 10.4 (-10%). Earnings growth -12% NOT corroborated by revenue growth 11%."}, "deps": [{"f": "Communication sector", "corr": 0.69, "pcorr": 0.76, "sens": 2.4, "sig": true, "stab": "stable", "dir": "with", "lag": 0, "unexp": false}], "macroR2": 5, "secRel": -2.37, "opp": -0.46, "oppPct": 29}