{"t": "TSLA", "n": "Tesla", "sec": "Consumer Disc.", "idx": ["NDX", "SPX"], "mcap": 1433221726208, "wr": [-0.11678, -0.01606, 0.08716, 0.03385, -0.04065, 0.00273, 0.06086, -0.04561, 0.07935, -0.03166, 0.08945, 0.13026, 0.01569, 0.02978, -0.00106, -0.01559, 0.04718, -0.01978, 0.0132, -0.0985, -0.01682, 0.0884, 0.05772, 0.0087, 0.04846, -0.0448, -0.05805, 0.03289, -0.03524, 5e-05, -0.05899, 0.05483, -0.03867, -0.0076, -0.00742, -0.02599, -0.03724, -0.02154, -0.03096, -0.03228, 0.14807, -0.06071, 0.03859, 0.09603, -0.01426, 0.00893, -0.02378, -0.01666, 0.00538, -0.07185], "insider": null, "inst": null, "short": {"fails": 20080, "prevFails": 108771, "trend": "falling", "level": "low"}, "ret": {"1w": -7.18, "1m": -10.42, "3m": 0.34, "6m": -16.85, "12m": 12.08}, "vol": 40.2, "beta": 1.48, "ff": {"MKT": 0.0, "SMB": 0.0, "HML": 0.0, "MOM": 0.0}, "flow": {"net1m": 0.009, "net3m": 0.089, "in": 195728619674, "out": 192091495942, "din": 0, "dout": 18995504420}, "fcf": 5251999744, "fcfY": 0.37, "opt": {"pw": 370.0, "cw": 410.0, "pcr": 0.72, "gex": 390.0}, "mfi": 43.1, "atr": 5.1, "brk": 1, "hl": 25.0, "vr": 0.81, "jump": 0.0, "pvol": 41.0, "regime": "mean-revert", "mb": {"MKT": 0.36}, "drv": "MKT", "ema21d": -5.8, "ema21sig": -0.46, "ema21sl": -1.22, "touch": {"up": {"d": 3.27, "p": 0.23}, "dn": {"d": 1.97, "p": 0.41}}, "odds": {"ema": 0.64, "emaDir": "reclaim", "hi": 0.23, "lo": 0.41, "mean": 0.78, "meanDir": "up", "beat": null, "drift": {"hi": -0.22, "lo": 0.22}, "tmed": {"hi": 67.8, "lo": 32.0}, "condHi": 0.3, "flip": 0.26}, "ev": -0.28, "z": {"val": 0.49, "mom": -1.33, "risk": 1.24, "size": 0.97, "fcf": -0.52, "flow": 0.18, "disloc": -0.73, "mfi": -0.27, "ema": -0.72, "contra": 1.05}, "disloc": -0.73, "contra": {"s": 0.41, "dir": "down", "conf": ["flow", "value"]}, "evPct": 26, "alerts": ["ATR breakout", "mean-revert setup (cheap vs EMA21)"], "val": {"pe": 350.1009, "fpe": 152.64705, "peg": 5.7864, "evb": 126.65, "epsg": 0.083, "revg": 0.158, "peSec": 25.5, "evSec": 16.7, "peV": "rejected", "pegV": "rejected", "overall": "rejected", "reason": "PEG 5.7864 > 2.0 \u2014 price NOT justified by earnings growth (stretched). P/E 350.1009 sits 1271% above sector 25.5 without commensurate growth \u2014 REJECTED as rich. Projected multiple: forward P/E 152.64705 vs trailing 350.1009 (-56%) \u2014 market prices multiple COMPRESSION, i.e. earnings expected to grow into the price. Price-to-(adjusted) EBITDA: EV/EBITDA 126.65 vs sector 16.7 (+660%). Earnings growth 8% corroborated by revenue growth 16%."}, "deps": [{"f": "S&P 500", "corr": 0.44, "pcorr": 0.44, "sens": 2.45, "sig": true, "stab": "stable", "dir": "with", "lag": 0, "unexp": false}, {"f": "Consumer Disc. sector", "corr": 0.4, "pcorr": 0.14, "sens": 2.24, "sig": true, "stab": "stable", "dir": "with", "lag": 0, "unexp": false}, {"f": "credit (HYG)", "corr": 0.29, "pcorr": -0.01, "sens": 1.63, "sig": true, "stab": "stable", "dir": "with", "lag": 0, "unexp": false}], "macroR2": 22, "secRel": 3.03, "opp": -0.6, "oppPct": 19}