{"t": "TXN", "n": "Texas Instr.", "sec": "Technology", "idx": ["NDX", "SPX"], "mcap": 276995833856, "wr": [0.02823, 0.00116, -0.14028, 0.01756, -0.01196, 0.0397, 0.0387, 0.02341, -0.08848, -0.0157, -0.01481, 0.00231, 0.00154, -0.01843, -0.01945, -0.01875, -0.06783, 0.01439, 0.00527, -0.05486, 0.09744, 0.0848, -0.01709, -0.01745, -0.0034, 0.0934, -0.01858, 0.03119, 0.11193, 0.03796, 0.01633, -0.03756, -0.02486, -0.0689, -0.04005, -0.00926, 0.02719, 0.00755, 0.10191, 0.07027, 0.2059, 0.014, 0.02933, 0.05188, 0.02141, -0.05178, -0.00784, 0.07714, -0.02866], "insider": null, "inst": null, "short": {"fails": 56579, "prevFails": 203807, "trend": "falling", "level": "low"}, "ret": {"1w": -2.87, "1m": -1.57, "3m": 62.47, "6m": 71.61, "12m": 48.68}, "vol": 41.6, "beta": 1.16, "ff": {"MKT": 0.0, "SMB": 0.0, "HML": 0.0, "MOM": 0.0}, "flow": {"net1m": -0.046, "net3m": 0.143, "in": 27469411775, "out": 30122975877, "din": 0, "dout": 3209445610}, "fcf": 1068249984, "fcfY": 0.39, "opt": {"pw": 310.0, "cw": 325.0, "pcr": 1.09, "gex": 317.5}, "mfi": 53.6, "atr": 5.02, "brk": 1, "hl": 252, "vr": 0.9, "jump": 0.15, "pvol": 39.9, "regime": "random-walk", "mb": {"MKT": 0.31, "RATE": 0.16}, "drv": "MKT", "ema21d": 0.33, "ema21sig": 0.03, "ema21sl": 2.17, "touch": {"up": {"d": 1.83, "p": 0.46}, "dn": {"d": 7.78, "p": 0.0}}, "odds": {"ema": 0.98, "emaDir": "lose-support", "hi": 0.46, "lo": 0.0, "mean": 0.28, "meanDir": "down", "beat": null, "drift": {"hi": -0.54, "lo": -0.0}, "tmed": {"hi": 24.9, "lo": 252}, "condHi": 0.56, "flip": 0.5}, "ev": 4.22, "z": {"val": -0.38, "mom": 3.0, "risk": 0.78, "size": 0.84, "fcf": -0.51, "flow": -0.07, "disloc": -0.05, "mfi": 0.41, "ema": 0.32, "contra": 1.04}, "disloc": -0.05, "contra": {"s": 0.41, "dir": "up", "conf": ["flow", "value"]}, "evPct": 99, "alerts": ["positive edge +4.22%", "ATR breakout"], "val": {"pe": 52.027348, "fpe": 31.792423, "peg": 1.5857, "evb": 33.004, "epsg": 0.313, "revg": 0.186, "peSec": 30.6, "evSec": 28.1, "peV": "supported", "pegV": "supported", "overall": "supported", "reason": "PEG 1.5857 between 1.0 and 2.0 \u2014 multiple roughly fair for the growth rate. P/E 52.027348 broadly in line with sector 30.6 \u2014 supported. Projected multiple: forward P/E 31.792423 vs trailing 52.027348 (-39%) \u2014 market prices multiple COMPRESSION, i.e. earnings expected to grow into the price. Price-to-(adjusted) EBITDA: EV/EBITDA 33.004 vs sector 28.1 (+18%). Earnings growth 31% corroborated by revenue growth 19%."}, "deps": [{"f": "S&P 500", "corr": 0.34, "pcorr": 0.34, "sens": 1.93, "sig": true, "stab": "stable", "dir": "with", "lag": 0, "unexp": false}], "macroR2": 21, "secRel": 25.56, "opp": 1.85, "oppPct": 98}