{"t": "UNG", "n": "Natural Gas", "sec": "Commodity", "idx": ["FACTOR"], "mcap": 0, "wr": [-0.07015, -0.06023, 0.11268, -0.13228, -0.02626, 0.01423, -0.0842, -0.02177, 0.00495, 0.07465, -0.05191, 0.02013, -0.00631, 0.06831, -0.05279, -0.09105, 0.11658, -0.00851, 0.1053, 0.04517, -0.02633, 0.0215, 0.11134, -0.22236, -0.04242, 0.07055, -0.13563, 0.00355, 0.20495, 0.06525, -0.07364, -0.0847, -0.04221, -0.03559, 0.05888, 0.08216, -0.03681, -0.05732, -0.04139, -0.0511, 0.0065, -0.04889, 0.0388, -0.01307, 0.0719, -0.03442, 0.05484, -0.01473, 0.00528, 0.00612], "insider": null, "factor": true, "inst": null, "short": {"fails": 411551, "prevFails": 164631, "trend": "rising", "level": "moderate"}, "ret": {"1w": 0.61, "1m": 5.12, "3m": -8.44, "6m": -9.66, "12m": -29.23}, "vol": 54.6, "beta": -0.14, "ff": {"MKT": 0.0, "SMB": 0.0, "HML": 0.0, "MOM": 0.0}, "flow": {"net1m": 0.277, "net3m": 0.09, "in": 994419703, "out": 563357354, "din": 0, "dout": 64462870}, "fcf": null, "fcfY": null, "opt": null, "mfi": 64.6, "atr": 1.99, "brk": 1, "hl": 9.9, "vr": 0.8, "jump": 0.16, "pvol": null, "regime": "mean-revert", "mb": {"RATE": 0.05, "OIL": 0.06}, "drv": "OIL", "ema21d": 0.03, "ema21sig": 0.0, "ema21sl": 0.88, "touch": {"up": {"d": 3.4, "p": 0.71}, "dn": {"d": 5.89, "p": 0.48}}, "odds": {"ema": 1.0, "emaDir": "lose-support", "hi": 0.71, "lo": 0.48, "mean": 0.88, "meanDir": "down", "beat": null, "drift": {"hi": -0.1, "lo": 0.08}, "tmed": {"hi": 6.3, "lo": 22.9}, "condHi": 0.73, "flip": 0.33}, "ev": -0.82, "z": {"val": 1.24, "mom": -0.93, "risk": -1.07, "size": -1.26, "fcf": 0.0, "flow": 1.36, "disloc": 1.32, "mfi": 1.08, "ema": 0.21, "contra": -0.32}, "disloc": 1.32, "contra": {"s": 0.23, "dir": "up", "conf": ["momentum"]}, "evPct": 16, "alerts": ["breakout odds 71%", "ATR breakout"], "val": {"pe": null, "fpe": null, "peg": null, "evb": null, "epsg": null, "revg": null, "peSec": null, "evSec": null, "peV": null, "pegV": null, "overall": "n/a", "reason": "No positive trailing earnings \u2014 P/E and PEG not meaningful; judge on EV/EBITDA and cash flow."}, "deps": [{"f": "nat gas", "corr": 0.38, "pcorr": 0.39, "sens": 2.87, "sig": true, "stab": "stable", "dir": "with", "lag": 0, "unexp": false}], "macroR2": 5, "secRel": -8.44, "opp": -0.49, "oppPct": 25}