{"t": "UNH", "n": "UnitedHealth", "sec": "Health Care", "idx": ["DOW", "SPX"], "mcap": 371658096640, "wr": [0.06714, -0.07123, -0.0344, 7e-05, -0.09049, -0.07615, 0.10591, 0.10312, 0.01347, 0.02139, 0.13928, -0.04716, 0.03208, 0.02361, 0.03949, -0.02997, 0.0106, -0.04356, -0.06727, 0.03408, -0.06309, 0.05852, 0.00346, 0.03998, -0.04218, 0.00464, 0.06089, -0.0431, 0.04139, -0.15451, -0.06156, 0.01084, 0.03951, -0.01128, 0.00736, -0.03313, 0.01224, -0.04418, 0.03436, 0.09763, 0.0667, 0.09331, 0.03905, 0.03037, 0.0365, -0.01366, -0.02216, 0.07032, 0.01677, -0.00435], "insider": null, "inst": null, "short": {"fails": 18662, "prevFails": 30984, "trend": "falling", "level": "low"}, "ret": {"1w": -0.43, "1m": 5.95, "3m": 46.77, "6m": 21.34, "12m": 37.5}, "vol": 41.4, "beta": 1.02, "ff": {"MKT": 0.0, "SMB": 0.0, "HML": 0.0, "MOM": 0.0}, "flow": {"net1m": 0.17, "net3m": 0.248, "in": 33005125956, "out": 23396724347, "din": 2730434150, "dout": 0}, "fcf": 17687500800, "fcfY": 4.76, "opt": {"pw": 450.0, "cw": 185.0, "pcr": null, "gex": 317.5}, "mfi": 72.4, "atr": 2.45, "brk": 0, "hl": 52.1, "vr": 1.12, "jump": 0.21, "pvol": 22.0, "regime": "random-walk", "mb": {"MKT": 0.22}, "drv": "MKT", "ema21d": 3.3, "ema21sig": 0.28, "ema21sl": 1.38, "touch": {"up": {"d": 0.18, "p": 0.97}, "dn": {"d": 15.11, "p": 0.0}}, "odds": {"ema": 0.78, "emaDir": "lose-support", "hi": 0.97, "lo": 0.0, "mean": 0.23, "meanDir": "down", "beat": null, "drift": {"hi": 0.04, "lo": -0.0}, "tmed": {"hi": 0.1, "lo": 252}, "condHi": 0.94, "flip": 0.37}, "ev": 0.42, "z": {"val": -0.06, "mom": 0.68, "risk": 0.58, "size": 0.86, "fcf": 0.6, "flow": 0.91, "disloc": 0.77, "mfi": 1.62, "ema": 0.86, "contra": -0.68}, "disloc": 0.77, "contra": {"s": 0.18, "dir": "up", "conf": ["value"]}, "evPct": 61, "alerts": ["breakout odds 97%", "aligned uptrend"], "val": {"pe": 30.863499, "fpe": 19.552776, "peg": 1.4092, "evb": 19.837, "epsg": 0.007, "revg": 0.02, "peSec": 29.3, "evSec": 16.9, "peV": "supported", "pegV": "supported", "overall": "supported", "reason": "PEG 1.4092 between 1.0 and 2.0 \u2014 multiple roughly fair for the growth rate. P/E 30.863499 (5% premium to sector 29.3) is SUPPORTED by 1% earnings growth. Projected multiple: forward P/E 19.552776 vs trailing 30.863499 (-37%) \u2014 market prices multiple COMPRESSION, i.e. earnings expected to grow into the price. Price-to-(adjusted) EBITDA: EV/EBITDA 19.837 vs sector 16.9 (+18%). Earnings growth 1% corroborated by revenue growth 2%."}, "deps": [{"f": "Health Care sector", "corr": 0.41, "pcorr": 0.36, "sens": 2.37, "sig": true, "stab": "stable", "dir": "with", "lag": 0, "unexp": false}, {"f": "nat gas", "corr": -0.28, "pcorr": -0.33, "sens": -1.62, "sig": true, "stab": "stable", "dir": "against", "lag": 0, "unexp": false}, {"f": "S&P 500", "corr": 0.3, "pcorr": 0.3, "sens": 1.7, "sig": true, "stab": "stable", "dir": "with", "lag": 0, "unexp": false}], "macroR2": 10, "secRel": 41.39, "opp": 1.06, "oppPct": 94}