{"t": "UNH", "n": "UnitedHealth", "sec": "Health Care", "idx": ["DOW", "SPX"], "mcap": 371658096640, "wr": [-0.07123, -0.0344, 7e-05, -0.09049, -0.07615, 0.10591, 0.10312, 0.01347, 0.02139, 0.13928, -0.04716, 0.03208, 0.02361, 0.03949, -0.02997, 0.0106, -0.04356, -0.06727, 0.03408, -0.06309, 0.05852, 0.00346, 0.03998, -0.04218, 0.00464, 0.06089, -0.0431, 0.04139, -0.15451, -0.06156, 0.01084, 0.03951, -0.01128, 0.00736, -0.03313, 0.01224, -0.04418, 0.03436, 0.09763, 0.0667, 0.09331, 0.03905, 0.03037, 0.0365, -0.01366, -0.02216, 0.07032, 0.01677, -0.00435], "insider": null, "inst": null, "short": {"fails": 18662, "prevFails": 30984, "trend": "falling", "level": "low"}, "ret": {"1w": -0.43, "1m": 5.95, "3m": 46.77, "6m": 21.34, "12m": 28.85}, "vol": 41.4, "beta": 0.98, "ff": {"MKT": 0.0, "SMB": 0.0, "HML": 0.0, "MOM": 0.0}, "flow": {"net1m": 0.163, "net3m": 0.246, "in": 32507914626, "out": 23396724347, "din": 2233222820, "dout": 0}, "fcf": 17687500800, "fcfY": 4.76, "opt": {"pw": 385.0, "cw": 420.0, "pcr": 1.08, "gex": 402.5}, "mfi": 72.1, "atr": 2.45, "brk": 0, "hl": 52.1, "vr": 1.12, "jump": 0.21, "pvol": 22.0, "regime": "random-walk", "mb": {"MKT": 0.2}, "drv": "MKT", "ema21d": 3.3, "ema21sig": 0.28, "ema21sl": 1.38, "touch": {"up": {"d": 0.18, "p": 0.97}, "dn": {"d": 15.12, "p": 0.0}}, "odds": {"ema": 0.78, "emaDir": "lose-support", "hi": 0.97, "lo": 0.0, "mean": 0.23, "meanDir": "down", "beat": null, "drift": {"hi": 0.04, "lo": -0.0}, "tmed": {"hi": 0.1, "lo": 252}, "condHi": 0.95, "flip": 0.37}, "ev": 0.42, "z": {"val": 0.05, "mom": 0.68, "risk": 0.53, "size": 0.86, "fcf": 0.6, "flow": 0.87, "disloc": 0.52, "mfi": 1.59, "ema": 0.85, "contra": -1.97}, "disloc": 0.52, "contra": {"s": 0.0, "dir": "up", "conf": []}, "evPct": 61, "alerts": ["breakout odds 97%", "aligned uptrend"], "val": {"pe": 30.770676, "fpe": 19.552776, "peg": 1.4092, "evb": 19.837, "epsg": 0.007, "revg": 0.02, "peSec": 29.2, "evSec": 16.7, "peV": "supported", "pegV": "supported", "overall": "supported", "reason": "PEG 1.4092 between 1.0 and 2.0 \u2014 multiple roughly fair for the growth rate. P/E 30.770676 (5% premium to sector 29.2) is SUPPORTED by 1% earnings growth. Projected multiple: forward P/E 19.552776 vs trailing 30.770676 (-36%) \u2014 market prices multiple COMPRESSION, i.e. earnings expected to grow into the price. Price-to-(adjusted) EBITDA: EV/EBITDA 19.837 vs sector 16.7 (+19%). Earnings growth 1% corroborated by revenue growth 2%."}, "deps": [{"f": "Health Care sector", "corr": 0.4, "pcorr": 0.35, "sens": 2.28, "sig": true, "stab": "stable", "dir": "with", "lag": 0, "unexp": false}, {"f": "S&P 500", "corr": 0.28, "pcorr": 0.28, "sens": 1.62, "sig": true, "stab": "stable", "dir": "with", "lag": 0, "unexp": false}], "macroR2": 10, "secRel": 41.39, "opp": 1.06, "oppPct": 94}