{"t": "UNP", "n": "Union Pacific", "sec": "Industrials", "idx": ["SPX"], "mcap": 153540165632, "wr": [0.03361, 0.00391, -0.02245, -0.00078, -0.02476, 0.0008, -0.01011, 0.0112, -0.02096, 0.01585, -0.03147, 0.02, 0.05282, 0.01086, -0.01271, -0.03239, -0.01785, -0.0055, -0.00384, 0.01601, -0.00122, 0.04801, 0.02095, 0.01972, -0.02384, 0.00128, -0.00388, -0.01853, 0.00044, -0.00732, 0.09683, 0.05225, 0.00061, 0.00943, -0.01466, -0.06188, -0.04064, 0.02139, 0.02308, 0.0237, 0.00251, 0.06992, -0.00886, -0.00627, 0.02233, -0.0173, -0.0038, 0.01962, -0.00502, -0.03258], "insider": null, "inst": null, "short": {"fails": 6540, "prevFails": 65136, "trend": "falling", "level": "low"}, "ret": {"1w": -3.26, "1m": -2.23, "3m": 11.01, "6m": 8.9, "12m": 16.05}, "vol": 20.5, "beta": 0.27, "ff": {"MKT": 0.0, "SMB": 0.0, "HML": 0.0, "MOM": 0.0}, "flow": {"net1m": -0.022, "net3m": 0.132, "in": 7898050371, "out": 8253603579, "din": 0, "dout": 540494869}, "fcf": 4034374912, "fcfY": 2.63, "opt": null, "mfi": 38.5, "atr": 2.54, "brk": 0, "hl": 47.8, "vr": 0.85, "jump": 0.06, "pvol": 24.8, "regime": "mean-revert", "mb": {"MKT": 0.08}, "drv": "MKT", "ema21d": -2.17, "ema21sig": -0.34, "ema21sl": -1.02, "touch": {"up": {"d": 2.94, "p": 0.25}, "dn": {"d": 3.2, "p": 0.18}}, "odds": {"ema": 0.73, "emaDir": "reclaim", "hi": 0.25, "lo": 0.18, "mean": 0.98, "meanDir": "up", "beat": null, "drift": {"hi": -0.04, "lo": 0.03}, "tmed": {"hi": 60.2, "lo": 83.5}, "condHi": 0.27, "flip": 0.19}, "ev": 0.4, "z": {"val": 0.05, "mom": 0.03, "risk": -0.49, "size": 0.79, "fcf": 0.06, "flow": 0.04, "disloc": -0.75, "mfi": -0.56, "ema": -0.46, "contra": 1.05}, "disloc": -0.75, "contra": {"s": 0.41, "dir": "down", "conf": ["momentum", "value"]}, "evPct": 60, "alerts": [], "val": {"pe": 21.284773, "fpe": 18.87463, "peg": 3.1735, "evb": 14.62, "epsg": 0.062, "revg": 0.032, "peSec": 34.3, "evSec": 17.8, "peV": "supported", "pegV": "rejected", "overall": "mixed", "reason": "PEG 3.1735 > 2.0 \u2014 price NOT justified by earnings growth (stretched). P/E 21.284773 is a 38% discount to sector 34.3 \u2014 relatively cheap, supported. Projected multiple: forward P/E 18.87463 vs trailing 21.284773 (-11%) \u2014 market prices multiple COMPRESSION, i.e. earnings expected to grow into the price. Price-to-(adjusted) EBITDA: EV/EBITDA 14.62 vs sector 17.8 (-18%). Earnings growth 6% corroborated by revenue growth 3%."}, "deps": [{"f": "nat gas", "corr": -0.3, "pcorr": -0.33, "sens": -0.86, "sig": true, "stab": "stable", "dir": "against", "lag": 0, "unexp": false}, {"f": "Industrials sector", "corr": 0.36, "pcorr": 0.33, "sens": 1.03, "sig": true, "stab": "stable", "dir": "with", "lag": 0, "unexp": false}], "macroR2": 3, "secRel": 2.55, "opp": -0.07, "oppPct": 46}