{"t": "UPS", "n": "UPS", "sec": "Industrials", "idx": ["SPX"], "mcap": 89956163584, "wr": [0.03826, -0.02221, -0.02467, 0.03914, -0.15793, -0.01067, 0.02238, 0.00456, 0.01058, -0.03847, 0.00201, 0.00473, -0.02904, 0.03621, -0.00339, 0.00422, 0.01623, 0.09227, -0.01536, 0.02532, -0.03668, 0.05414, -0.0096, 0.06377, 0.00991, -0.02198, 0.05558, 0.01293, 0.01783, -0.04406, 0.12575, 0.02793, -0.02374, 0.00943, -0.10769, -0.05938, -0.01359, 0.00973, 0.00697, 0.03585, 0.04661, 0.00545, 0.00514, -0.06312, -0.01836, 0.03834, 0.07919, -0.01211, 0.01049, -0.02757], "insider": null, "inst": null, "short": {"fails": 98972, "prevFails": 64005, "trend": "rising", "level": "low"}, "ret": {"1w": -2.76, "1m": 4.76, "3m": 11.45, "6m": 8.12, "12m": 12.41}, "vol": 33.6, "beta": 0.89, "ff": {"MKT": 0.0, "SMB": 0.0, "HML": 0.0, "MOM": 0.0}, "flow": {"net1m": 0.119, "net3m": 0.156, "in": 7042569076, "out": 5546569941, "din": 0, "dout": 418274033}, "fcf": 4625500160, "fcfY": 5.14, "opt": null, "mfi": 46.8, "atr": 2.99, "brk": 0, "hl": 49.4, "vr": 1.12, "jump": 0.23, "pvol": 26.9, "regime": "random-walk", "mb": {"MKT": 0.13, "DXY": -0.17, "OIL": -0.07}, "drv": "DXY", "ema21d": -0.09, "ema21sig": -0.01, "ema21sl": 0.34, "touch": {"up": {"d": 1.39, "p": 0.65}, "dn": {"d": 3.99, "p": 0.15}}, "odds": {"ema": 0.99, "emaDir": "reclaim", "hi": 0.65, "lo": 0.15, "mean": 0.67, "meanDir": "down", "beat": null, "drift": {"hi": -0.11, "lo": 0.04}, "tmed": {"hi": 9.8, "lo": 95.1}, "condHi": 0.71, "flip": 0.27}, "ev": 0.91, "z": {"val": 0.45, "mom": -0.03, "risk": 0.37, "size": 0.71, "fcf": 0.69, "flow": 0.64, "disloc": 0.82, "mfi": -0.08, "ema": 0.19, "contra": 1.07}, "disloc": 0.82, "contra": {"s": 0.41, "dir": "down", "conf": ["flow", "value"]}, "evPct": 77, "alerts": ["breakout odds 65%"], "val": {"pe": 17.124596, "fpe": 13.224849, "peg": 1.6924, "evb": 9.637, "epsg": -0.272, "revg": -0.016, "peSec": 34.2, "evSec": 17.4, "peV": "supported", "pegV": "supported", "overall": "supported", "reason": "PEG 1.6924 between 1.0 and 2.0 \u2014 multiple roughly fair for the growth rate. P/E 17.124596 is a 50% discount to sector 34.2 \u2014 relatively cheap, supported. Projected multiple: forward P/E 13.224849 vs trailing 17.124596 (-23%) \u2014 market prices multiple COMPRESSION, i.e. earnings expected to grow into the price. Price-to-(adjusted) EBITDA: EV/EBITDA 9.637 vs sector 17.4 (-45%). Earnings growth -27% NOT corroborated by revenue growth -2%."}, "deps": [{"f": "Industrials sector", "corr": 0.67, "pcorr": 0.62, "sens": 3.12, "sig": true, "stab": "stable", "dir": "with", "lag": 0, "unexp": false}, {"f": "nat gas", "corr": -0.29, "pcorr": -0.35, "sens": -1.34, "sig": true, "stab": "stable", "dir": "against", "lag": 1, "unexp": false}, {"f": "S&P 500", "corr": 0.32, "pcorr": 0.32, "sens": 1.47, "sig": true, "stab": "stable", "dir": "with", "lag": 0, "unexp": false}, {"f": "credit (HYG)", "corr": 0.38, "pcorr": 0.24, "sens": 1.78, "sig": true, "stab": "stable", "dir": "with", "lag": 0, "unexp": false}, {"f": "US dollar", "corr": -0.33, "pcorr": -0.2, "sens": -1.52, "sig": true, "stab": "fading", "dir": "against", "lag": 0, "unexp": false}], "macroR2": 16, "secRel": 2.99, "opp": 0.19, "oppPct": 61}