{"t": "V", "n": "Visa", "sec": "Financials", "idx": ["DOW", "SPX"], "mcap": 624684826624, "wr": [0.01092, 0.00644, -0.02197, 0.0154, -0.01233, -0.03183, 0.01005, 0.00403, 0.01867, 0.00183, -0.02137, -0.01546, -0.00961, 0.0329, 0.00315, -0.03354, 0.03148, -0.00269, -0.02339, -0.00064, -0.03663, 0.03296, -0.00957, 0.05008, 0.00408, 0.01535, 0.00832, -0.08301, -0.00793, 0.00523, 0.00908, -9e-05, -0.03131, -0.00699, 0.00979, -0.04159, -0.02215, 0.01942, -0.01548, 0.01184, 0.0416, -0.02397, 0.06014, -0.02817, 0.02395, 0.00961, -0.01858, -0.0096, 0.01298, 0.01439], "insider": null, "inst": null, "short": {"fails": 80917, "prevFails": 77333, "trend": "flat", "level": "low"}, "ret": {"1w": 1.44, "1m": -0.12, "3m": 9.83, "6m": -5.17, "12m": -5.85}, "vol": 18.4, "beta": 0.58, "ff": {"MKT": 0.0, "SMB": 0.0, "HML": 0.0, "MOM": 0.0}, "flow": {"net1m": -0.151, "net3m": 0.001, "in": 23843394072, "out": 32344192878, "din": 3612420489, "dout": 0}, "fcf": 20839749632, "fcfY": 3.34, "opt": {"pw": 325.0, "cw": 350.0, "pcr": 0.48, "gex": 337.5}, "mfi": 56.8, "atr": 2.12, "brk": 0, "hl": 15.1, "vr": 0.74, "jump": 0.0, "pvol": 19.8, "regime": "mean-revert", "mb": {"MKT": 0.1, "DXY": -0.12, "VIX": -0.25}, "drv": "VIX", "ema21d": 1.11, "ema21sig": 0.18, "ema21sl": 0.77, "touch": {"up": {"d": 0.82, "p": 0.78}, "dn": {"d": 4.81, "p": 0.08}}, "odds": {"ema": 0.86, "emaDir": "lose-support", "hi": 0.78, "lo": 0.08, "mean": 0.58, "meanDir": "down", "beat": null, "drift": {"hi": 0.07, "lo": -0.02}, "tmed": {"hi": 3.6, "lo": 142.7}, "condHi": 0.87, "flip": 0.39}, "ev": 0.53, "z": {"val": 1.05, "mom": -0.72, "risk": -0.05, "size": 0.9, "fcf": 0.24, "flow": -0.54, "disloc": 0.95, "mfi": 0.61, "ema": 0.64, "contra": 1.35}, "disloc": 0.95, "contra": {"s": 0.45, "dir": "up", "conf": ["momentum", "flow"]}, "evPct": 65, "alerts": ["breakout odds 78%"], "val": {"pe": 28.663177, "fpe": 22.099403, "peg": 1.4334, "evb": 20.887, "epsg": 0.355, "revg": 0.171, "peSec": 20.2, "evSec": 20.7, "peV": "supported", "pegV": "supported", "overall": "supported", "reason": "PEG 1.4334 between 1.0 and 2.0 \u2014 multiple roughly fair for the growth rate. P/E 28.663177 (42% premium to sector 20.2) is SUPPORTED by 36% earnings growth. Projected multiple: forward P/E 22.099403 vs trailing 28.663177 (-23%) \u2014 market prices multiple COMPRESSION, i.e. earnings expected to grow into the price. Price-to-(adjusted) EBITDA: EV/EBITDA 20.887 vs sector 20.7 (+1%). Earnings growth 36% corroborated by revenue growth 17%."}, "deps": [{"f": "Financials sector", "corr": 0.61, "pcorr": 0.52, "sens": 1.55, "sig": true, "stab": "stable", "dir": "with", "lag": 0, "unexp": false}, {"f": "S&P 500", "corr": 0.38, "pcorr": 0.38, "sens": 0.96, "sig": true, "stab": "stable", "dir": "with", "lag": 0, "unexp": false}, {"f": "VIX", "corr": -0.43, "pcorr": -0.28, "sens": -1.09, "sig": true, "stab": "stable", "dir": "against", "lag": 0, "unexp": false}, {"f": "US dollar", "corr": -0.34, "pcorr": -0.18, "sens": -0.87, "sig": true, "stab": "stable", "dir": "against", "lag": 0, "unexp": true}], "macroR2": 25, "secRel": -9.42, "opp": -0.11, "oppPct": 45}