{"t": "VZ", "n": "Verizon", "sec": "Communication", "idx": ["DOW", "SPX"], "mcap": 195123871744, "wr": [0.02463, -0.0245, -0.01626, 0.03855, -0.0056, -0.00587, 0.03211, 0.03089, -0.01753, -0.00203, -0.00091, -0.01065, -0.00733, 0.00115, -0.05922, 0.00548, -0.04856, 0.01458, 0.02207, 0.0324, -0.00851, 0.00859, 0.01411, -0.01919, -0.02617, 0.01657, -0.00445, -0.01522, 0.0059, 0.00433, 0.19284, 0.04169, -0.00674, 0.00514, 0.04684, -0.01075, -0.02271, 0.02546, -0.02641, -0.054, 0.01108, -0.00365, 0.0373, -0.0185, -0.018, 0.0427, -0.01282, -0.04798, 0.03587, -0.00722], "insider": null, "inst": null, "short": {"fails": 104969, "prevFails": 307168, "trend": "falling", "level": "moderate"}, "ret": {"1w": -0.72, "1m": -3.35, "3m": -4.14, "6m": 18.01, "12m": 17.0}, "vol": 26.9, "beta": -0.19, "ff": {"MKT": 0.0, "SMB": 0.0, "HML": 0.0, "MOM": 0.0}, "flow": {"net1m": -0.322, "net3m": -0.206, "in": 8173622736, "out": 15925097434, "din": 1057382738, "dout": 0}, "fcf": 19608500224, "fcfY": 10.05, "opt": null, "mfi": 31.6, "atr": 2.8, "brk": 0, "hl": 59.8, "vr": 1.03, "jump": 0.2, "pvol": 24.2, "regime": "random-walk", "mb": {}, "drv": null, "ema21d": 0.21, "ema21sig": 0.03, "ema21sl": -0.82, "touch": {"up": {"d": 2.62, "p": 0.28}, "dn": {"d": 1.42, "p": 0.54}}, "odds": {"ema": 0.98, "emaDir": "lose-support", "hi": 0.28, "lo": 0.54, "mean": 0.86, "meanDir": "up", "beat": null, "drift": {"hi": 0.16, "lo": -0.33}, "tmed": {"hi": 53.4, "lo": 17.6}, "condHi": 0.28, "flip": 0.39}, "ev": -0.1, "z": {"val": 0.19, "mom": 0.5, "risk": -1.15, "size": 0.81, "fcf": 1.94, "flow": -1.31, "disloc": -0.38, "mfi": -1.0, "ema": 0.33, "contra": 0.68}, "disloc": -0.38, "contra": {"s": 0.36, "dir": "up", "conf": ["flow", "MFI"]}, "evPct": 32, "alerts": [], "val": {"pe": 11.397561, "fpe": 8.873352, "peg": 0.8507, "evb": 7.611, "epsg": 0.043, "revg": 0.029, "peSec": 18.1, "evSec": 10.5, "peV": "supported", "pegV": "supported", "overall": "supported", "reason": "PEG 0.8507 \u2264 1.0 \u2014 earnings growth more than covers the multiple (cheap for growth). P/E 11.397561 (37% discount to sector 18.1) is SUPPORTED by 4% earnings growth. Projected multiple: forward P/E 8.873352 vs trailing 11.397561 (-22%) \u2014 market prices multiple COMPRESSION, i.e. earnings expected to grow into the price. Price-to-(adjusted) EBITDA: EV/EBITDA 7.611 vs sector 10.5 (-27%). Earnings growth 4% corroborated by revenue growth 3%."}, "deps": [{"f": "Communication sector", "corr": 0.61, "pcorr": 0.75, "sens": 2.26, "sig": true, "stab": "stable", "dir": "with", "lag": 0, "unexp": false}, {"f": "gold", "corr": -0.37, "pcorr": -0.36, "sens": -1.37, "sig": true, "stab": "stable", "dir": "against", "lag": 0, "unexp": false}], "macroR2": 4, "secRel": 3.66, "opp": 0.21, "oppPct": 63}