{"t": "WFC", "n": "Wells Fargo", "sec": "Financials", "idx": ["SPX"], "mcap": 257453735936, "wr": [0.04327, 0.00368, -0.02299, 0.04743, -0.02294, -0.05099, 0.0095, 0.00347, 0.05553, -0.00812, -0.00709, 0.02769, 0.00982, -0.0453, -0.00758, 0.05145, 0.00548, 0.01812, 0.00058, -0.0104, -0.02715, 0.04187, 0.04636, 0.03262, 0.0027, 0.01623, 0.01978, -0.02936, -0.07952, 0.02218, 0.05805, -0.04029, -0.01551, -0.0145, -0.04855, -0.08355, 0.01515, 0.03443, 0.01999, 0.05955, -0.04672, -0.02444, 0.0175, -0.05863, -0.02935, 0.04059, 0.01008, 0.04911, 0.02693, 0.01191], "insider": null, "inst": null, "short": {"fails": 101558, "prevFails": 856, "trend": "rising", "level": "moderate"}, "ret": {"1w": 1.19, "1m": 10.12, "3m": 10.76, "6m": -8.34, "12m": 10.07}, "vol": 25.9, "beta": 0.3, "ff": {"MKT": 0.0, "SMB": 0.0, "HML": 0.0, "MOM": 0.0}, "flow": {"net1m": 0.142, "net3m": 0.1, "in": 15166265843, "out": 11400232559, "din": 600923240, "dout": 0}, "fcf": null, "fcfY": null, "opt": {"pw": 84.0, "cw": 83.0, "pcr": 0.54, "gex": 83.5}, "mfi": 66.5, "atr": 2.48, "brk": 0, "hl": 17.7, "vr": 0.98, "jump": 0.05, "pvol": 23.3, "regime": "random-walk", "mb": {"DXY": -0.05, "VIX": -0.29}, "drv": "VIX", "ema21d": 3.33, "ema21sig": 0.43, "ema21sl": 1.8, "touch": {"up": {"d": 0.97, "p": 0.76}, "dn": {"d": 5.13, "p": 0.08}}, "odds": {"ema": 0.67, "emaDir": "lose-support", "hi": 0.76, "lo": 0.08, "mean": 0.48, "meanDir": "down", "beat": null, "drift": {"hi": 0.03, "lo": -0.01}, "tmed": {"hi": 4.3, "lo": 143.5}, "condHi": 0.87, "flip": 0.23}, "ev": 0.8, "z": {"val": 0.41, "mom": -0.88, "risk": -0.45, "size": 0.83, "fcf": 0.0, "flow": 0.77, "disloc": 1.52, "mfi": 1.24, "ema": 1.18, "contra": -0.3}, "disloc": 1.52, "contra": {"s": 0.23, "dir": "up", "conf": ["momentum"]}, "evPct": 72, "alerts": ["breakout odds 76%"], "val": {"pe": 12.96302, "fpe": 10.65058, "peg": 1.4802, "evb": null, "epsg": 0.151, "revg": 0.057, "peSec": 20.2, "evSec": 20.7, "peV": "supported", "pegV": "supported", "overall": "supported", "reason": "PEG 1.4802 between 1.0 and 2.0 \u2014 multiple roughly fair for the growth rate. P/E 12.96302 (36% discount to sector 20.2) is SUPPORTED by 15% earnings growth. Projected multiple: forward P/E 10.65058 vs trailing 12.96302 (-18%) \u2014 market prices multiple COMPRESSION, i.e. earnings expected to grow into the price. Earnings growth 15% corroborated by revenue growth 6%."}, "deps": [{"f": "Financials sector", "corr": 0.75, "pcorr": 0.81, "sens": 2.7, "sig": true, "stab": "stable", "dir": "with", "lag": 0, "unexp": false}, {"f": "VIX", "corr": -0.4, "pcorr": -0.39, "sens": -1.43, "sig": true, "stab": "stable", "dir": "against", "lag": 0, "unexp": false}, {"f": "credit (HYG)", "corr": 0.28, "pcorr": 0.25, "sens": 0.99, "sig": true, "stab": "stable", "dir": "with", "lag": 0, "unexp": false}], "macroR2": 21, "secRel": -8.49, "opp": 0.07, "oppPct": 55}