{"t": "WMT", "n": "Walmart", "sec": "Consumer Staples", "idx": ["DOW", "SPX"], "mcap": 950353788928, "wr": [0.00245, -0.01456, -0.01715, 0.00557, 0.01996, 0.05912, -0.02293, 0.01802, -0.06327, 0.05048, 0.01704, 0.00925, -0.00531, -0.0131, 0.00069, 0.04618, 0.00366, -0.04333, -0.00538, 0.00846, 0.04457, 0.03174, 0.04163, 0.01588, -0.02005, -0.016, 0.01608, 0.05265, -0.00831, -0.02337, 0.09805, 0.00602, -0.03029, -0.0036, -0.00892, 0.01638, -0.03383, 0.01107, 0.02955, 0.00779, 0.00576, 0.01898, 0.01293, -0.007, 0.00782, -0.08505, -0.04714, 0.04564, 0.00826, -0.01159], "insider": null, "inst": null, "short": {"fails": 131590, "prevFails": 28978, "trend": "rising", "level": "moderate"}, "ret": {"1w": -1.16, "1m": -0.71, "3m": -0.99, "6m": 2.74, "12m": 22.88}, "vol": 23.1, "beta": -0.42, "ff": {"MKT": 0.0, "SMB": 0.0, "HML": 0.0, "MOM": 0.0}, "flow": {"net1m": -0.067, "net3m": 0.099, "in": 27872846788, "out": 31907771825, "din": 2794774275, "dout": 0}, "fcf": 6862249984, "fcfY": 0.72, "opt": {"pw": 70.0, "cw": 65.0, "pcr": null, "gex": 67.5}, "mfi": 69.6, "atr": 2.36, "brk": 0, "hl": 54.6, "vr": 1.03, "jump": 0.24, "pvol": 22.8, "regime": "random-walk", "mb": {"MKT": -0.09, "RATE": -0.09, "VIX": 0.13}, "drv": "VIX", "ema21d": -0.65, "ema21sig": -0.09, "ema21sl": -0.85, "touch": {"up": {"d": 5.25, "p": 0.09}, "dn": {"d": 2.26, "p": 0.43}}, "odds": {"ema": 0.92, "emaDir": "reclaim", "hi": 0.09, "lo": 0.43, "mean": 0.54, "meanDir": "up", "beat": null, "drift": {"hi": 0.04, "lo": -0.17}, "tmed": {"hi": 132.6, "lo": 29.2}, "condHi": 0.1, "flip": 0.47}, "ev": -1.18, "z": {"val": -0.13, "mom": -0.3, "risk": -1.48, "size": 0.94, "fcf": -0.43, "flow": -0.16, "disloc": -0.41, "mfi": 1.44, "ema": 0.07, "contra": -0.98}, "disloc": -0.41, "contra": {"s": 0.14, "dir": "down", "conf": ["MFI"]}, "evPct": 9, "alerts": [], "val": {"pe": 42.049297, "fpe": 36.328568, "peg": 4.6127, "evb": 22.789, "epsg": 0.194, "revg": 0.073, "peSec": 27.7, "evSec": 18.2, "peV": "rejected", "pegV": "rejected", "overall": "rejected", "reason": "PEG 4.6127 > 2.0 \u2014 price NOT justified by earnings growth (stretched). P/E 42.049297 sits 52% above sector 27.7 without commensurate growth \u2014 REJECTED as rich. Projected multiple: forward P/E 36.328568 vs trailing 42.049297 (-14%) \u2014 market prices multiple COMPRESSION, i.e. earnings expected to grow into the price. Price-to-(adjusted) EBITDA: EV/EBITDA 22.789 vs sector 18.2 (+25%). Earnings growth 19% corroborated by revenue growth 7%."}, "deps": [{"f": "Consumer Staples sector", "corr": 0.59, "pcorr": 0.61, "sens": 1.88, "sig": true, "stab": "stable", "dir": "with", "lag": 0, "unexp": false}, {"f": "nat gas", "corr": -0.34, "pcorr": -0.32, "sens": -1.08, "sig": true, "stab": "stable", "dir": "against", "lag": 0, "unexp": false}], "macroR2": 12, "secRel": -4.66, "opp": -0.39, "oppPct": 34}