{"t": "XLE", "n": "Energy", "sec": "Sector", "idx": ["FACTOR"], "mcap": 0, "wr": [0.03042, -0.02192, 0.0079, 0.01002, -0.03376, 0.01086, 0.00175, 0.03998, -0.00157, 0.00056, 0.00651, 0.02472, -0.02973, -0.00769, -0.02826, 0.04327, -0.01663, 0.00892, 0.02504, -0.0179, 0.01789, 0.01537, -0.00893, -0.03032, 0.01972, 0.02286, 0.0298, 0.03723, 0.02667, 0.05554, 0.0407, 0.00364, -0.00236, 0.02598, 0.01824, 0.03217, 0.04316, -0.0369, -0.03899, -0.03372, 0.03362, 0.03482, -0.05353, 0.06715, 0.00084, -0.03681, 0.01798, -0.04766, -0.01255], "insider": null, "factor": true, "inst": null, "short": {"fails": 406665, "prevFails": 794170, "trend": "falling", "level": "moderate"}, "ret": {"1w": -1.26, "1m": -7.79, "3m": -6.99, "6m": 22.35, "12m": 31.43}, "vol": 20.9, "beta": -0.45, "ff": {"MKT": 0.0, "SMB": 0.0, "HML": 0.0, "MOM": 0.0}, "flow": {"net1m": -0.172, "net3m": -0.082, "in": 17615455967, "out": 24924333823, "din": 1879141887, "dout": 0}, "fcf": null, "fcfY": null, "opt": null, "mfi": 45.7, "atr": 1.4, "brk": 0, "hl": 119.0, "vr": 1.01, "jump": 0.01, "pvol": null, "regime": "random-walk", "mb": {"MKT": -0.17, "VIX": -0.13, "OIL": 0.39}, "drv": "OIL", "ema21d": -2.98, "ema21sig": -0.5, "ema21sl": -2.05, "touch": {"up": {"d": 10.03, "p": 0.03}, "dn": {"d": 1.41, "p": 0.74}}, "odds": {"ema": 0.62, "emaDir": "reclaim", "hi": 0.03, "lo": 0.74, "mean": 0.37, "meanDir": "up", "beat": null, "drift": {"hi": 0.01, "lo": -0.09}, "tmed": {"hi": 220.8, "lo": 5.1}, "condHi": 0.05, "flip": 0.19}, "ev": -1.04, "z": {"val": -0.68, "mom": 0.73, "risk": -1.49, "size": -1.2, "fcf": 0.0, "flow": -0.63, "disloc": -1.64, "mfi": -0.1, "ema": -0.8, "contra": -0.28}, "disloc": -1.64, "contra": {"s": 0.23, "dir": "down", "conf": ["momentum"]}, "evPct": 12, "alerts": ["breakdown odds 74%"], "val": {"pe": null, "fpe": null, "peg": null, "evb": null, "epsg": null, "revg": null, "peSec": null, "evSec": null, "peV": null, "pegV": null, "overall": "n/a", "reason": "No positive trailing earnings \u2014 P/E and PEG not meaningful; judge on EV/EBITDA and cash flow."}, "deps": [{"f": "WTI oil", "corr": 0.5, "pcorr": 0.47, "sens": 1.43, "sig": true, "stab": "stable", "dir": "with", "lag": 0, "unexp": false}, {"f": "credit (HYG)", "corr": -0.35, "pcorr": -0.25, "sens": -1.01, "sig": true, "stab": "stable", "dir": "against", "lag": 0, "unexp": true}], "macroR2": 34, "secRel": -6.99, "opp": -0.41, "oppPct": 32}