{"t": "XLP", "n": "Consumer Staples", "sec": "Sector", "idx": ["FACTOR"], "mcap": 0, "wr": [-0.01415, -0.00582, 0.01618, -0.01445, 0.01429, 0.01237, 0.00714, -0.02944, -0.00161, -0.00062, -0.01303, -0.01554, 0.00219, 0.00128, 0.0082, 0.00852, -0.03592, -0.01176, 0.02275, -0.00336, 0.02998, -0.01147, 0.01224, -0.00806, 0.00163, -0.01035, 0.04699, 0.0164, -0.00146, 0.05673, 0.01621, -0.00826, 0.01357, -0.03883, -0.01358, -0.02706, -0.00455, 0.00924, 0.00586, 0.00109, 0.00934, 0.01129, 0.00012, 0.00546, 0.00189, -0.03267, 0.01268, 0.02901, -0.01379], "insider": null, "factor": true, "inst": null, "short": {"fails": 218639, "prevFails": 485433, "trend": "falling", "level": "moderate"}, "ret": {"1w": -1.38, "1m": -0.59, "3m": 3.42, "6m": 7.6, "12m": 4.95}, "vol": 13.6, "beta": 0.15, "ff": {"MKT": 0.0, "SMB": 0.0, "HML": 0.0, "MOM": 0.0}, "flow": {"net1m": -0.197, "net3m": 0.017, "in": 8625520748, "out": 12846351804, "din": 1236613236, "dout": 0}, "fcf": null, "fcfY": null, "opt": null, "mfi": 50.3, "atr": 0.87, "brk": 0, "hl": 41.0, "vr": 1.09, "jump": 0.25, "pvol": null, "regime": "random-walk", "mb": {"DXY": -0.06, "RATE": -0.12}, "drv": "RATE", "ema21d": 0.31, "ema21sig": 0.08, "ema21sl": -0.13, "touch": {"up": {"d": 2.44, "p": 0.58}, "dn": {"d": 4.43, "p": 0.3}}, "odds": {"ema": 0.94, "emaDir": "lose-support", "hi": 0.58, "lo": 0.3, "mean": 0.75, "meanDir": "down", "beat": null, "drift": {"hi": 0.29, "lo": -0.28}, "tmed": {"hi": 14.2, "lo": 49.3}, "condHi": 0.62, "flip": 0.36}, "ev": 0.08, "z": {"val": 0.36, "mom": -0.04, "risk": -0.64, "size": -1.2, "fcf": 0.0, "flow": -0.74, "disloc": -0.17, "mfi": 0.2, "ema": 0.43, "contra": 1.34}, "disloc": -0.17, "contra": {"s": 0.45, "dir": "up", "conf": ["momentum", "flow"]}, "evPct": 43, "alerts": [], "val": {"pe": null, "fpe": null, "peg": null, "evb": null, "epsg": null, "revg": null, "peSec": null, "evSec": null, "peV": null, "pegV": null, "overall": "n/a", "reason": "No positive trailing earnings \u2014 P/E and PEG not meaningful; judge on EV/EBITDA and cash flow."}, "deps": [{"f": "2s10s slope", "corr": -0.25, "pcorr": -0.23, "sens": -0.48, "sig": false, "stab": "fading", "dir": "against", "lag": 0, "unexp": false}], "macroR2": 7, "secRel": 3.42, "opp": 0.14, "oppPct": 57}