{"t": "XLU", "n": "Utilities", "sec": "Sector", "idx": ["FACTOR"], "mcap": 0, "wr": [0.00429, -0.00049, 0.00159, 0.02901, 0.00948, 0.00481, 0.00993, -0.00347, -0.01033, -0.01818, 0.016, -0.00776, 0.01878, 0.02892, 0.03049, 0.01457, -0.01698, -0.00675, -0.01404, 0.00249, -0.00744, 0.02965, -0.04447, -0.01085, -0.00467, 0.01293, 0.00117, -0.0014, 0.00397, 0.00721, -0.00577, 0.03505, 0.03409, 0.02321, -0.00593, -0.00853, 0.00086, -0.01919, 0.02228, 0.01338, -0.01704, 0.00043, 0.00801, -0.03931, -0.01901, 0.03374, -0.04961, 0.00974, 0.02803, 0.01381], "insider": null, "factor": true, "inst": null, "short": {"fails": 816770, "prevFails": 1615813, "trend": "falling", "level": "elevated"}, "ret": {"1w": 1.38, "1m": 0.02, "3m": -1.86, "6m": 7.44, "12m": 13.56}, "vol": 14.1, "beta": 0.1, "ff": {"MKT": 0.0, "SMB": 0.0, "HML": 0.0, "MOM": 0.0}, "flow": {"net1m": 0.206, "net3m": 0.214, "in": 11283338180, "out": 7424653157, "din": 881735007, "dout": 0}, "fcf": null, "fcfY": null, "opt": null, "mfi": 78.1, "atr": 0.74, "brk": 0, "hl": 25.2, "vr": 0.88, "jump": 0.0, "pvol": null, "regime": "random-walk", "mb": {"RATE": -0.18}, "drv": "RATE", "ema21d": 1.64, "ema21sig": 0.39, "ema21sl": 0.45, "touch": {"up": {"d": 5.34, "p": 0.36}, "dn": {"d": 6.73, "p": 0.23}}, "odds": {"ema": 0.7, "emaDir": "lose-support", "hi": 0.36, "lo": 0.23, "mean": 0.97, "meanDir": "down", "beat": null, "drift": {"hi": 0.09, "lo": -0.08}, "tmed": {"hi": 38.4, "lo": 66.6}, "condHi": 0.41, "flip": 0.55}, "ev": 0.28, "z": {"val": -0.08, "mom": -0.07, "risk": -0.74, "size": -1.26, "fcf": 0.0, "flow": 1.04, "disloc": -0.22, "mfi": 1.96, "ema": 1.06, "contra": 1.07}, "disloc": -0.22, "contra": {"s": 0.41, "dir": "up", "conf": ["momentum", "value"]}, "evPct": 52, "alerts": [], "val": {"pe": null, "fpe": null, "peg": null, "evb": null, "epsg": null, "revg": null, "peSec": null, "evSec": null, "peV": null, "pegV": null, "overall": "n/a", "reason": "No positive trailing earnings \u2014 P/E and PEG not meaningful; judge on EV/EBITDA and cash flow."}, "deps": [{"f": "2s10s slope", "corr": -0.35, "pcorr": -0.34, "sens": -0.68, "sig": true, "stab": "fading", "dir": "against", "lag": 0, "unexp": false}], "macroR2": 10, "secRel": -1.86, "opp": 0.26, "oppPct": 66}