{"t": "XLV", "n": "Health Care", "sec": "Sector", "idx": ["FACTOR"], "mcap": 0, "wr": [-0.00892, -0.00915, 0.01505, -0.01526, -0.02742, 0.0213, 0.03159, -0.00385, 0.00336, 0.01666, -0.0161, -0.01983, 0.06755, 0.00698, -0.01297, 0.02614, -0.01191, 0.01137, 0.04659, -0.00864, 0.04114, -0.02785, 0.00522, 0.00571, 0.0099, 0.01463, -0.00854, 0.0097, -0.02496, 0.01115, 0.00141, 0.00646, 0.00102, -0.0223, -0.02436, -0.02364, -0.00185, 0.00734, 0.00341, 0.01011, -0.03105, 0.0068, -0.0115, 0.01122, 0.03301, -0.01368, 0.03254, 0.00157, -0.00025], "insider": null, "factor": true, "inst": null, "short": {"fails": 435119, "prevFails": 254977, "trend": "rising", "level": "moderate"}, "ret": {"1w": -0.03, "1m": 1.98, "3m": 4.69, "6m": 0.05, "12m": 13.26}, "vol": 14.9, "beta": 0.28, "ff": {"MKT": 0.0, "SMB": 0.0, "HML": 0.0, "MOM": 0.0}, "flow": {"net1m": 0.054, "net3m": 0.055, "in": 17892352736, "out": 16054820509, "din": 1401486729, "dout": 0}, "fcf": null, "fcfY": null, "opt": null, "mfi": 60.9, "atr": 0.94, "brk": 0, "hl": 43.1, "vr": 0.9, "jump": 0.05, "pvol": null, "regime": "random-walk", "mb": {"MKT": 0.06, "VIX": -0.1, "OIL": -0.08}, "drv": "VIX", "ema21d": 1.34, "ema21sig": 0.31, "ema21sl": 0.2, "touch": {"up": {"d": 1.2, "p": 0.8}, "dn": {"d": 6.98, "p": 0.12}}, "odds": {"ema": 0.76, "emaDir": "lose-support", "hi": 0.8, "lo": 0.12, "mean": 0.43, "meanDir": "down", "beat": null, "drift": {"hi": 0.24, "lo": -0.1}, "tmed": {"hi": 3.0, "lo": 111.9}, "condHi": 0.84, "flip": 0.19}, "ev": 0.11, "z": {"val": -0.12, "mom": -0.44, "risk": -0.46, "size": -1.2, "fcf": 0.0, "flow": 0.38, "disloc": -0.0, "mfi": 0.88, "ema": 0.92, "contra": 1.04}, "disloc": -0.0, "contra": {"s": 0.41, "dir": "up", "conf": ["momentum", "value"]}, "evPct": 44, "alerts": ["breakout odds 80%"], "val": {"pe": null, "fpe": null, "peg": null, "evb": null, "epsg": null, "revg": null, "peSec": null, "evSec": null, "peV": null, "pegV": null, "overall": "n/a", "reason": "No positive trailing earnings \u2014 P/E and PEG not meaningful; judge on EV/EBITDA and cash flow."}, "deps": [{"f": "credit (HYG)", "corr": 0.26, "pcorr": 0.15, "sens": 0.54, "sig": false, "stab": "stable", "dir": "with", "lag": 0, "unexp": false}], "macroR2": 10, "secRel": 4.69, "opp": 0.21, "oppPct": 62}