{"t": "XOM", "n": "Exxon Mobil", "sec": "Energy", "idx": ["SPX"], "mcap": 579173482496, "wr": [0.00831, 0.04174, -0.0138, -0.02049, 0.01792, -0.04817, 0.01023, 0.01803, 0.03888, -0.0031, -0.00231, 0.01596, 0.01457, -0.0372, 0.01456, -0.0201, 0.04826, -0.01112, -0.00166, 0.03747, -0.00628, -0.0094, 0.00535, 0.01956, -0.01793, 0.03291, 0.00431, 0.04535, 0.05587, 0.02971, 0.07276, 0.054, -0.02304, -0.0161, 0.01495, 0.01837, 0.03016, 0.04597, -0.02865, -0.05091, -0.0398, 0.01687, 0.02579, -0.05355, 0.09976, -0.019, -0.03576, 0.01587, -0.07137, -0.00844], "insider": null, "inst": null, "short": {"fails": 238171, "prevFails": 54650, "trend": "rising", "level": "moderate"}, "ret": {"1w": -0.84, "1m": -9.8, "3m": -11.05, "6m": 19.19, "12m": 33.09}, "vol": 24.8, "beta": -0.7, "ff": {"MKT": 0.0, "SMB": 0.0, "HML": 0.0, "MOM": 0.0}, "flow": {"net1m": -0.236, "net3m": -0.089, "in": 19946040197, "out": 32296991516, "din": 1911821433, "dout": 0}, "fcf": 11630499840, "fcfY": 2.01, "opt": {"pw": 135.0, "cw": 150.0, "pcr": 0.5, "gex": 142.5}, "mfi": 35.2, "atr": 2.77, "brk": 0, "hl": 95.1, "vr": 1.01, "jump": 0.31, "pvol": 21.2, "regime": "random-walk", "mb": {"MKT": -0.25, "VIX": -0.13, "OIL": 0.32}, "drv": "OIL", "ema21d": -4.11, "ema21sig": -0.58, "ema21sl": -2.5, "touch": {"up": {"d": 7.91, "p": 0.01}, "dn": {"d": 0.5, "p": 0.85}}, "odds": {"ema": 0.56, "emaDir": "reclaim", "hi": 0.01, "lo": 0.85, "mean": 0.24, "meanDir": "up", "beat": null, "drift": {"hi": 0.01, "lo": -0.1}, "tmed": {"hi": 252, "lo": 1.7}, "condHi": 0.01, "flip": 0.18}, "ev": -0.95, "z": {"val": -0.44, "mom": 0.57, "risk": -1.83, "size": 0.9, "fcf": -0.1, "flow": -0.92, "disloc": -1.87, "mfi": -0.77, "ema": -0.97, "contra": -0.3}, "disloc": -1.87, "contra": {"s": 0.23, "dir": "down", "conf": ["momentum"]}, "evPct": 13, "alerts": ["breakdown odds 85%"], "val": {"pe": 23.327211, "fpe": 13.034503, "peg": 1.1493, "evb": 11.16, "epsg": -0.434, "revg": 0.026, "peSec": 19.8, "evSec": 10.6, "peV": "supported", "pegV": "supported", "overall": "supported", "reason": "PEG 1.1493 between 1.0 and 2.0 \u2014 multiple roughly fair for the growth rate. P/E 23.327211 broadly in line with sector 19.8 \u2014 supported. Projected multiple: forward P/E 13.034503 vs trailing 23.327211 (-44%) \u2014 market prices multiple COMPRESSION, i.e. earnings expected to grow into the price. Price-to-(adjusted) EBITDA: EV/EBITDA 11.16 vs sector 10.6 (+6%). Earnings growth -43% NOT corroborated by revenue growth 3%."}, "deps": [{"f": "Energy sector", "corr": 0.87, "pcorr": 0.87, "sens": 2.99, "sig": true, "stab": "stable", "dir": "with", "lag": 0, "unexp": false}, {"f": "WTI oil", "corr": 0.46, "pcorr": 0.41, "sens": 1.56, "sig": true, "stab": "stable", "dir": "with", "lag": 0, "unexp": false}, {"f": "S&P 500", "corr": -0.34, "pcorr": -0.34, "sens": -1.16, "sig": true, "stab": "stable", "dir": "against", "lag": 0, "unexp": true}, {"f": "credit (HYG)", "corr": -0.45, "pcorr": -0.32, "sens": -1.54, "sig": true, "stab": "stable", "dir": "against", "lag": 0, "unexp": true}, {"f": "10Y yield", "corr": 0.29, "pcorr": 0.19, "sens": 0.99, "sig": true, "stab": "stable", "dir": "with", "lag": 0, "unexp": false}], "macroR2": 34, "secRel": -5.92, "opp": -0.47, "oppPct": 27}