{
 "alpha": 0.1,
 "calY": [
  -0.5744671730602265,
  -0.32125319330765,
  2.2162220245147317,
  -0.4917142496765376,
  -1.4445049905780474,
  0.3025642482110917,
  0.1565176789378861,
  0.6904918744143833,
  -0.3680628444864771,
  1.4908345729878163,
  0.6235233388976171,
  2.588331106018464,
  0.5924158040271844,
  0.2803876226858968,
  1.4538514288378128,
  0.908145639208895,
  -0.7550845995850984,
  0.8402154805923309,
  -0.6548733155877977,
  1.2649898747652368,
  -0.5625617356651794,
  0.38805695804237533,
  -0.7711253575428706,
  0.3619528789866685,
  1.4288407636208242,
  1.1941749157161214,
  -0.6282846688192218,
  -1.338380056172368,
  0.740835798392658,
  -0.6745635046111472,
  -0.7611856603476701,
  0.7213238838793223,
  -1.2274444185203095,
  0.8392033784675172,
  1.1160393427640252,
  0.045735848560414384,
  -0.8984857541998804,
  -0.20133077476271788,
  1.5469560847976314,
  0.21388239124454192,
  1.2869593951878815,
  0.07645472356695442,
  0.15136969676306386,
  0.21788993198629686,
  0.1552516389654126,
  0.33450843049528295,
  0.8873930946386209,
  1.2337175586386953,
  -0.12918027834183995,
  -0.9405353793595955,
  -0.6535337359090871,
  -0.9285034831443055,
  -2.042781032831889,
  0.019873117562294585,
  -0.7588487725648241,
  1.8720160964850192,
  -0.5487749854348609,
  -1.41401395854569,
  0.41876798353393224,
  0.015656920970308092,
  0.9026342303579074,
  0.18392940036089664,
  1.92611384761201,
  -0.6784643695267312,
  0.2657596471869474,
  -0.4271729263077865,
  -0.47395717375654,
  -1.6595321422338885,
  0.6448938981043908,
  -1.6513022688251526,
  0.3991751569445707,
  0.484474177616433,
  0.4326136273288028,
  -1.5790254620049364,
  0.8485897934799884,
  -0.680291577075354,
  0.42127826341615476,
  -0.3504231769388941,
  2.002688568590081,
  -0.5529693087756138
 ],
 "calQlo": [
  -1.0,
  -1.0025,
  -1.005,
  -1.0075,
  -1.01,
  -1.0125,
  -1.015,
  -1.0175,
  -1.02,
  -1.0225,
  -1.025,
  -1.0275,
  -1.03,
  -1.0325,
  -1.035,
  -1.0375,
  -1.04,
  -1.0425,
  -1.045,
  -1.0475,
  -1.05,
  -1.0525,
  -1.055,
  -1.0575,
  -1.06,
  -1.0625,
  -1.065,
  -1.0675,
  -1.07,
  -1.0725,
  -1.075,
  -1.0775,
  -1.08,
  -1.0825,
  -1.085,
  -1.0875,
  -1.09,
  -1.0925,
  -1.095,
  -1.0975,
  -1.1,
  -1.1025,
  -1.105,
  -1.1075,
  -1.11,
  -1.1125,
  -1.115,
  -1.1175,
  -1.12,
  -1.1225,
  -1.125,
  -1.1275,
  -1.13,
  -1.1325,
  -1.135,
  -1.1375,
  -1.1400000000000001,
  -1.1425,
  -1.145,
  -1.1475,
  -1.15,
  -1.1525,
  -1.155,
  -1.1575,
  -1.16,
  -1.1625,
  -1.165,
  -1.1675,
  -1.17,
  -1.1725,
  -1.175,
  -1.1775,
  -1.18,
  -1.1825,
  -1.185,
  -1.1875,
  -1.19,
  -1.1925,
  -1.195,
  -1.1975
 ],
 "calQhi": [
  1.0,
  1.0025,
  1.005,
  1.0075,
  1.01,
  1.0125,
  1.015,
  1.0175,
  1.02,
  1.0225,
  1.025,
  1.0275,
  1.03,
  1.0325,
  1.035,
  1.0375,
  1.04,
  1.0425,
  1.045,
  1.0475,
  1.05,
  1.0525,
  1.055,
  1.0575,
  1.06,
  1.0625,
  1.065,
  1.0675,
  1.07,
  1.0725,
  1.075,
  1.0775,
  1.08,
  1.0825,
  1.085,
  1.0875,
  1.09,
  1.0925,
  1.095,
  1.0975,
  1.1,
  1.1025,
  1.105,
  1.1075,
  1.11,
  1.1125,
  1.115,
  1.1175,
  1.12,
  1.1225,
  1.125,
  1.1275,
  1.13,
  1.1325,
  1.135,
  1.1375,
  1.1400000000000001,
  1.1425,
  1.145,
  1.1475,
  1.15,
  1.1525,
  1.155,
  1.1575,
  1.16,
  1.1625,
  1.165,
  1.1675,
  1.17,
  1.1725,
  1.175,
  1.1775,
  1.18,
  1.1825,
  1.185,
  1.1875,
  1.19,
  1.1925,
  1.195,
  1.1975
 ],
 "testQlo": [
  -0.8,
  -1.2,
  -0.5,
  -2.0,
  -0.3
 ],
 "testQhi": [
  0.8,
  1.2,
  0.5,
  2.0,
  0.3
 ],
 "testY": [
  0.1,
  -1.5,
  0.0,
  2.4,
  0.31
 ],
 "scores": [
  -0.42553282693977346,
  -0.6812468066923499,
  1.2112220245147318,
  -0.5157857503234624,
  0.43450499057804737,
  -0.7099357517889082,
  -0.8584823210621138,
  -0.32700812558561676,
  -0.6519371555135229,
  0.46833457298781633,
  -0.4014766611023828,
  1.5608311060184639,
  -0.4375841959728156,
  -0.7521123773141032,
  0.4188514288378129,
  -0.12935436079110507,
  -0.2849154004149016,
  -0.20228451940766912,
  -0.3901266844122022,
  0.21748987476523673,
  -0.4874382643348206,
  -0.6644430419576246,
  -0.28387464245712934,
  -0.6955471210133316,
  0.3688407636208242,
  0.13167491571612144,
  -0.4367153311807781,
  0.2708800561723681,
  -0.32916420160734206,
  -0.3979364953888528,
  -0.31381433965232985,
  -0.35617611612067757,
  0.14744441852030943,
  -0.24329662153248277,
  0.031039342764025202,
  -1.0417641514395855,
  -0.19151424580011966,
  -0.8911692252372821,
  0.4519560847976314,
  -0.883617608755458,
  0.1869593951878814,
  -1.0260452764330457,
  -0.9536303032369361,
  -0.8896100680137031,
  -0.9547483610345875,
  -0.777991569504717,
  -0.22760690536137906,
  0.11621755863869532,
  -0.9908197216581601,
  -0.18196462064040453,
  -0.47146626409091286,
  -0.19899651685569442,
  0.912781032831889,
  -1.1126268824377055,
  -0.3761512274351759,
  0.7345160964850193,
  -0.5912250145651392,
  0.2715139585456898,
  -0.7262320164660678,
  -1.1318430790296918,
  -0.24736576964209256,
  -0.9685705996391034,
  0.7711138476120101,
  -0.4790356304732688,
  -0.8942403528130525,
  -0.7353270736922135,
  -0.69104282624346,
  0.49203214223388847,
  -0.5251061018956091,
  0.47880226882515253,
  -0.7758248430554293,
  -0.693025822383567,
  -0.7473863726711971,
  0.3965254620049363,
  -0.33641020652001163,
  -0.507208422924646,
  -0.7687217365838452,
  -0.8420768230611058,
  0.8076885685900808,
  -0.6445306912243862
 ],
 "pad": 0.47880226882515253,
 "lo": [
  -1.2788022688251526,
  -1.6788022688251525,
  -0.9788022688251525,
  -2.4788022688251523,
  -0.7788022688251526
 ],
 "hi": [
  1.2788022688251526,
  1.6788022688251525,
  0.9788022688251525,
  2.4788022688251523,
  0.7788022688251526
 ],
 "coverage": 1.0,
 "intervalScore": 2.877604537650305,
 "pinball": 0.9,
 "gq": [
  -1.644853625133699,
  1.644853625133699
 ],
 "fixture_version": 1
}