{"inputs":{"ema_c":[100.0,101.717679,103.362084,104.863158,106.157145,107.189386,107.916723,108.309395,108.352346,108.045885,107.405675,106.462042,105.258645,103.850556,102.30184,100.682742,99.066599,97.526619,96.132662,94.948173,94.027394,93.412978,93.134119,93.205266,93.62549,94.378524,95.433478,96.746197,98.261198,99.914113,101.634511,103.349,104.984443,106.471181,107.746084,108.755334,109.456782,109.821805,109.836562,109.5026,108.836791,107.870586,106.648635,105.226826,103.669826,102.048245,100.435529,98.904734,97.525317,96.360086,95.462434,94.874,94.622835,94.722172,95.169844,95.948377,97.02576,98.356854,99.885367,101.546339],"ema_N":5,"hv_r":[0.01703094,0.01603708,0.01441804,0.01226425,0.00967674,0.00676261,0.00363205,0.00039648,-0.00283238,-0.00594298,-0.00882451,-0.0113679,-0.0134677,-0.01502525,-0.01595325,-0.01618206,-0.01566699,-0.01439622,-0.01239794,-0.00974503,-0.00655588,-0.00298969,0.00076363,0.00449845,0.00801087,0.01111589,0.01366158,0.0155382,0.01668173,0.01707221,0.01672846,0.01570057,0.01406217,0.01190304,0.00932333,0.00642907,0.00332931,0.00013436,-0.00304517,-0.00609886,-0.0089172,-0.01139258,-0.01342138,-0.01490717,-0.01576541,-0.01592967,-0.01535892,-0.0140451,-0.01201994,-0.00935926,-0.00618311,-0.00265086,0.00104927,0.00471503,0.00814718,0.0111662,0.01362572,0.01542097,0.01649204],"hv_w":10,"ou_x":[0.0,-0.070648,0.449154,-0.353256,-0.012454,0.02749,1.194115,1.308298,0.92293,0.231428,0.637843,0.622377,0.039498,1.154674,1.220515,1.461737,2.487519,2.605194,2.167468,0.025264,0.638594,0.148635,0.455207,1.191518,1.397123,0.89275,-0.998273,-0.976232,0.656227,1.467855,2.983263,2.1716,1.365875,2.09498,2.872913,2.036325,2.97814,2.6617,2.444047,2.244643,1.75474,1.357654,1.105827,1.2743,1.994537,1.105048,0.045536,0.157089,0.280373,-0.780919,-0.55155,-0.499605,1.528318,0.776246,0.47323,0.003576,0.105945,-0.667817,1.382123,1.110495,1.665483,0.690462,-1.186251,0.564704,-0.415205,-1.316372,-1.125106,0.18702,0.410476,-0.259048,0.039855,-0.757327,-0.227744,1.85823,1.834229,-0.330588,1.33677,-1.047137,0.144872,0.997474,-0.441921,-0.778438,-2.052992,-1.341758,-1.534313,-0.084724,0.679999,1.026389,0.178945,0.163863,1.042579,1.764199,1.078557,1.097752,0.489933,-0.127736,0.754925,0.272847,1.932027,0.12165,-1.411446,-2.242871,-2.382416,-0.89585,0.477483,2.501086,2.616986,2.581654,4.010944,2.588786,2.774872,1.97709,2.357485,2.887436,2.79023,-0.130399,0.009482,0.229023,0.521555,0.0269,1.256846,-0.278416,-0.840504,0.19734,-0.098953,-0.431314,-0.047178,0.875374,0.638388,2.576925,2.412818,3.729162,2.59195,1.84017,3.209348,4.276582,3.431503,3.416424,2.717631,3.481439,0.998242],"vr_r":[0.01703094,0.01603708,0.01441804,0.01226425,0.00967674,0.00676261,0.00363205,0.00039648,-0.00283238,-0.00594298,-0.00882451,-0.0113679,-0.0134677,-0.01502525,-0.01595325,-0.01618206,-0.01566699,-0.01439622,-0.01239794,-0.00974503,-0.00655588,-0.00298969,0.00076363,0.00449845,0.00801087,0.01111589,0.01366158,0.0155382,0.01668173,0.01707221,0.01672846,0.01570057,0.01406217,0.01190304,0.00932333,0.00642907,0.00332931,0.00013436,-0.00304517,-0.00609886,-0.0089172,-0.01139258,-0.01342138,-0.01490717,-0.01576541,-0.01592967,-0.01535892,-0.0140451,-0.01201994,-0.00935926,-0.00618311,-0.00265086,0.00104927,0.00471503,0.00814718,0.0111662,0.01362572,0.01542097,0.01649204],"vr_q":4},"expected":{"ema":[100.0,100.57255966666668,101.50240111111113,102.62265340740743,103.80081727160496,104.93034018106998,105.92580112071333,106.7203324138089,107.26433694253927,107.52485296169286,107.4851269744619,107.14409864964128,106.51561409976085,105.62726139984058,104.51878759989373,103.2401057332625,101.848936822175,100.40816421478334,98.98299680985556,97.63805553990372,96.43450169326914,95.4273271288461,94.66292441923073,94.17703827948716,93.99318885299145,94.1216339019943,94.55891526799621,95.28800917866414,96.27907211910943,97.49075241273962,98.87200527515975,100.3643368501065,101.90437223340433,103.42664182226956,104.86645588151305,106.16274858767538,107.26075972511694,108.1144414834113,108.68848165560755,108.95985443707171,108.91883329138115,108.56941752758745,107.9291566850583,107.02837979003888,105.90886186002592,104.62198957335062,103.2265027155671,101.7859131437114,100.36571442914094,99.03050495276062,97.8411479685071,96.85209864567142,96.10901076378094,95.64673117585397,95.48776878390265,95.6413048559351,96.10278990395675,96.85414460263785,97.86455206842524,99.09181437895018],"hv":[0.1286594150422622,0.13814706375672153,0.1428113160276762,0.14253101923653083,0.13731971810011961,0.12732698734138134,0.11288576306779878,0.09463619785954802,0.07385717052662334,0.05355466499345879,0.04178928113601142,0.04944656152470544,0.07081796263193767,0.09559782787371938,0.11891688713454823,0.13819310640471297,0.1517338342964499,0.15844347839822856,0.15779520277947767,0.14984398443260846,0.1352237022070322,0.11513210767406754,0.09137568978625399,0.06674763283713574,0.04673733247034623,0.042238724092620035,0.056049405256743984,0.07654945499959175,0.09680368265103864,0.11424365959790943,0.12774810065559677,0.13675435025262955,0.14097936689577906,0.14031280357111137,0.13477837941582516,0.12453827840126376,0.10994383591229243,0.09166675452176541,0.07105550032274997,0.05132533486671354,0.04100348775459327,0.05011858401945052,0.07173079981197812,0.09613141842553807,0.11882732979018035,0.1373820494099534,0.15018820126268814,0.1562172272512948,0.15499836981505064,0.14663112385201335],"ou":{"phi":0.7270083266355931,"sePhi":0.05827443802081855,"theta":0.31881734809523493,"mu":0.8857714473784793,"muPrice":2.424854317624529,"halfLife":2.1741200242117724,"sigmaX2":1.8545491052796756,"meanRev":true,"z":0.08258851560603188,"last":0.998242},"vr":{"vr":3.7843484231771316,"z":11.431824905653137}}}