{"fixture_version":1,"case":"fib-phase1-2-core","inputs":{"closes_hist":[100.0,99.657252,99.816636,100.170599,99.818152,100.302554,99.849304,99.645337,99.242253,99.685135,99.655455,99.623831,99.727404,99.826394,99.674106,99.369951,99.675137,99.521326,99.089839,99.396781,99.000723,99.281466,99.835652,99.399786,99.854263,99.529047,99.317183,98.810161,98.938138,99.338959,99.561567,99.771378,99.309328,99.142857,98.790827,98.923483,99.470315,99.206742,99.068204,98.579794,98.121775,98.482218,98.098302,98.514297,99.084644,99.493719,99.660071,100.212395,100.281917,99.823495,100.262576,99.789676,99.685763,99.174011,99.794456,99.695259,99.393543,99.223796,99.600296,100.047419,100.458339,100.187292,99.657611,99.489663,99.346429,98.796008,98.475748,98.074195,97.691774,97.270155,97.845506,98.059398,98.591435,99.171653,99.030173,99.255693,99.540952,100.03503,99.982104,100.428134,100.614354,100.357165,99.825638,100.083071,100.123851,100.295193,100.608167,100.334342,100.033112,100.45549,100.719038,101.293309,101.033883,100.775667,100.494669,101.043501,101.25518,100.933656,101.116191,101.539004,101.619867,101.448442,101.382389,101.896331,102.010064,102.002538,102.150006,102.246752,101.835558,102.14219,102.634656,102.516821,102.497676,102.096426,102.229396,102.744729,102.244043,102.219296,102.282419,101.798235],"realized_next":101.417086,"edge":-0.0008453004913446706,"preset":"cadence"},"expected":{"halflife":19.8,"sigmaDaily":0.003122000364468452,"projections":[{"H":1,"projLog":4.622147465557289,"projPrice":101.7122212607861,"muLog":-0.0008453004913446706,"sigmaH":0.003122000364468452,"zEdge":-0.2707560514614451,"capped":false,"source":"fallback","lo":101.39517084222132,"hi":102.0302630576096,"bandMethod":"parametric"},{"H":5,"projLog":4.6190472287710245,"projPrice":101.39737758796475,"muLog":-0.0039455372776087665,"sigmaH":0.006804242045207568,"zEdge":-0.5798643333665249,"capped":false,"source":"fallback","lo":100.70978720661786,"hi":102.08966245378663,"bandMethod":"parametric"},{"H":10,"projLog":4.61573524290086,"projPrice":101.06210641928111,"muLog":-0.007257523147773345,"sigmaH":0.008885368806836512,"zEdge":-0.8167948124099607,"capped":false,"source":"fallback","lo":100.16810995721623,"hi":101.96408176479028,"bandMethod":"parametric"},{"H":21,"projLog":4.61020163152651,"projPrice":100.50441245161315,"muLog":-0.012791134522122844,"sigmaH":0.011265187939406503,"zEdge":-1.1354568242380103,"capped":false,"source":"fallback","lo":99.37856470606164,"hi":101.64301479016882,"bandMethod":"parametric"},{"H":63,"projLog":4.601129080283998,"projPrice":99.59670485757626,"muLog":-0.021863685764635335,"sigmaH":0.024780109672309612,"zEdge":-0.8823078692450979,"capped":false,"source":"fallback","lo":97.1590154319636,"hi":102.09555515137313,"bandMethod":"parametric"}],"score_H1":{"dollarErr":-0.29513526078609686,"pctErr":-0.0029016696039838585,"logErr":-0.0029058876087093566,"zErr":-0.9307774726042062,"dirHit":1,"magRatio":4.437697763651777,"skillVsRW":0.2253420699784433}}}