{"fixture_version":1,"case":"harq-bpq-core","closes":[50.0,51.432163,51.961486,51.855076,53.636161,54.750062,57.865236,60.011744,58.971507,56.900821,56.349617,55.532067,52.716602,53.516549,53.975791,55.222143,56.003095,57.424778,56.69747,54.726199,56.617802,56.410607,57.981501,58.014861,59.511518,61.604245,59.977202,59.264936,61.33893,61.446181,59.474071,60.198953,59.895817,61.600248,63.748675,64.173349,62.518446,61.037179,59.953357,60.759315,61.657603,60.992784,59.631175,57.826893,58.116511,58.447209,59.714127,59.66972,57.974872,59.204667,60.941508,62.342575,61.709834,61.407405,59.950806,59.349401,58.374952,60.200299,59.448254,59.598079,59.424909,60.622774,61.622269,63.416008,61.892794,62.012718,61.366665,61.020018,61.587019,62.208789,63.325729,63.751148,65.080569,65.34327,65.603704,64.128592,64.509449,65.278579,66.001624,67.097549,67.204663,66.080657,64.36565,64.574728,64.547764,65.560153,66.437007,67.772294,67.754407,67.783916,67.578447,68.867124,67.261652,67.776043,65.968171,64.812467,66.38065,65.672018,64.814577,66.401319,64.825379,64.934101,65.49024,66.142442,66.678502,68.058556,66.652625,66.786274,66.556474,67.956833,69.354826,70.727092,71.73954,71.645095,70.592171,71.070394,69.667038,71.324022,69.461389,70.76419,69.911622,70.457844,68.672185,69.431252,70.0868,70.892471,69.482118,68.008801,68.623782,69.382905,70.648073,70.113266,70.089953,68.350931,68.283201,68.806549,67.090022,65.986109,65.764396,66.382774,65.178676,65.786711,65.462249,64.385612,64.487761,63.124666,62.131516,62.755556,62.401133,64.006563,63.571704,64.447603,64.902405,64.758597,66.042475,66.595702,65.346435,66.601536,66.638525,66.933528,66.706477,67.136705,68.751136,67.611602,65.799399,67.615589,67.43772,66.099627,67.799146,68.566718,69.037263,67.272957,66.727974,66.700809,65.494234,67.298719,66.649132,68.36878,70.216619,72.200177,74.082673,74.642846,76.147119,75.307362,74.925391,75.91956,75.263163,76.280178,76.075607,76.029076,76.13599,76.123849,74.307362,74.906494,76.544504,77.194267,78.16965,79.802101,82.031302,81.354101,80.128509],"expected":{"rvForecast":0.00021693710294383084,"volDaily":0.014728784842743505,"volForecastAnn":23.38122108484614,"curVolAnn":24.09676611257593,"cur20VolAnn":22.090090740038008,"r2":0.09601245341898001,"oosR2":-0.31201031904972165,"confQ":1.052795942500102,"n":178,"beta":[4.5457299895489134e-05,0.10217704547534368,-279.03734602974873,-0.10584232214327427,0.8834280769658029,-4.510191403050111e-05],"b1Q":-279.03734602974873,"phvNow":0.5538443951517981,"comp":{"rvD":0.0002304183083667412,"rvW":0.00032860797141414803,"rvM":0.0002414244834717239,"sqrtRQz":8.68609661030112e-05},"labels":["const","RVd","sqrtRQ~*RVd (HARQ)","RVw","RVm","p(high-vol)"]}}