{"fixture_version":1,"case":"intraday-deterministic-core","inputs":{"rets":[0.0012,-0.0008,0.0021,-0.0015,0.0009,0.0003,-0.0011,0.0017,-0.0006,0.0014,0.0002,-0.0019,0.0008,0.0011,-0.0004],"lam":0.85,"mu":0.00022666666666666668},"expected":{"ewma_drift":0.00016627486577949934,"rolling_se":0.00031584605452455815,"realized_quarticity":2.8189199999999996e-10,"signal_q":0.7176491946618334}}