{"fixture_version":1,"case":"macro-tilt-core","w_real":1.0,"rows":[{"betas":{"MKT":1.1,"OIL":0.42,"COPPER":0.31,"GOLD":0.05,"DXY":-0.22,"VIX":-0.18,"RATE":-0.3,"NATGAS":0.12},"moves":{"OIL":0.031,"COPPER":-0.012,"GOLD":0.004,"DXY":0.006,"VIX":-0.02,"RATE":0.008,"NATGAS":0.05,"SILVER":0.01},"rate":{"bMKT":1.0,"bL":-3.2,"bS":1.1,"bC":-0.4,"class":"long-duration"},"ratemove":{"dL":0.015,"dS":-0.006,"dC":0.002},"macroTilt":0.01538,"macroTiltExRate":0.017779999999999997,"rateRealTilt":-0.055400000000000005,"combined":-0.03762000000000001},{"betas":{"MKT":0.9,"RATE":0.55,"DXY":0.1,"GOLD":-0.08},"moves":{"RATE":0.012,"DXY":-0.004,"GOLD":0.006,"OIL":0.02},"rate":null,"ratemove":null,"macroTilt":0.00572,"macroTiltExRate":-0.00088,"rateRealTilt":0.0,"combined":0.00572},{"betas":{"MKT":1.0,"OIL":0.2,"BRENT":0.18,"WHEAT":0.09,"CORN":0.07,"DXY":-0.15},"moves":{"OIL":-0.01,"BRENT":-0.008,"WHEAT":0.02,"CORN":0.015,"DXY":0.003},"rate":{"bMKT":0.8,"bL":-1.0,"bS":0.3,"bC":0.1,"class":"neutral"},"ratemove":{"dL":0.0,"dS":0.0,"dC":0.0},"macroTilt":-0.0010399999999999997,"macroTiltExRate":-0.0010399999999999997,"rateRealTilt":0.0,"combined":-0.0010399999999999997}]}