{"fixture_version":1,"case":"portfolio-core","lam":2.0,"sigma_m":1.2,"mu":[3.0,1.0,-2.0,4.0,0.5],"beta":[1.1,0.8,1.4,0.6,1.0],"sigma_idio":[2.0,1.5,2.5,1.2,1.8],"w":[0.21196732936224272,0.011432506650172397,-0.29279752081039134,1.141869690952893,-0.10581668982913274],"proj":[0.35,0.30000000000000004,0.0,0.35,0.0],"blend":[0.275,0.25,0.1,0.275,0.1],"covDiag":[5.7424,3.1715999999999998,9.0724,1.9584,4.68]}