{"M21": 4.809452397942269, "proj": {"H": 21, "muH": 0.14952869853739437, "sigmaH": 0.10081666528902847, "projCloseFwdH": 231.67671611449003, "pctVsNow": 16.12867975663661, "zEdgeH": 1.4831744147529056, "M": 4.809452397942269}, "path10": 228.50735279376985, "score": {"signedLogError": -0.00927514581953972, "signedZError": -0.09200012510777919, "absZError": 0.09200012510777919}, "prob": 0.6914624612740131, "fixture_version": 1}