{"pred": [-0.00050883, 0.00527871, 0.02669853, 0.02342999, 0.02026249, -0.01769667, -0.02772468, 0.02213544, -0.05207761, 0.01323233, -0.04474056, -0.00980808, -0.00995331, -0.01283196, 0.01188143, 0.01293611, -0.0295019, 0.04966419, 0.02096634, 0.01149081, 0.02982225, 0.0078639, 0.04765857, 0.01486737, 0.0034996, -0.03486564, -0.00073175, 0.01512319, 0.03426488, 0.00233236, 0.03672116, 0.01138173, -0.04380301, 0.02279863, -0.05176958, -0.01639054, -0.0012319, 0.01661349, 0.02609341, -0.00990421, 0.02444214, -0.00396736, 0.06991776, -0.01001802, -0.01011662, 0.0008424, 0.02476281, -0.00082068, 0.01539972, -0.00746884, 0.00595963, 0.01561539, 0.00341103, 0.02732541, 0.00718741, 0.03422047, 0.01321828, 0.06395085, 0.04166753, 0.01089606, 0.00311566, 0.0552841, 0.03335315, -0.01483577, -0.015448, -0.0398256, 0.03854453, 0.04886291, -0.01537014, -0.00523417, 0.00066153, -0.02148985, -0.00428735, 0.03275533, 0.02125496, 0.03238133, 0.01830749, 0.03925514, -0.02151403, -0.0138801, 0.03771543, -0.0621149, 0.01996935, 0.04515045, 0.02434884, 0.01034668, 0.00434541, 0.04704317, 0.02788369, 0.02854462, -0.01750992, 0.0391186, -0.02212025, 0.0259773, 0.00066128, 0.00264941, 0.03535221, -0.03314787, -0.00531306, -0.02148456, -0.00262631, 0.03140319, -0.00788036, -0.01965602, -0.01407204, 0.06545447, 0.00696848, -0.0146547, 0.00673106, -0.01866467, -0.0088353, 0.04211161, 0.01555927, 0.00452647, -0.05257105, 0.04631422, 0.00140067, 0.03721499, 0.03597775, -0.02537181], "real": [-0.01650668, 0.01137355, 0.00980782, 0.02044195, 0.00141512, -0.02277256, -0.03380403, 0.03053965, -0.06874846, -0.01702178, -0.03132307, 0.00211398, -0.01588198, -0.01368855, 0.02370289, -0.01677032, -0.03466237, 0.02937475, 0.02540873, 0.03604529, 0.01603538, -0.02208038, 0.03476625, -0.01205978, 0.00517041, -0.03335846, -0.01945771, 0.0136527, 0.02022891, 0.00096923, 0.03700978, -0.00242887, -0.06259389, 0.01519949, -0.06484111, -0.05062897, -0.0130822, 0.01632402, 0.01560805, -0.00848326, 0.01048782, -0.03897211, 0.07159429, -0.00772742, -0.00440476, -0.00696977, 0.03362866, 0.00495948, 0.00523224, -0.01117953, -0.01135243, 0.00574665, -0.00117389, 0.00297545, -0.01753438, 0.03203893, 0.01605838, 0.05027511, 0.01943772, 0.00705323, -0.00145256, 0.03048968, 0.00242696, -0.02793021, -0.022966, -0.06378914, 0.04076207, 0.04391698, -0.04031252, -0.02916049, -0.02392081, -0.01929645, 0.01373088, 0.00951976, 0.00860896, 0.01667143, 0.01249077, 0.0162103, -0.04774605, -0.01923994, 0.01722901, -0.05542628, 0.04131667, 0.03745943, 0.00455492, 0.01070096, -0.00934919, 0.03871249, 0.0200138, 0.00618151, -0.04493421, 0.03303608, -0.02502723, 0.01832545, -0.00911567, 0.00958861, 0.04940041, -0.04664284, -0.00535855, -0.02977443, -0.0243264, 0.00893564, -0.02469705, -0.03601552, -0.02272266, 0.05670647, -0.00385406, -0.02071613, 0.01635102, -0.04185484, 4.416e-05, 0.02515393, 0.00011604, -0.01226059, -0.07146664, 0.02943643, -0.00138471, 0.03545597, 0.05103257, -0.0336574], "mz": {"alpha": -0.008886967031054236, "beta": 0.9821478416889904, "r2": 0.8170603257676697, "n": 120}, "learn": {"alpha": -0.008887, "beta": 0.9821, "r2": 0.8171, "skill": 0.7202, "theilU2": 0.5289, "bias": -0.009027, "mae": 0.012661, "n": 120, "applied": true, "wAlpha": -0.008079, "wBeta": 0.9838, "shrink": 0.909}, "skill": 0.7202451872255133, "u2": 0.5289185313207381, "bias": -0.009026591583333337, "recal": 0.040220425053395285, "fixture_version": 1}